range_km,range_miles,battery_kwh,battery_wh,charge_time_min,charge_time_hours,production_year,num_recalls,is_premium
407.32,,73.71,,8.0,,2021,2,1
372.4,,72.12,,20.25,,2019,0,0
415.62,,67.69,,103.07,,2023,3,1
463.77,,71.97,,123.98,,2024,1,0
367.12,,76.91,,8.0,,2024,2,1
367.12,,70.74,,8.0,,2020,0,0
466.86,,76.2,,8.0,,2023,1,0
422.21,,63.63,,85.26,,2022,1,0
354.18,,65.96,,8.0,,2020,3,0
409.84,,64.66,,8.0,,2024,1,0
354.51,,66.35,,10.85,,2023,3,0
354.38,,84.87,,104.66,,2024,4,0
393.31,,79.26,,48.95,,2019,3,0
274.77,,61.23,,40.3,,2020,1,0
285.13,,76.37,,64.49,,2024,0,0
349.07,,68.09,,49.64,,2021,1,0
324.29,,65.18,,57.55,,2022,0,0
397.28,,57.14,,8.0,,2023,2,0
330.06,,81.72,,37.42,,2022,1,0
302.32,,58.36,,58.77,,2018,1,0
460.61,,71.48,,35.02,,2023,2,0
367.58,,62.54,,8.0,,2020,1,0
383.71,,79.76,,9.96,,2024,0,0
301.64,,68.66,,138.35,,2023,1,0
350.06,,70.66,,51.23,,2024,0,0
386.1,,70.99,,48.99,,2024,0,0
316.7,,75.03,,45.34,,2019,1,1
400.66,,72.13,,8.0,,2020,2,1
346.96,,71.57,,8.0,,2024,1,1
363.96,,66.82,,24.4,,2024,0,0
,215.56,56.25,,24.68,,2018,3,0
481.88,,60.81,,70.15,,2024,3,0
379.26,,79.18,,8.42,,2022,1,0
321.83,,68.94,,13.51,,2022,1,0
425.24,,65.36,,8.0,,2024,2,0
312.85,,57.94,,21.45,,2021,1,0
391.49,,54.8,,12.42,,2022,1,1
272.22,,64.97,,12.81,,2021,0,1
306.95,,80.88,,12.31,,2019,0,1
390.83,,66.43,,11.06,,2021,3,0
420.62,,76.0,,16.19,,2020,1,0
389.43,,65.97,,32.31,,2022,1,1
373.64,,78.39,,24.18,,2022,1,0
363.44,,68.48,,8.0,,2022,1,0
298.68,,59.68,,23.31,,2020,1,1
340.41,,69.31,,78.65,,2019,0,0
354.66,,90.34,,8.0,,2019,1,1
438.14,,89.9,,121.33,,2019,1,0
398.9,,76.87,,15.5,,2021,2,1
283.03,,70.63,,8.0,,2018,2,0
397.82,,75.04,,12.26,,2019,2,0
358.82,,75.17,,8.0,,2022,2,1
342.77,,71.6,,35.09,,2020,2,1
413.64,,76.41,,15.97,,2021,1,1
436.7,,74.08,,69.07,,2021,1,0
431.22,,68.84,,55.4,,2018,1,1
333.84,,60.05,,26.55,,2020,0,0
362.99,,67.4,,34.54,,2023,1,1
398.22,,80.0,,39.42,,2021,2,1
433.65,,71.69,,13.26,,2020,1,0
353.65,,75.0,,8.0,,2020,1,0
369.79,,69.17,,19.84,,2024,1,1
319.15,,61.4,,8.0,,2020,0,1
314.21,,69.61,,15.88,,2024,0,0
424.69,,61.78,,33.78,,2019,1,1
454.59,,61.14,,32.62,,2024,0,0
376.04,,84.06,,8.0,,2022,1,0
435.19,,67.8,,8.0,,2023,0,1
399.89,,64.59,,8.0,,2020,1,0
344.52,,88.18,,8.0,,2024,0,0
399.88,,80.15,,21.49,,2022,0,0
464.59,,68.28,,20.74,,2023,1,0
378.03,,76.28,,11.62,,2022,4,0
466.06,,69.64,,10.19,,2019,2,1
235.91,,65.07,,21.2,,2024,1,0
425.2,,76.75,,8.0,,2020,0,0
384.79,,68.76,,10.13,,2021,4,0
363.55,,72.75,,21.86,,2023,1,1
385.05,,82.21,,8.0,,2019,3,0
270.68,,81.11,,77.18,,2024,2,0
367.92,,66.5,,47.34,,2019,3,1
399.64,,76.86,,20.29,,2023,0,1
461.28,,60.72,,8.0,,2023,0,1
351.5,,76.5,,9.07,,2023,2,1
335.53,,73.48,,8.0,,2022,2,0
352.4,,75.79,,8.0,,2021,0,0
430.35,,69.03,,23.06,,2024,3,0
398.08,,92.84,,11.84,,2024,2,1
350.86,,62.99,,90.68,,2022,2,1
408.23,,81.72,,136.18,,2020,2,1
385.34,,61.68,,49.38,,2024,3,0
433.28,,77.04,,69.48,,2023,3,1
341.39,,77.76,,12.37,,2020,3,0
361.98,,72.55,,45.94,,2020,1,0
358.43,,67.05,,8.0,,2022,1,1
299.51,,73.41,,135.42,,2022,0,1
396.29,,74.67,,46.59,,2022,1,0
394.36,,89.9,,16.0,,2022,3,0
380.28,,63.28,,62.29,,2020,4,0
367.1,,66.44,,8.0,,2021,1,0
302.15,,74.85,,19.82,,2022,1,0
356.86,,69.44,,94.92,,2019,0,1
361.15,,71.0,,12.83,,2021,0,0
335.87,,82.7,,46.3,,2020,2,0
371.13,,43.8,,18.75,,2020,3,0
402.22,,66.02,,20.92,,2020,3,0
483.74,,54.58,,57.55,,2020,1,1
389.6,,60.04,,101.23,,2020,0,0
394.17,,96.05,,8.0,,2021,3,0
375.91,,77.98,,13.62,,2019,2,1
274.47,,81.52,,28.1,,2024,2,1
378.54,,71.19,,39.96,,2022,1,1
383.31,,79.59,,26.49,,2022,0,1
515.48,,54.33,,68.77,,2020,1,0
369.42,,82.38,,61.38,,2024,0,0
396.59,,63.8,,21.82,,2024,4,0
378.09,,66.69,,8.0,,2018,1,1
315.72,,77.05,,9.08,,2023,1,0
442.86,,75.16,,28.03,,2020,1,0
421.36,,72.85,,110.22,,2022,1,1
423.51,,58.37,,35.21,,2024,1,0
329.98,,73.0,,31.75,,2024,1,1
457.15,,81.61,,54.06,,2020,0,0
302.9,,66.68,,8.0,,2024,1,0
412.28,,85.15,,8.0,,2019,3,1
500.48,,63.27,,17.8,,2024,0,1
325.52,,72.07,,221.31,,2023,0,0
348.85,,87.35,,87.65,,2024,1,1
385.48,,65.19,,47.87,,2021,1,0
352.31,,82.54,,20.84,,2024,1,0
294.71,,91.75,,33.98,,2024,1,0
383.77,,73.71,,15.19,,2021,1,0
321.57,,66.73,,47.12,,2021,1,1
406.05,,64.27,,22.8,,2021,2,0
329.43,,85.05,,8.0,,2022,4,1
465.25,,84.77,,10.17,,2020,0,0
336.92,,86.49,,39.41,,2022,2,0
362.29,,71.67,,49.81,,2019,2,0
424.74,,82.38,,8.0,,2021,2,0
312.3,,71.51,,69.39,,2023,2,0
392.51,,63.17,,73.05,,2022,0,1
451.89,,83.24,,53.93,,2021,0,1
291.59,,88.34,,48.33,,2021,0,1
390.15,,61.79,,11.08,,2021,0,0
394.29,,61.61,,105.88,,2019,2,0
423.0,,72.4,,13.14,,2021,2,1
311.97,,81.56,,8.46,,2023,1,0
307.37,,60.66,,42.74,,2020,0,0
408.71,,74.27,,19.01,,2020,0,0
396.33,,66.1,,113.55,,2024,1,0
393.78,,79.01,,25.9,,2020,0,0
399.05,,64.02,,8.0,,2021,3,0
342.6,,79.72,,132.67,,2022,4,1
392.77,,70.42,,30.43,,2022,2,0
396.12,,62.63,,30.7,,2020,1,0
340.71,,72.64,,20.47,,2022,0,0
482.62,,52.62,,75.93,,2023,1,0
406.06,,66.41,,14.25,,2022,0,0
314.48,,75.37,,8.0,,2024,1,0
416.11,,54.28,,28.88,,2024,1,1
326.39,,46.29,,109.29,,2022,1,1
423.29,,48.61,,13.41,,2024,1,0
443.72,,85.27,,13.01,,2023,0,0
334.86,,71.23,,56.27,,2022,0,0
432.99,,66.68,,62.75,,2024,1,0
402.7,,81.45,,24.02,,2024,1,0
425.21,,67.96,,75.33,,2024,2,1
484.32,,74.68,,8.0,,2023,1,0
366.5,,72.26,,19.21,,2022,3,1
338.54,,67.29,,21.76,,2021,2,1
331.08,,74.94,,15.76,,2022,1,0
335.13,,79.73,,10.31,,2023,3,0
375.76,,70.15,,17.33,,2018,0,0
398.76,,67.39,,8.0,,2021,2,0
395.22,,68.57,,51.04,,2021,2,1
425.5,,49.02,,48.38,,2023,2,1
380.72,,74.83,,25.13,,2023,1,1
459.94,,59.91,,16.38,,2022,0,1
365.44,,78.3,,23.91,,2024,2,0
529.61,,71.1,,115.8,,2022,1,0
414.41,,73.05,,38.86,,2023,2,1
332.86,,79.0,,55.2,,2023,1,0
321.1,,62.73,,10.95,,2024,2,1
406.54,,75.69,,8.0,,2024,3,1
367.71,,74.68,,8.0,,2024,4,0
419.27,,70.15,,26.83,,2021,1,0
406.03,,62.72,,52.97,,2020,4,0
375.99,,77.95,,62.49,,2023,1,0
333.43,,79.03,,53.53,,2024,2,0
296.68,,73.14,,102.44,,2019,3,1
355.44,,61.3,,8.0,,2021,2,0
427.1,,66.73,,81.2,,2024,0,1
391.78,,71.4,,45.39,,2023,1,0
311.48,,78.88,,8.11,,2023,0,1
389.52,,56.17,,48.17,,2022,1,1
401.19,,66.36,,30.11,,2021,0,0
331.39,,67.97,,18.68,,2024,1,0
388.45,,71.17,,11.97,,2022,1,0
383.2,,58.99,,26.2,,2022,0,0
317.14,,69.82,,11.48,,2023,0,1
399.68,,68.9,,8.0,,2020,2,0
410.84,,61.62,,78.61,,2022,0,0
439.57,,70.82,,37.74,,2021,2,0
437.96,,66.59,,18.99,,2018,0,1
304.23,,76.96,,24.86,,2023,0,0
328.42,,63.15,,84.05,,2022,2,0
408.33,,72.9,,16.19,,2024,0,1
408.26,,63.92,,20.09,,2022,0,1
408.33,,66.0,,61.02,,2018,0,1
591.9,,74.97,,9.4,,2022,1,0
411.4,,74.35,,45.22,,2020,1,1
442.46,,67.83,,23.93,,2024,1,0
432.47,,69.31,,29.13,,2022,0,0
415.83,,57.46,,64.93,,2022,1,0
362.66,,86.03,,209.2,,2021,0,1
421.74,,78.87,,74.8,,2022,1,0
337.49,,78.51,,8.0,,2019,1,1
366.97,,56.05,,10.68,,2022,1,0
353.31,,66.05,,22.16,,2023,1,0
384.5,,68.65,,53.35,,2021,0,0
507.31,,52.69,,29.91,,2021,1,0
277.3,,80.9,,97.47,,2024,1,0
417.74,,86.54,,8.0,,2022,2,0
291.3,,92.62,,12.56,,2022,0,0
354.04,,61.54,,10.4,,2021,1,1
439.89,,73.17,,57.26,,2022,1,0
383.54,,85.23,,26.25,,2019,1,0
320.72,,69.46,,8.0,,2022,0,1
340.66,,66.33,,62.36,,2024,0,0
417.38,,53.34,,18.86,,2020,0,0
339.83,,83.33,,12.67,,2023,1,1
391.91,,71.81,,8.47,,2021,2,1
382.51,,64.71,,122.6,,2018,0,1
344.16,,74.84,,119.61,,2024,0,1
497.92,,73.53,,8.0,,2020,1,1
414.87,,73.68,,11.13,,2021,3,1
268.62,,69.83,,43.63,,2022,1,0
390.25,,88.22,,46.62,,2024,3,1
343.6,,70.66,,22.71,,2022,1,1
426.88,,88.19,,35.3,,2024,1,0
336.41,,77.64,,50.94,,2022,1,1
373.69,,75.51,,126.25,,2020,1,0
407.77,,70.87,,54.24,,2022,1,1
427.62,,81.74,,8.0,,2019,0,1
313.98,,73.13,,53.14,,2019,2,1
361.6,,62.68,,8.0,,2019,1,1
353.88,,62.35,,29.32,,2018,1,0
344.07,,76.22,,31.43,,2020,0,1
477.1,,62.93,,63.26,,2021,1,1
402.27,,71.38,,8.0,,2019,0,0
310.65,,82.57,,87.25,,2018,3,1
430.48,,75.04,,45.79,,2019,1,0
496.72,,64.78,,8.0,,2024,1,0
436.79,,86.1,,8.0,,2022,1,0
296.43,,77.48,,8.0,,2022,0,0
353.37,,82.18,,60.99,,2022,1,0
449.68,,49.32,,8.0,,2022,0,0
341.08,,75.31,,8.0,,2019,1,0
404.41,,80.42,,8.0,,2022,1,1
422.6,,89.0,,34.44,,2024,1,0
329.02,,57.36,,28.73,,2022,1,0
376.73,,84.06,,11.87,,2024,1,1
201.73,,88.44,,120.27,,2020,1,0
323.66,,51.83,,81.05,,2024,1,1
366.11,,76.79,,15.86,,2023,0,1
311.37,,78.18,,27.03,,2023,2,0
469.78,,68.73,,30.55,,2022,2,1
301.34,,67.1,,59.27,,2019,3,1
355.8,,78.68,,23.46,,2023,2,0
387.19,,65.85,,33.21,,2021,1,0
459.27,,69.83,,22.34,,2019,0,0
301.03,,80.12,,60.44,,2020,0,0
443.97,,89.54,,34.09,,2022,0,1
380.56,,77.38,,73.88,,2024,0,1
326.02,,73.33,,8.0,,2022,4,1
405.42,,66.84,,98.56,,2020,0,1
390.95,,61.89,,71.88,,2024,3,0
346.99,,83.1,,71.67,,2018,0,0
383.84,,70.47,,8.0,,2019,1,0
358.81,,83.51,,12.84,,2022,2,0
386.24,,68.7,,164.86,,2019,2,1
416.42,,65.51,,126.05,,2022,1,0
467.23,,76.21,,10.79,,2020,1,0
311.92,,71.23,,23.82,,2023,0,1
497.32,,59.94,,8.0,,2019,1,1
272.64,,90.17,,12.8,,2024,0,0
371.65,,65.73,,8.58,,2023,0,1
412.36,,81.28,,8.0,,2024,3,0
395.45,,80.42,,36.38,,2019,0,0
345.75,,59.41,,11.57,,2022,2,0
368.55,,61.98,,204.07,,2023,1,0
352.88,,68.98,,30.43,,2024,1,1
347.58,,63.34,,18.68,,2022,2,1
426.73,,89.26,,102.64,,2024,2,0
399.64,,70.0,,40.72,,2019,1,0
341.89,,80.9,,8.0,,2022,1,1
429.48,,77.14,,28.93,,2021,0,1
396.9,,74.64,,24.43,,2020,0,0
424.71,,72.4,,60.85,,2021,2,0
414.63,,84.37,,49.7,,2023,3,1
334.41,,63.75,,19.46,,2022,0,0
349.19,,89.26,,26.62,,2020,0,0
421.1,,59.13,,30.72,,2018,0,1
413.57,,79.82,,23.06,,2024,1,0
378.85,,57.95,,8.0,,2021,2,0
386.45,,68.84,,99.06,,2019,0,0
450.27,,72.93,,46.89,,2020,1,1
347.46,,67.13,,26.64,,2021,5,1
410.09,,70.18,,35.41,,2020,1,1
368.88,,58.13,,10.07,,2021,5,1
368.03,,62.13,,31.76,,2020,1,0
440.43,,76.98,,57.56,,2022,0,1
425.4,,72.3,,32.04,,2023,3,1
424.74,,65.09,,27.52,,2018,1,1
451.8,,85.24,,26.07,,2020,1,1
381.16,,59.8,,60.22,,2023,0,0
417.51,,68.38,,58.79,,2020,1,0
362.94,,66.94,,58.24,,2023,2,0
397.83,,78.15,,11.87,,2022,3,0
372.84,,72.48,,40.41,,2024,1,1
385.33,,70.92,,63.39,,2018,1,0
412.73,,53.56,,34.66,,2023,1,1
335.0,,80.65,,63.4,,2022,3,1
495.08,,69.82,,80.93,,2022,0,0
324.67,,73.16,,8.02,,2020,1,1
313.22,,64.51,,15.36,,2020,0,0
443.7,,62.94,,38.62,,2023,2,0
423.54,,86.99,,14.37,,2020,1,0
414.33,,54.27,,119.14,,2022,1,0
414.56,,61.46,,9.07,,2020,1,0
379.33,,86.8,,18.54,,2022,1,1
330.65,,78.41,,217.07,,2021,1,1
384.17,,68.75,,8.81,,2021,2,1
342.76,,84.47,,25.02,,2024,3,0
433.63,,76.47,,15.82,,2018,3,0
371.91,,74.33,,69.71,,2024,4,1
334.6,,74.26,,15.23,,2021,1,0
362.32,,76.65,,8.0,,2022,0,0
402.71,,77.06,,113.61,,2020,0,0
349.0,,93.96,,16.04,,2021,2,1
334.78,,70.05,,56.86,,2022,1,1
393.4,,70.36,,14.42,,2023,0,0
393.47,,59.63,,8.26,,2024,0,0
352.12,,71.48,,68.11,,2024,0,0
354.09,,90.63,,8.0,,2021,2,1
392.76,,81.84,,16.94,,2019,1,1
300.36,,66.56,,63.61,,2024,4,0
302.59,,72.3,,30.14,,2018,2,0
340.49,,59.04,,49.13,,2024,1,0
368.26,,62.31,,8.0,,2018,3,0
397.1,,73.49,,58.19,,2024,1,0
461.14,,67.06,,8.0,,2018,0,0
427.17,,61.55,,69.47,,2018,2,0
371.2,,76.9,,34.88,,2022,2,0
378.95,,71.18,,56.44,,2023,2,1
324.86,,56.32,,10.05,,2021,1,1
378.98,,51.25,,21.14,,2023,0,0
364.12,,66.3,,68.03,,2024,1,0
397.75,,56.12,,101.51,,2023,1,1
334.5,,53.31,,10.79,,2024,1,1
408.56,,83.29,,66.23,,2020,0,0
464.3,,71.02,,8.0,,2020,1,0
374.02,,69.35,,23.3,,2022,3,0
402.09,,70.12,,117.28,,2023,1,0
417.96,,60.62,,121.92,,2019,1,0
357.93,,76.11,,14.78,,2020,1,0
392.33,,70.69,,9.0,,2024,1,0
380.69,,64.43,,8.0,,2018,1,0
385.37,,65.92,,27.54,,2022,4,1
,209.7,59.73,,8.0,,2020,0,1
381.35,,67.94,,18.54,,2023,0,0
407.39,,69.6,,8.0,,2024,1,0
459.81,,67.68,,12.61,,2020,3,1
432.76,,72.55,,96.83,,2022,1,1
498.43,,71.21,,24.88,,2024,1,0
337.8,,74.31,,8.0,,2022,1,0
427.98,,81.43,,43.71,,2023,2,1
390.08,,77.93,,130.84,,2022,1,1
500.44,,81.55,,26.15,,2023,2,0
335.54,,63.52,,41.12,,2024,1,0
333.82,,66.91,,105.78,,2021,0,0
347.03,,78.54,,22.81,,2020,2,1
263.19,,78.71,,45.88,,2024,0,1
351.08,,65.21,,24.41,,2019,1,0
338.25,,78.12,,137.49,,2024,1,1
388.27,,62.56,,29.43,,2024,1,0
398.8,,76.81,,91.08,,2020,4,1
483.19,,71.74,,29.72,,2022,3,1
432.27,,58.16,,46.36,,2019,2,0
348.27,,67.66,,20.5,,2021,2,1
330.59,,93.82,,104.82,,2022,1,1
407.06,,74.03,,43.73,,2022,2,0
307.39,,95.0,,8.0,,2019,1,0
480.73,,57.56,,8.0,,2022,1,1
444.87,,79.51,,47.36,,2023,1,0
354.2,,46.66,,8.0,,2022,2,1
285.78,,72.0,,52.89,,2024,1,0
454.46,,78.31,,16.32,,2024,4,1
373.7,,80.38,,32.52,,2024,0,0
448.08,,64.01,,8.05,,2018,2,0
292.31,,82.39,,11.87,,2020,0,1
347.03,,66.66,,24.12,,2019,2,0
380.29,,70.36,,45.99,,2022,0,1
382.58,,67.67,,8.0,,2023,2,0
355.25,,60.64,,13.87,,2018,1,1
414.26,,87.7,,9.74,,2021,1,0
321.28,,72.48,,83.39,,2019,1,0
372.17,,82.87,,43.85,,2022,0,1
386.62,,82.45,,26.55,,2024,2,1
408.29,,62.32,,123.33,,2022,1,0
419.14,,84.16,,55.91,,2023,1,0
318.14,,77.03,,113.05,,2021,2,0
295.62,,61.59,,38.23,,2023,2,0
450.27,,76.49,,8.0,,2023,1,0
398.28,,61.77,,47.26,,2020,2,1
338.83,,88.06,,9.45,,2023,5,1
465.31,,80.14,,17.83,,2021,2,1
386.36,,71.29,,29.93,,2024,0,0
444.86,,84.65,,8.0,,2020,0,0
383.71,,56.18,,8.0,,2024,1,0
493.34,,64.51,,16.64,,2022,2,1
476.54,,69.48,,73.04,,2021,2,0
366.31,,94.36,,8.0,,2021,2,0
433.44,,61.3,,8.0,,2018,1,0
415.5,,54.93,,69.06,,2024,1,0
455.27,,57.56,,15.33,,2020,1,0
326.93,,81.06,,116.93,,2024,1,1
417.73,,66.06,,20.09,,2024,0,1
438.21,,70.41,,66.91,,2021,0,1
283.27,,79.63,,12.58,,2020,0,0
314.92,,70.42,,8.0,,2022,1,1
267.84,,74.04,,89.6,,2024,2,1
365.18,,77.35,,110.1,,2024,0,0
419.46,,67.69,,51.72,,2022,0,0
462.63,,70.34,,61.74,,2022,2,1
384.08,,74.42,,8.0,,2022,0,1
469.57,,80.68,,58.87,,2024,1,0
304.09,,64.08,,26.84,,2024,3,0
286.31,,41.79,,25.32,,2021,0,1
376.94,,78.8,,32.62,,2024,1,1
401.12,,81.28,,13.29,,2024,1,1
378.2,,74.0,,50.05,,2022,2,1
266.29,,74.68,,14.72,,2022,1,0
375.1,,66.36,,34.35,,2024,2,0
308.25,,77.0,,8.0,,2024,1,1
416.83,,80.53,,47.21,,2022,1,0
400.16,,72.56,,8.83,,2022,2,1
328.31,,96.91,,8.0,,2021,0,0
351.74,,56.36,,8.0,,2020,0,0
321.74,,73.63,,8.0,,2024,1,0
376.55,,60.26,,11.12,,2020,4,0
432.53,,80.8,,10.56,,2024,0,0
325.79,,56.19,,16.67,,2022,0,0
407.72,,58.66,,8.0,,2019,2,1
350.84,,65.67,,114.93,,2021,2,1
336.39,,74.66,,8.0,,2019,1,1
374.11,,66.05,,50.84,,2024,0,1
323.06,,66.15,,32.17,,2021,1,0
349.55,,70.19,,33.8,,2023,2,0
314.12,,69.58,,8.0,,2022,6,1
488.06,,86.87,,11.7,,2023,0,0
381.94,,78.86,,63.57,,2021,0,1
341.52,,68.75,,26.17,,2019,1,1
391.77,,92.97,,25.65,,2024,1,1
373.82,,76.92,,33.16,,2023,1,0
367.85,,62.31,,23.89,,2019,0,0
413.78,,74.57,,68.91,,2023,2,1
421.66,,77.36,,58.01,,2022,2,1
350.82,,65.12,,16.01,,2020,1,1
348.33,,61.47,,70.21,,2024,2,0
364.87,,72.86,,30.7,,2023,0,0
253.39,,68.4,,41.5,,2022,2,0
296.66,,86.79,,84.47,,2020,2,0
455.18,,79.41,,27.14,,2022,1,0
470.47,,65.59,,59.29,,2020,1,0
366.3,,76.26,,41.54,,2020,0,0
411.71,,84.67,,23.37,,2020,3,1
397.12,,58.06,,65.36,,2023,0,0
549.34,,61.77,,8.0,,2023,1,0
441.58,,71.89,,36.56,,2019,1,0
372.96,,72.36,,8.0,,2023,0,0
327.45,,71.48,,8.0,,2018,1,0
291.65,,68.89,,38.37,,2024,3,0
391.19,,68.74,,15.44,,2023,2,0
338.4,,75.84,,12.79,,2023,3,0
301.78,,83.34,,131.04,,2020,1,1
344.44,,67.19,,19.13,,2024,0,0
320.51,,96.38,,34.94,,2024,1,0
472.79,,91.61,,32.09,,2022,1,1
428.49,,85.29,,8.0,,2018,0,0
379.56,,78.22,,47.11,,2022,2,1
461.4,,92.08,,30.21,,2020,0,0
384.26,,69.1,,20.17,,2022,1,0
332.63,,63.67,,8.0,,2024,0,1
463.77,,66.74,,14.56,,2023,1,0
409.64,,61.97,,90.51,,2021,2,0
322.95,,73.22,,8.01,,2021,0,0
369.53,,75.0,,10.4,,2024,3,1
331.84,,74.01,,9.65,,2019,2,1
303.95,,71.88,,93.01,,2024,0,1
430.94,,73.33,,50.57,,2019,1,1
485.02,,89.36,,89.7,,2022,0,1
303.08,,78.2,,102.92,,2023,3,1
410.96,,81.23,,110.49,,2021,2,0
344.21,,73.91,,27.93,,2022,1,0
353.21,,55.84,,27.16,,2022,1,1
347.42,,53.86,,74.16,,2023,2,1
332.48,,92.83,,16.94,,2020,3,0
382.67,,66.68,,8.0,,2022,0,1
334.3,,65.83,,16.92,,2024,2,1
394.88,,74.46,,52.92,,2020,1,0
377.24,,77.5,,8.0,,2019,2,0
366.86,,78.77,,64.52,,2021,1,1
330.08,,89.74,,70.98,,2021,1,1
348.28,,87.01,,8.0,,2019,2,1
421.55,,63.89,,8.0,,2022,0,0
407.55,,81.69,,9.31,,2022,2,0
326.23,,68.16,,18.51,,2024,1,0
385.46,,70.62,,31.96,,2022,0,1
421.33,,61.06,,27.91,,2024,1,0
288.18,,55.07,,80.58,,2023,2,1
409.88,,71.68,,8.0,,2022,0,1
343.56,,62.44,,50.23,,2022,2,1
411.38,,81.28,,33.43,,2024,0,0
338.02,,69.19,,56.07,,2023,0,1
280.73,,75.09,,17.58,,2023,1,0
290.49,,85.68,,26.77,,2021,1,0
382.64,,57.15,,8.0,,2022,1,0
394.28,,64.75,,8.0,,2023,0,0
330.26,,73.81,,19.74,,2023,0,1
415.12,,75.13,,27.57,,2024,2,1
288.62,,83.03,,8.0,,2024,0,0
376.37,,80.67,,73.2,,2022,1,1
313.39,,72.97,,122.63,,2021,0,0
344.15,,75.03,,38.11,,2019,2,1
382.61,,75.31,,8.0,,2022,3,0
332.68,,57.3,,56.39,,2020,1,0
358.85,,70.44,,10.28,,2018,3,0
435.35,,74.48,,55.56,,2020,0,1
348.27,,76.59,,23.93,,2022,0,1
425.96,,62.76,,8.0,,2024,3,1
317.87,,59.31,,13.72,,2021,3,0
409.14,,69.65,,23.39,,2022,1,0
459.29,,91.67,,55.98,,2021,2,0
244.06,,63.81,,8.0,,2021,0,1
336.17,,83.74,,14.21,,2023,0,0
411.74,,87.85,,8.0,,2022,4,0
368.83,,72.45,,40.18,,2022,2,1
400.41,,65.2,,27.0,,2024,2,1
346.78,,77.13,,111.1,,2021,2,1
384.76,,73.95,,56.67,,2024,3,1
371.44,,63.41,,63.19,,2022,1,0
444.23,,65.41,,8.0,,2022,1,0
393.99,,76.54,,13.02,,2019,1,0
398.57,,81.33,,30.23,,2024,1,0
357.35,,68.77,,8.0,,2021,0,0
353.18,,71.31,,85.73,,2023,0,0
356.21,,78.69,,63.16,,2024,1,1
401.69,,70.28,,8.0,,2022,1,0
356.85,,69.01,,79.41,,2023,2,0
395.94,,64.45,,8.0,,2021,1,0
494.15,,64.27,,8.0,,2023,1,1
427.91,,98.69,,8.0,,2023,0,0
362.07,,70.04,,27.4,,2022,3,0
446.07,,85.65,,64.37,,2023,0,0
357.56,,88.84,,8.26,,2021,1,1
267.9,,70.16,,62.0,,2023,2,0
324.56,,75.68,,8.59,,2023,3,0
277.11,,73.02,,195.73,,2022,2,0
360.67,,55.88,,80.66,,2020,3,0
381.01,,56.48,,56.13,,2024,0,0
472.2,,72.49,,37.62,,2023,0,0
397.98,,67.75,,11.67,,2019,0,1
367.95,,90.92,,8.0,,2022,0,0
425.62,,69.63,,25.9,,2019,0,0
258.39,,91.51,,21.64,,2021,0,1
392.96,,67.24,,47.14,,2022,0,1
422.4,,91.12,,8.0,,2020,0,0
298.68,,77.06,,34.68,,2022,0,0
442.91,,77.63,,49.65,,2023,0,0
398.62,,66.88,,14.92,,2022,1,1
357.16,,77.77,,63.6,,2020,0,1
414.8,,88.93,,23.75,,2022,0,0
504.89,,70.55,,8.0,,2022,2,0
390.0,,68.61,,9.1,,2024,0,1
393.65,,69.53,,13.73,,2022,2,0
354.74,,88.2,,8.0,,2024,1,1
333.26,,80.55,,34.76,,2024,2,1
425.67,,86.48,,125.11,,2022,3,0
332.92,,75.14,,95.09,,2020,0,1
383.94,,72.39,,16.43,,2024,0,0
353.73,,76.24,,84.0,,2024,0,0
406.34,,82.7,,129.34,,2024,1,1
398.35,,69.53,,14.63,,2024,1,0
437.06,,85.69,,98.99,,2021,1,1
351.95,,75.66,,240.0,,2021,1,0
365.16,,47.94,,67.11,,2023,1,1
326.17,,80.83,,20.78,,2022,0,1
355.56,,59.28,,39.39,,2024,0,0
400.75,,80.59,,19.02,,2021,2,0
421.63,,81.02,,231.5,,2023,1,1
329.28,,75.3,,8.0,,2024,2,0
427.83,,77.44,,93.9,,2020,0,0
454.56,,82.99,,8.0,,2021,1,0
402.74,,67.04,,8.0,,2022,1,1
483.22,,79.93,,118.12,,2019,1,0
337.44,,83.63,,84.82,,2020,2,1
311.54,,89.6,,18.85,,2021,1,0
282.17,,60.94,,132.68,,2019,2,1
462.28,,76.09,,83.14,,2021,1,0
415.99,,62.39,,97.55,,2020,2,0
376.94,,61.96,,37.97,,2024,1,0
395.4,,75.59,,133.47,,2023,1,0
318.1,,72.77,,69.66,,2024,1,1
514.52,,83.45,,118.13,,2020,0,1
387.11,,68.54,,13.89,,2019,3,0
386.02,,70.66,,31.9,,2021,0,1
419.92,,74.12,,84.94,,2019,1,0
406.46,,63.38,,36.41,,2024,1,0
392.31,,64.77,,67.83,,2020,4,1
336.52,,83.16,,151.85,,2020,0,0
405.93,,66.51,,68.57,,2023,3,1
483.51,,83.82,,15.91,,2023,2,1
454.0,,78.07,,8.0,,2019,1,1
467.63,,56.52,,13.38,,2022,1,0
351.88,,77.3,,45.66,,2022,1,1
325.57,,77.22,,8.0,,2021,0,0
373.08,,76.23,,8.84,,2019,0,1
383.06,,70.58,,16.63,,2023,2,0
440.18,,62.6,,87.41,,2020,0,0
286.91,,85.46,,8.0,,2022,0,0
464.13,,70.98,,8.0,,2024,1,1
371.31,,63.17,,33.7,,2021,1,0
356.52,,76.57,,8.22,,2018,0,0
324.33,,64.57,,11.65,,2024,2,0
288.98,,62.51,,8.55,,2022,1,0
425.27,,68.25,,36.6,,2022,2,0
384.03,,65.35,,8.0,,2022,1,0
309.05,,62.88,,118.16,,2020,1,1
308.77,,80.06,,8.0,,2023,2,1
361.53,,70.86,,127.18,,2020,1,0
471.8,,84.52,,63.24,,2021,1,0
365.72,,63.45,,73.93,,2023,1,1
297.33,,54.72,,8.0,,2023,1,0
366.48,,73.49,,46.52,,2023,1,1
365.0,,90.56,,71.34,,2019,3,1
231.67,,77.31,,34.29,,2023,1,1
377.01,,104.15,,33.64,,2023,0,0
367.3,,75.32,,8.0,,2023,2,1
418.29,,74.36,,22.46,,2024,1,1
481.69,,50.45,,8.0,,2021,0,0
441.96,,76.28,,151.48,,2023,1,0
365.21,,73.69,,48.5,,2022,3,1
319.14,,67.93,,8.0,,2021,1,0
521.53,,70.63,,27.2,,2023,2,0
383.26,,71.32,,42.67,,2022,3,0
380.77,,70.2,,8.0,,2022,0,1
378.67,,92.9,,45.93,,2022,1,0
390.89,,68.29,,8.2,,2022,0,0
372.06,,73.69,,22.01,,2022,1,0
348.45,,67.96,,41.26,,2020,1,0
349.92,,79.83,,19.08,,2020,1,0
378.2,,73.77,,20.14,,2019,1,1
350.11,,69.2,,77.93,,2023,3,0
340.79,,52.74,,15.54,,2023,3,0
385.85,,74.43,,44.72,,2023,1,0
365.98,,68.9,,79.44,,2024,0,1
462.72,,71.39,,8.0,,2021,0,1
234.2,,60.18,,8.0,,2024,0,1
440.03,,86.33,,73.33,,2020,1,0
448.53,,80.57,,33.64,,2019,0,0
265.96,,86.31,,73.86,,2018,0,0
361.15,,83.47,,10.06,,2022,2,1
359.57,,77.92,,75.08,,2023,2,0
302.59,,60.58,,8.0,,2024,1,1
337.22,,90.43,,90.19,,2022,2,0
318.92,,62.72,,72.62,,2019,2,0
476.37,,69.32,,35.19,,2018,2,0
431.46,,79.07,,39.37,,2024,2,0
449.94,,79.57,,17.83,,2019,2,0
419.69,,77.72,,9.46,,2023,2,0
317.9,,68.0,,25.53,,2019,0,0
351.15,,65.93,,45.0,,2020,2,0
406.92,,97.35,,240.0,,2020,1,1
312.78,,71.61,,71.39,,2021,1,1
419.21,,70.38,,23.93,,2022,1,0
366.78,,64.86,,57.11,,2019,1,0
359.38,,74.45,,8.0,,2024,1,0
419.1,,73.98,,22.52,,2018,0,0
404.43,,71.84,,23.24,,2023,0,0
360.15,,75.82,,240.0,,2022,1,1
443.76,,89.64,,20.83,,2019,0,1
320.54,,66.05,,8.0,,2019,2,0
413.88,,72.43,,8.0,,2022,2,0
412.62,,65.52,,50.34,,2021,1,1
362.97,,74.95,,14.33,,2022,2,1
397.94,,66.32,,85.34,,2022,0,1
311.19,,66.75,,27.7,,2022,0,0
430.82,,57.4,,16.84,,2022,2,0
369.83,,72.98,,59.78,,2019,1,0
351.25,,76.3,,22.7,,2023,0,1
437.7,,90.6,,56.16,,2021,1,0
341.26,,76.7,,52.59,,2019,0,0
302.53,,67.5,,53.95,,2019,1,0
294.39,,58.4,,81.72,,2020,2,1
413.33,,59.79,,79.23,,2023,1,0
309.58,,59.04,,45.88,,2022,1,1
476.51,,90.78,,132.12,,2019,2,0
265.49,,74.88,,8.0,,2018,1,1
473.31,,66.17,,111.94,,2018,1,1
391.61,,62.4,,8.0,,2022,0,0
374.68,,63.44,,9.99,,2023,0,1
350.03,,65.91,,71.42,,2022,0,0
401.95,,85.16,,21.49,,2024,1,0
377.93,,71.7,,23.26,,2021,1,0
440.68,,57.53,,12.72,,2020,1,0
386.28,,95.1,,10.68,,2024,2,1
388.27,,60.6,,8.0,,2023,1,0
360.0,,66.09,,9.2,,2022,2,0
376.87,,85.1,,35.13,,2024,0,0
396.93,,76.15,,51.5,,2023,1,1
285.94,,67.3,,56.39,,2022,2,1
305.85,,59.69,,19.41,,2022,3,0
420.88,,62.33,,107.12,,2023,3,1
389.4,,62.94,,16.74,,2022,1,0
369.88,,72.07,,8.0,,2021,1,0
381.01,,73.91,,121.99,,2024,0,0
399.12,,70.51,,32.68,,2024,0,0
350.31,,71.61,,149.25,,2020,1,0
337.19,,61.49,,21.01,,2022,1,0
390.77,,74.93,,59.49,,2023,1,1
326.19,,84.81,,8.0,,2019,1,1
402.45,,70.37,,80.84,,2019,3,1
286.36,,70.18,,8.0,,2022,3,0
436.6,,72.83,,8.0,,2018,1,1
405.99,,83.18,,8.0,,2024,0,0
394.08,,63.05,,34.23,,2024,2,1
434.05,,86.51,,14.5,,2023,1,0
471.6,,76.21,,136.21,,2024,2,0
435.79,,72.29,,80.44,,2023,1,1
278.75,,84.13,,68.3,,2020,1,1
309.62,,60.18,,69.67,,2018,0,1
345.63,,77.22,,92.96,,2024,1,1
381.44,,76.3,,84.17,,2023,0,1
408.47,,62.65,,110.63,,2021,2,0
340.08,,76.61,,114.39,,2023,2,0
390.27,,74.83,,14.88,,2019,0,0
338.45,,70.21,,10.41,,2021,3,0
346.37,,80.63,,43.27,,2021,5,0
302.63,,66.28,,8.0,,2019,0,1
329.22,,74.7,,9.96,,2023,0,0
305.66,,70.68,,62.27,,2023,0,1
326.33,,65.85,,44.01,,2022,0,0
437.95,,77.03,,44.19,,2022,0,0
327.78,,69.92,,126.36,,2023,0,0
524.78,,57.27,,46.26,,2024,0,0
407.13,,53.99,,23.67,,2021,1,0
390.17,,79.89,,13.82,,2021,0,0
332.79,,59.79,,17.36,,2023,1,0
418.52,,74.79,,13.67,,2023,0,0
348.34,,72.55,,8.0,,2022,1,0
386.71,,68.31,,12.74,,2024,2,1
520.8,,91.57,,75.77,,2021,3,0
374.72,,73.8,,54.72,,2023,0,0
443.21,,79.56,,40.84,,2023,0,1
341.33,,74.85,,97.65,,2021,2,0
378.08,,69.68,,12.88,,2018,1,1
477.39,,71.81,,36.2,,2024,0,0
345.52,,86.59,,8.0,,2022,1,0
479.68,,82.88,,93.48,,2019,2,1
418.93,,91.52,,24.94,,2024,2,0
349.06,,74.22,,8.23,,2021,1,0
414.78,,63.23,,11.49,,2022,0,0
433.49,,67.59,,79.19,,2022,2,0
414.2,,60.12,,8.0,,2021,1,1
293.64,,79.67,,108.9,,2020,0,1
340.01,,66.14,,19.64,,2023,1,0
366.39,,41.45,,12.14,,2020,0,0
375.91,,96.64,,16.94,,2023,1,1
414.14,,66.29,,22.09,,2024,3,0
389.77,,66.23,,33.36,,2018,1,0
306.56,,88.72,,37.12,,2023,6,0
400.91,,59.92,,24.94,,2023,0,1
413.58,,83.37,,24.83,,2020,0,0
410.79,,66.13,,14.11,,2023,1,0
439.44,,58.76,,20.34,,2022,1,0
425.87,,89.06,,26.44,,2019,1,1
405.25,,81.23,,38.23,,2022,0,1
376.14,,81.2,,8.0,,2024,1,0
288.65,,75.68,,60.64,,2023,2,0
403.63,,77.99,,47.93,,2021,2,0
391.42,,59.68,,14.91,,2022,1,0
394.94,,73.12,,25.83,,2023,2,1
309.78,,62.71,,123.32,,2020,1,1
320.54,,58.11,,8.0,,2022,1,0
437.92,,76.11,,70.05,,2022,0,0
377.82,,83.58,,30.11,,2021,0,0
417.48,,68.17,,40.51,,2023,0,0
381.56,,69.88,,48.46,,2022,2,0
381.64,,60.62,,25.57,,2023,2,1
431.61,,72.07,,8.95,,2022,2,1
351.62,,79.6,,100.94,,2023,1,1
385.29,,79.92,,56.61,,2023,1,0
354.57,,77.45,,34.44,,2023,1,0
356.1,,65.82,,24.99,,2020,0,1
363.0,,65.5,,29.06,,2024,2,0
392.22,,79.95,,72.86,,2020,0,0
353.67,,80.12,,8.0,,2021,2,0
449.07,,70.28,,84.21,,2024,0,0
330.8,,67.74,,8.0,,2019,1,0
369.72,,83.67,,40.19,,2024,2,0
355.81,,68.4,,17.02,,2022,0,1
459.58,,79.46,,47.63,,2020,2,0
390.81,,70.63,,8.0,,2023,0,0
436.75,,61.52,,34.12,,2021,0,0
298.29,,88.12,,81.17,,2023,1,0
394.69,,73.2,,28.66,,2023,2,0
428.93,,64.89,,8.0,,2022,0,1
384.53,,58.09,,8.0,,2023,1,0
438.6,,59.1,,40.77,,2024,1,0
351.55,,68.27,,8.0,,2022,1,0
457.51,,91.25,,8.0,,2020,1,0
506.44,,66.15,,23.27,,2023,2,0
360.04,,86.47,,9.87,,2022,5,0
355.5,,70.69,,9.59,,2022,3,0
459.94,,60.19,,27.54,,2023,3,0
466.88,,67.27,,13.84,,2023,3,1
351.24,,59.19,,10.4,,2023,1,1
356.89,,63.44,,30.34,,2020,0,0
364.5,,63.14,,14.44,,2023,4,0
306.06,,52.96,,8.0,,2024,2,1
329.47,,87.13,,48.22,,2018,0,1
324.77,,74.11,,37.0,,2021,0,0
337.77,,65.14,,10.01,,2024,0,0
378.09,,74.22,,36.66,,2020,3,1
392.88,,63.65,,130.8,,2020,1,1
465.28,,45.29,,131.65,,2022,0,1
325.09,,101.57,,31.88,,2021,0,0
434.14,,73.9,,8.0,,2023,1,0
368.23,,66.11,,25.74,,2021,3,0
377.28,,52.66,,8.0,,2022,0,0
417.12,,57.06,,22.53,,2024,0,0
318.25,,88.54,,100.86,,2021,3,1
401.03,,87.02,,26.46,,2019,1,1
389.15,,79.53,,33.58,,2023,0,0
407.08,,60.85,,8.0,,2022,2,0
395.9,,87.1,,8.0,,2022,1,1
515.04,,76.5,,210.77,,2024,3,1
344.92,,78.55,,17.34,,2020,1,1
350.8,,76.46,,13.76,,2022,1,0
345.73,,56.93,,35.57,,2020,1,0
349.45,,60.02,,57.45,,2019,0,0
344.94,,66.9,,12.16,,2022,0,1
445.4,,78.44,,31.19,,2024,2,1
458.13,,58.2,,16.99,,2023,2,1
348.61,,70.25,,27.54,,2020,3,0
334.22,,70.23,,8.0,,2022,1,0
405.93,,79.93,,29.97,,2023,0,0
349.63,,78.75,,8.0,,2020,1,0
414.81,,61.9,,76.97,,2020,2,0
391.16,,86.47,,41.49,,2020,0,1
296.63,,60.37,,119.22,,2023,1,1
465.11,,82.92,,38.46,,2018,0,0
478.77,,66.5,,8.45,,2022,2,1
346.3,,73.64,,27.79,,2024,0,1
358.68,,74.26,,45.89,,2023,0,0
395.72,,73.98,,19.69,,2023,0,1
398.4,,78.74,,33.79,,2020,1,0
416.22,,75.91,,8.0,,2024,1,1
490.56,,79.84,,63.05,,2024,2,0
370.27,,76.65,,100.91,,2020,1,0
336.09,,59.36,,15.88,,2024,1,0
304.14,,74.7,,66.22,,2024,2,0
339.8,,66.36,,8.0,,2024,1,0
378.18,,60.91,,11.9,,2021,0,0
478.7,,69.1,,26.03,,2024,2,0
351.53,,73.83,,20.51,,2020,4,1
392.31,,74.5,,40.6,,2020,1,0
379.1,,82.56,,34.77,,2019,0,1
445.36,,85.07,,8.0,,2022,2,0
518.98,,75.36,,8.0,,2018,1,0
350.8,,77.17,,8.0,,2021,3,0
353.08,,72.95,,128.07,,2023,1,0
437.43,,79.67,,43.54,,2019,0,1
417.5,,76.87,,81.27,,2024,2,1
481.57,,71.46,,32.73,,2021,2,0
412.12,,93.52,,9.05,,2018,1,0
360.24,,66.54,,41.37,,2021,3,1
412.49,,86.54,,29.56,,2020,1,0
440.98,,58.46,,22.03,,2023,1,1
425.13,,80.14,,19.53,,2021,1,0
407.9,,86.37,,44.1,,2019,3,0
438.67,,52.93,,40.39,,2022,0,0
444.31,,73.39,,8.0,,2022,2,0
456.02,,79.15,,71.15,,2021,1,1
415.68,,74.52,,42.46,,2021,1,1
370.81,,75.78,,32.23,,2023,3,1
388.07,,73.36,,58.04,,2023,0,1
446.36,,61.06,,8.0,,2020,3,1
335.07,,95.68,,105.93,,2024,0,0
400.28,,66.96,,13.25,,2021,4,0
358.37,,76.34,,12.8,,2022,1,1
381.58,,65.53,,70.85,,2022,1,1
450.31,,49.24,,17.07,,2020,0,1
390.51,,62.75,,74.6,,2021,0,0
382.55,,57.52,,16.7,,2022,2,1
305.21,,82.92,,33.6,,2021,1,1
421.04,,65.93,,11.02,,2021,1,0
415.5,,66.86,,55.23,,2023,0,0
498.98,,61.36,,8.0,,2023,0,0
363.07,,72.94,,96.47,,2024,1,0
392.05,,64.84,,19.52,,2019,1,0
393.72,,81.92,,26.79,,2023,4,1
466.76,,75.02,,8.0,,2024,1,0
374.76,,66.28,,156.28,,2022,1,0
395.35,,80.5,,70.46,,2023,2,0
413.43,,72.08,,24.88,,2024,0,0
390.26,,72.21,,106.22,,2024,1,0
355.45,,57.37,,112.33,,2022,0,1
390.67,,71.29,,31.98,,2023,2,0
439.05,,75.22,,11.19,,2020,1,0
323.54,,85.34,,28.04,,2022,0,0
387.31,,64.48,,16.5,,2023,2,0
341.49,,94.78,,24.96,,2021,2,0
445.73,,77.57,,101.79,,2022,1,0
296.22,,56.81,,13.9,,2020,3,0
349.26,,63.55,,76.7,,2024,0,1
400.75,,86.21,,115.0,,2024,1,1
466.1,,84.43,,68.67,,2022,1,1
376.38,,72.18,,31.47,,2020,2,0
349.46,,73.5,,34.86,,2023,0,0
483.46,,60.35,,71.94,,2020,4,0
300.36,,85.21,,8.0,,2020,1,0
259.07,,62.12,,55.92,,2024,1,0
404.2,,80.45,,31.61,,2019,2,1
352.39,,85.52,,21.25,,2021,1,0
323.83,,72.48,,61.17,,2022,2,1
418.96,,81.68,,13.0,,2019,3,1
393.41,,90.48,,94.87,,2018,0,0
348.98,,74.68,,48.99,,2022,0,1
309.58,,70.25,,39.56,,2019,4,1
427.99,,71.33,,31.1,,2021,0,0
415.76,,64.57,,10.05,,2022,2,0
374.55,,64.34,,40.3,,2021,2,1
481.57,,76.42,,54.21,,2023,1,1
321.15,,70.36,,8.0,,2024,0,0
296.1,,75.28,,19.17,,2023,3,0
341.95,,57.1,,75.04,,2024,0,0
377.49,,71.07,,42.01,,2021,2,0
393.38,,82.3,,40.12,,2021,2,0
366.73,,60.81,,10.9,,2020,1,0
399.36,,72.17,,42.0,,2024,1,0
311.17,,53.45,,64.78,,2021,2,0
459.41,,58.95,,21.58,,2023,1,0
375.48,,80.08,,8.44,,2023,1,0
441.45,,68.91,,8.0,,2019,1,0
398.85,,90.22,,29.59,,2024,1,0
405.12,,76.32,,48.37,,2022,0,0
411.34,,77.31,,8.0,,2020,0,0
404.62,,61.24,,22.98,,2024,0,1
415.35,,68.15,,35.31,,2023,0,0
453.1,,64.67,,8.0,,2023,0,0
390.81,,61.35,,13.21,,2024,0,0
419.0,,78.64,,39.38,,2023,0,0
375.06,,80.65,,54.22,,2019,3,0
459.21,,75.99,,42.44,,2024,2,0
342.8,,63.72,,52.52,,2022,1,0
479.05,,75.31,,36.59,,2021,1,0
377.79,,52.87,,75.89,,2024,3,0
301.31,,85.23,,73.62,,2018,1,1
387.05,,59.02,,66.82,,2023,3,0
342.54,,60.8,,35.98,,2020,1,1
426.24,,73.15,,215.79,,2019,2,0
344.11,,74.04,,8.0,,2021,1,0
355.46,,71.27,,9.14,,2021,2,0
276.08,,60.9,,69.5,,2023,4,0
355.12,,83.33,,73.52,,2022,3,0
246.69,,55.14,,71.73,,2023,0,0
292.89,,57.17,,86.58,,2020,2,0
421.82,,70.93,,23.07,,2024,0,0
423.22,,59.36,,112.8,,2024,0,0
403.4,,84.23,,9.86,,2020,2,0
326.82,,60.22,,116.08,,2022,1,1
377.38,,87.57,,34.17,,2022,0,1
379.8,,82.35,,8.0,,2024,0,1
316.29,,84.35,,55.95,,2024,1,0
462.69,,90.87,,14.73,,2019,3,1
428.25,,72.81,,10.46,,2024,2,0
367.85,,61.87,,8.0,,2019,0,0
381.48,,70.97,,8.0,,2022,1,0
391.46,,66.33,,60.76,,2021,3,0
267.7,,64.91,,27.99,,2021,1,0
366.41,,73.51,,161.72,,2023,3,1
342.49,,68.88,,24.3,,2022,0,0
324.91,,64.48,,77.86,,2020,0,0
364.54,,69.55,,144.69,,2024,1,0
478.87,,77.49,,8.0,,2018,3,1
415.25,,81.56,,8.0,,2021,1,0
348.59,,55.97,,17.96,,2024,2,0
411.49,,68.97,,85.73,,2024,1,0
456.96,,70.59,,76.43,,2023,1,0
430.85,,60.17,,19.19,,2021,2,0
383.28,,70.8,,9.37,,2023,0,0
344.42,,73.48,,68.09,,2023,2,1
418.4,,77.19,,38.16,,2022,0,1
401.64,,72.77,,8.0,,2023,5,1
429.24,,63.19,,68.49,,2022,0,0
414.93,,92.12,,132.12,,2019,2,0
437.73,,80.29,,8.0,,2021,2,0
350.56,,77.53,,14.14,,2023,2,0
452.46,,82.05,,71.9,,2020,3,0
390.87,,74.45,,36.9,,2022,1,0
494.14,,84.86,,190.8,,2022,3,0
342.09,,72.57,,103.78,,2023,0,1
475.48,,72.02,,8.25,,2021,1,0
390.89,,78.35,,47.08,,2022,1,0
344.17,,87.76,,44.49,,2022,2,0
353.39,,87.12,,8.0,,2024,2,0
362.38,,77.93,,8.0,,2022,1,1
403.33,,77.17,,35.39,,2021,0,0
408.76,,78.96,,21.66,,2022,1,0
348.45,,81.86,,33.11,,2019,0,0
378.66,,84.99,,11.46,,2023,3,0
497.82,,69.63,,34.16,,2024,3,0
475.01,,85.18,,20.31,,2022,2,0
404.0,,75.43,,91.78,,2021,1,1
382.09,,78.51,,15.35,,2022,0,1
386.6,,85.82,,85.96,,2024,2,1
413.74,,79.47,,20.76,,2024,1,0
323.75,,81.16,,36.25,,2024,2,1
365.84,,68.11,,14.17,,2022,2,1
288.23,,86.98,,69.55,,2021,1,1
401.96,,78.96,,77.94,,2020,0,1
415.6,,73.26,,69.54,,2024,0,1
353.42,,83.01,,42.89,,2020,1,1
466.57,,97.88,,15.27,,2021,0,0
312.58,,60.31,,42.5,,2023,1,0
299.46,,63.96,,134.68,,2021,0,1
392.34,,98.85,,43.9,,2022,2,0
437.59,,76.27,,131.57,,2023,0,0
472.62,,73.91,,15.26,,2022,4,1
354.76,,70.85,,78.57,,2022,4,1
439.33,,84.08,,53.24,,2019,1,0
377.88,,98.11,,71.84,,2022,1,0
370.51,,65.35,,52.1,,2022,1,0
428.6,,71.03,,27.49,,2024,1,0
415.88,,68.49,,48.73,,2022,0,1
293.3,,79.33,,112.96,,2023,3,0
461.21,,84.22,,22.7,,2023,0,1
455.91,,88.21,,127.31,,2022,3,0
345.59,,79.67,,8.0,,2021,2,0
401.77,,97.19,,8.0,,2024,1,0
407.17,,66.25,,28.59,,2024,2,0
394.34,,63.65,,79.26,,2024,1,1
349.73,,86.69,,11.96,,2021,0,1
343.06,,73.23,,49.66,,2021,0,0
378.59,,58.24,,33.25,,2024,2,0
444.5,,68.84,,14.43,,2019,2,0
409.9,,74.56,,14.14,,2023,0,0
359.62,,65.54,,8.0,,2021,1,0
422.44,,61.85,,32.27,,2023,1,1
223.33,,69.92,,25.12,,2024,0,0
443.18,,61.35,,14.35,,2022,0,1
284.32,,78.35,,147.89,,2020,2,0
360.07,,52.56,,71.67,,2023,1,0
318.42,,72.9,,31.26,,2019,1,0
308.79,,77.2,,30.98,,2018,1,0
443.85,,71.09,,9.04,,2024,1,1
354.28,,82.93,,43.99,,2024,1,1
399.06,,58.29,,128.99,,2022,0,0
377.42,,64.99,,96.0,,2023,2,0
406.24,,68.7,,8.0,,2024,1,1
384.23,,79.13,,8.0,,2019,0,0
309.44,,74.19,,136.52,,2020,1,0
434.79,,93.43,,9.37,,2023,1,1
352.84,,63.94,,33.58,,2021,0,0
294.39,,58.05,,8.0,,2020,2,1
356.45,,89.89,,77.84,,2022,0,0
462.54,,57.69,,8.0,,2023,1,0
426.76,,78.83,,43.35,,2020,3,1
360.82,,62.21,,8.0,,2022,2,0
360.79,,51.31,,8.0,,2022,2,0
362.31,,68.25,,30.14,,2020,1,0
494.22,,80.99,,8.0,,2022,3,1
401.01,,59.78,,9.14,,2024,0,1
403.65,,77.76,,8.0,,2023,0,0
436.67,,79.63,,8.0,,2022,2,1
393.13,,59.28,,148.69,,2019,0,0
365.75,,69.72,,25.12,,2018,2,1
369.2,,87.77,,82.26,,2019,1,1
376.06,,78.51,,18.63,,2023,2,1
377.95,,69.39,,8.0,,2023,2,1
420.02,,76.15,,49.96,,2023,0,0
382.86,,65.15,,8.0,,2021,1,0
420.3,,83.14,,33.8,,2019,1,0
375.56,,83.13,,8.0,,2023,0,0
384.32,,73.21,,46.67,,2024,3,1
270.1,,74.31,,93.75,,2022,1,0
430.4,,62.01,,130.96,,2023,2,1
399.06,,58.48,,31.51,,2023,1,0
434.89,,68.23,,31.95,,2024,1,0
220.71,,71.13,,8.0,,2018,0,0
494.86,,82.63,,61.7,,2024,1,0
372.32,,81.22,,131.39,,2024,1,0
440.95,,73.85,,24.22,,2024,1,0
322.81,,83.91,,66.29,,2024,0,0
413.7,,62.57,,67.07,,2023,1,0
322.06,,82.77,,64.7,,2019,0,0
345.69,,,64095.71,59.71,,2024,0,0
485.27,,84.4,,10.17,,2020,1,1
369.51,,71.87,,58.46,,2023,1,1
391.96,,52.02,,8.0,,2022,1,0
427.85,,79.3,,52.35,,2018,0,0
407.26,,80.1,,8.0,,2022,0,1
388.27,,67.43,,105.47,,2023,1,1
400.07,,68.29,,73.78,,2019,0,1
512.19,,70.4,,48.25,,2018,4,0
376.83,,52.75,,8.0,,2022,1,0
391.06,,48.35,,73.2,,2018,1,1
437.79,,85.02,,87.39,,2024,0,1
440.8,,63.76,,48.92,,2024,1,0
445.29,,90.55,,156.45,,2023,1,0
415.13,,85.7,,8.0,,2018,2,0
317.13,,87.67,,51.8,,2022,1,0
469.84,,65.5,,31.25,,2023,1,1
316.95,,55.92,,8.0,,2022,0,1
396.64,,61.13,,45.11,,2024,1,1
338.51,,67.54,,67.5,,2024,2,1
376.47,,48.27,,8.0,,2021,2,1
398.08,,67.25,,66.25,,2023,2,0
397.67,,69.98,,8.0,,2022,4,0
403.21,,59.06,,37.59,,2024,1,0
468.75,,61.6,,67.28,,2023,2,0
404.94,,69.79,,8.0,,2022,0,0
366.57,,75.56,,35.6,,2022,1,1
433.02,,63.09,,23.23,,2021,0,0
445.42,,74.92,,39.26,,2020,2,0
312.48,,73.37,,23.19,,2021,1,0
412.86,,72.47,,12.13,,2021,0,0
418.56,,65.48,,12.3,,2020,1,0
363.63,,58.67,,84.01,,2024,0,1
455.66,,88.96,,8.0,,2018,1,1
371.75,,78.3,,8.0,,2024,4,0
386.91,,82.06,,8.0,,2019,2,0
370.48,,71.16,,8.0,,2019,4,0
380.86,,70.36,,8.0,,2024,0,0
319.7,,76.91,,8.0,,2024,1,0
300.8,,53.65,,8.99,,2020,4,1
467.7,,60.85,,13.2,,2020,3,1
333.42,,64.02,,8.0,,2020,1,0
325.47,,67.45,,8.0,,2022,3,0
261.56,,63.2,,32.75,,2021,2,1
344.86,,75.33,,53.27,,2021,1,0
307.23,,72.81,,41.78,,2024,2,1
470.31,,85.93,,34.17,,2024,0,0
435.54,,96.74,,24.39,,2024,1,0
342.15,,59.37,,42.21,,2022,2,0
503.88,,73.47,,97.5,,2020,2,1
434.0,,73.46,,41.47,,2022,0,0
362.13,,71.86,,8.0,,2024,1,0
242.53,,61.15,,35.49,,2018,1,0
506.0,,62.83,,31.2,,2024,2,0
303.57,,74.4,,25.26,,2020,1,1
289.5,,62.55,,35.33,,2021,3,0
436.24,,73.59,,46.9,,2021,4,1
514.19,,69.54,,8.0,,2024,2,0
456.14,,73.42,,27.48,,2020,0,0
411.02,,62.47,,71.38,,2020,0,0
412.71,,73.57,,31.78,,2023,2,1
426.94,,63.19,,8.0,,2024,1,1
421.74,,73.61,,62.66,,2019,2,0
395.47,,85.39,,119.11,,2022,0,0
385.73,,74.61,,80.2,,2024,0,1
376.56,,75.22,,18.91,,2024,2,0
338.53,,80.17,,32.14,,2024,0,1
364.56,,57.96,,37.58,,2024,1,1
286.89,,89.19,,52.84,,2021,2,0
374.59,,61.44,,46.07,,2020,1,1
325.63,,80.8,,9.32,,2024,1,1
319.3,,79.47,,77.77,,2023,3,1
389.89,,62.98,,79.45,,2021,0,1
456.56,,82.09,,21.76,,2023,2,1
430.51,,76.98,,8.0,,2021,1,0
293.62,,90.9,,39.39,,2022,0,0
325.57,,73.93,,18.56,,2020,3,0
431.74,,70.91,,56.8,,2022,1,0
325.96,,66.85,,15.93,,2024,0,1
367.65,,54.57,,12.82,,2023,2,1
410.25,,68.82,,84.96,,2023,3,0
326.74,,69.24,,40.18,,2020,4,0
385.8,,74.62,,8.0,,2019,3,0
306.63,,57.77,,49.1,,2023,1,0
346.92,,69.61,,58.69,,2022,2,0
397.59,,77.76,,11.26,,2020,1,0
292.39,,78.76,,144.12,,2024,1,0
404.23,,53.4,,19.6,,2022,0,1
378.92,,79.06,,118.57,,2022,0,1
410.39,,69.53,,14.6,,2021,0,0
392.32,,70.15,,39.46,,2024,0,0
455.03,,48.35,,30.61,,2024,0,0
386.89,,86.94,,203.63,,2023,0,0
356.38,,73.77,,22.04,,2019,2,0
386.73,,56.69,,8.3,,2019,3,0
409.88,,75.75,,75.22,,2022,1,1
382.69,,75.44,,8.0,,2020,4,0
382.23,,84.23,,90.82,,2021,3,0
341.39,,68.9,,8.0,,2020,0,0
343.54,,72.12,,35.64,,2021,1,1
302.86,,65.57,,52.49,,2024,1,0
476.23,,77.98,,17.22,,2023,1,1
311.59,,64.17,,78.23,,2020,0,0
341.89,,63.07,,37.83,,2023,1,1
340.49,,71.32,,21.12,,2018,0,0
429.22,,59.74,,16.53,,2024,3,0
363.78,,88.02,,8.0,,2022,1,0
448.63,,91.27,,42.95,,2022,1,1
342.96,,67.46,,19.01,,2020,1,1
395.34,,58.13,,16.23,,2022,2,0
334.06,,75.37,,125.78,,2022,1,0
497.98,,67.18,,13.38,,2023,2,0
314.68,,83.75,,87.87,,2018,0,1
397.04,,64.13,,154.76,,2021,0,0
414.86,,77.45,,72.67,,2021,0,1
402.76,,73.14,,8.0,,2020,2,0
369.81,,65.24,,85.25,,2020,1,1
372.86,,74.4,,10.08,,2020,5,1
382.41,,80.79,,18.31,,2024,1,0
371.91,,72.87,,200.66,,2023,0,0
433.01,,72.97,,21.8,,2024,2,1
501.58,,63.27,,44.68,,2021,2,0
349.34,,83.44,,15.63,,2024,1,1
304.66,,82.45,,19.37,,2024,1,0
375.14,,67.89,,38.24,,2022,0,1
521.88,,70.76,,124.4,,2023,1,1
335.8,,86.14,,13.94,,2022,2,1
470.15,,60.66,,11.94,,2021,1,0
472.27,,78.04,,8.0,,2021,1,0
349.55,,66.41,,9.48,,2020,0,0
411.29,,89.78,,12.78,,2024,0,0
469.56,,72.63,,8.0,,2022,3,0
359.15,,84.6,,34.83,,2021,2,1
368.8,,64.39,,8.0,,2022,1,0
348.01,,59.51,,30.05,,2019,0,0
324.19,,69.66,,8.8,,2019,0,0
344.29,,74.63,,115.27,,2023,0,1
312.68,,66.89,,15.41,,2024,1,0
381.87,,79.58,,8.0,,2021,1,0
337.65,,69.9,,75.97,,2022,0,0
392.86,,51.19,,21.6,,2021,2,0
294.43,,77.53,,72.05,,2022,2,0
398.2,,63.17,,15.74,,2022,3,0
425.84,,68.38,,29.12,,2021,2,0
270.34,,87.53,,24.76,,2023,0,1
400.57,,89.73,,34.28,,2021,1,0
447.52,,66.25,,21.57,,2024,1,1
313.47,,77.78,,28.84,,2021,0,0
471.99,,66.48,,47.77,,2020,0,1
403.05,,69.13,,22.5,,2024,2,0
341.22,,65.94,,48.44,,2020,2,1
376.93,,54.76,,52.62,,2022,0,1
410.71,,72.95,,58.04,,2021,0,0
384.18,,74.88,,26.74,,2019,2,1
409.63,,65.29,,8.0,,2024,1,0
329.36,,82.88,,58.82,,2021,0,0
389.31,,67.64,,100.71,,2023,1,0
302.25,,65.63,,44.41,,2024,0,1
373.88,,77.27,,31.23,,2022,0,1
330.29,,56.57,,34.44,,2023,0,1
339.55,,81.07,,43.0,,2023,2,1
447.99,,67.98,,240.0,,2021,1,0
440.02,,81.89,,8.0,,2023,3,0
413.5,,84.88,,8.0,,2020,0,1
319.92,,78.4,,139.81,,2019,0,0
362.6,,63.88,,24.39,,2024,3,0
446.72,,59.49,,39.8,,2019,1,0
387.79,,57.66,,58.81,,2022,1,1
507.56,,83.03,,56.92,,2019,0,0
401.63,,70.65,,43.76,,2024,1,0
390.56,,66.01,,26.82,,2019,2,0
363.0,,70.68,,36.04,,2023,1,0
387.34,,82.81,,54.94,,2023,2,0
371.61,,79.79,,79.91,,2018,2,1
418.95,,76.39,,8.0,,2023,0,1
432.62,,78.38,,13.68,,2024,3,0
336.77,,73.8,,21.29,,2022,2,0
306.78,,75.02,,45.99,,2021,1,1
279.01,,74.21,,21.15,,2022,1,0
407.94,,72.0,,11.46,,2019,2,0
319.31,,79.53,,8.0,,2024,0,0
261.59,,75.61,,77.63,,2021,1,0
401.37,,63.19,,22.8,,2022,1,0
517.11,,77.29,,16.77,,2022,0,0
379.67,,74.47,,31.78,,2018,1,0
426.12,,78.11,,8.0,,2018,0,1
384.5,,70.96,,21.27,,2022,1,0
374.56,,80.12,,58.53,,2022,1,0
430.55,,71.39,,55.95,,2024,2,0
364.03,,79.24,,62.07,,2021,1,1
394.71,,67.44,,26.46,,2021,0,0
397.69,,68.13,,19.33,,2024,0,0
343.26,,78.02,,74.78,,2018,1,1
434.56,,68.68,,8.0,,2023,0,1
370.38,,94.06,,54.24,,2019,2,0
338.43,,77.66,,91.93,,2024,2,0
409.51,,72.25,,14.16,,2021,3,0
330.58,,80.2,,9.26,,2024,1,1
381.55,,67.19,,30.18,,2024,2,0
379.5,,81.23,,10.24,,2024,3,0
439.72,,80.95,,85.94,,2022,0,1
406.11,,84.54,,11.77,,2024,1,0
378.62,,67.59,,15.83,,2023,1,0
424.98,,59.77,,92.11,,2023,0,1
456.46,,65.9,,9.67,,2020,1,0
410.68,,69.18,,90.76,,2022,0,0
380.57,,88.67,,9.89,,2022,0,0
307.85,,93.95,,101.98,,2020,1,0
321.42,,75.45,,16.05,,2024,0,1
363.21,,72.09,,11.87,,2019,0,0
346.48,,68.5,,27.24,,2023,1,0
369.72,,80.25,,19.35,,2019,3,1
383.12,,93.89,,9.46,,2019,1,0
409.13,,89.86,,17.35,,2023,0,1
376.12,,83.38,,52.46,,2022,3,1
406.76,,83.23,,74.89,,2018,2,1
383.55,,80.32,,72.2,,2021,0,0
271.35,,71.53,,59.39,,2021,2,0
328.34,,64.63,,8.0,,2024,0,0
372.08,,71.79,,23.36,,2023,1,1
313.47,,76.22,,8.0,,2023,1,1
413.0,,57.46,,8.0,,2024,0,0
464.19,,70.47,,55.92,,2023,1,0
447.03,,63.74,,66.25,,2020,2,1
368.26,,82.14,,70.78,,2024,3,0
461.99,,66.5,,92.82,,2019,2,0
388.18,,75.28,,37.45,,2020,1,0
361.46,,65.0,,240.0,,2021,1,1
346.26,,87.98,,27.77,,2020,0,0
363.36,,54.99,,90.29,,2018,2,0
358.65,,76.76,,8.0,,2022,5,0
389.37,,59.23,,8.0,,2023,1,1
388.83,,66.91,,37.48,,2022,1,0
380.17,,74.06,,8.0,,2020,1,1
404.03,,74.55,,8.0,,2024,1,0
445.49,,74.29,,9.17,,2021,3,0
432.23,,73.52,,65.06,,2024,4,0
298.33,,65.58,,110.19,,2020,1,0
239.53,,70.36,,17.04,,2021,1,0
431.39,,72.32,,154.52,,2024,0,0
304.82,,73.95,,69.65,,2018,2,0
367.64,,71.34,,10.77,,2024,0,0
315.64,,79.3,,37.05,,2021,2,1
280.89,,72.93,,168.25,,2024,1,1
409.78,,74.01,,79.34,,2023,1,0
421.75,,68.17,,18.97,,2024,1,0
348.29,,61.48,,15.36,,2019,0,1
237.49,,73.54,,71.85,,2023,0,1
349.96,,84.07,,33.46,,2024,2,0
401.55,,76.44,,8.0,,2024,2,0
298.66,,63.83,,16.68,,2018,1,0
390.08,,80.15,,45.53,,2019,1,0
379.16,,68.65,,8.0,,2023,2,1
411.86,,79.15,,50.39,,2018,1,0
386.58,,68.31,,51.98,,2018,0,1
326.48,,75.53,,13.26,,2022,0,0
445.81,,66.82,,21.32,,2022,1,0
371.28,,67.07,,115.09,,2023,2,0
378.5,,56.34,,58.09,,2018,1,0
328.67,,77.12,,65.11,,2022,0,1
355.62,,75.7,,30.5,,2021,1,1
331.34,,76.26,,10.07,,2023,0,1
370.49,,74.75,,37.58,,2021,0,0
474.14,,64.38,,62.11,,2021,2,1
304.55,,81.66,,8.0,,2023,1,0
291.25,,81.93,,8.0,,2023,0,0
460.91,,64.12,,27.01,,2019,1,0
368.49,,77.32,,24.14,,2023,1,0
343.2,,80.75,,169.4,,2023,4,0
437.19,,67.3,,8.0,,2022,4,0
346.69,,69.04,,16.43,,2024,2,1
480.43,,77.34,,70.9,,2018,1,1
417.29,,56.9,,39.81,,2024,2,1
353.16,,61.11,,34.64,,2021,2,0
498.65,,62.1,,56.77,,2022,1,1
346.69,,54.04,,8.0,,2018,1,0
420.82,,82.85,,123.76,,2023,1,0
396.46,,52.12,,8.92,,2022,2,1
451.6,,75.43,,8.0,,2024,1,0
465.88,,80.12,,17.39,,2022,0,0
381.76,,69.06,,50.9,,2023,0,0
338.56,,65.32,,11.06,,2019,0,1
405.3,,74.33,,8.0,,2019,3,1
342.73,,72.02,,8.0,,2024,1,1
490.74,,82.04,,12.45,,2021,1,0
387.51,,45.71,,8.0,,2024,2,1
359.91,,62.81,,19.57,,2019,3,0
390.16,,77.62,,8.0,,2023,2,1
305.91,,72.5,,17.73,,2022,1,1
326.56,,79.52,,24.69,,2024,0,0
446.02,,74.62,,56.99,,2022,0,0
343.87,,70.65,,10.84,,2018,2,1
322.42,,68.98,,27.07,,2022,2,1
409.52,,95.25,,70.95,,2024,1,0
445.21,,87.35,,180.43,,2019,1,1
419.54,,76.96,,34.22,,2018,0,0
434.78,,72.78,,23.78,,2024,4,0
338.38,,77.38,,41.93,,2024,4,1
301.8,,80.27,,27.98,,2020,3,0
462.57,,76.19,,8.0,,2023,1,1
362.25,,64.49,,25.84,,2019,0,0
366.2,,89.85,,162.46,,2023,0,0
453.05,,74.46,,42.96,,2021,2,0
410.59,,92.14,,14.0,,2020,0,0
405.07,,73.87,,123.49,,2023,2,0
499.08,,69.54,,20.66,,2024,1,0
344.61,,85.84,,20.77,,2018,1,1
431.03,,75.01,,40.26,,2020,1,0
383.14,,73.33,,35.35,,2021,1,1
394.77,,60.0,,14.41,,2024,3,0
464.07,,78.6,,26.43,,2024,2,0
407.93,,67.07,,16.98,,2024,1,0
409.61,,67.52,,56.22,,2021,1,1
438.99,,67.09,,8.0,,2020,0,1
359.93,,76.39,,58.27,,2020,0,0
333.84,,56.65,,8.0,,2024,1,0
322.54,,69.89,,15.34,,2020,2,0
271.85,,81.8,,17.03,,2022,2,0
493.09,,59.54,,195.18,,2021,0,1
319.32,,73.73,,37.43,,2022,1,0
367.83,,65.69,,63.13,,2021,1,1
364.78,,67.96,,34.04,,2021,0,0
396.91,,88.55,,171.52,,2022,2,1
424.87,,55.5,,8.2,,2021,1,1
427.33,,79.66,,39.0,,2024,1,1
347.93,,67.22,,67.05,,2022,0,0
370.81,,66.72,,41.6,,2020,1,0
395.54,,60.88,,95.44,,2020,1,0
366.32,,79.54,,38.56,,2019,1,0
468.4,,70.09,,73.55,,2021,2,0
407.0,,68.82,,8.12,,2023,0,1
420.42,,73.1,,12.76,,2020,0,0
416.46,,70.3,,24.66,,2019,2,1
444.54,,51.99,,80.13,,2021,2,0
389.96,,67.09,,23.36,,2023,1,1
308.67,,80.95,,41.47,,2022,0,1
401.98,,56.93,,21.16,,2021,1,1
344.18,,61.1,,68.82,,2024,0,0
350.93,,67.73,,9.39,,2022,0,0
412.25,,64.74,,37.84,,2022,1,0
448.11,,71.72,,36.22,,2018,2,0
381.17,,61.07,,21.68,,2023,2,0
396.99,,68.12,,51.29,,2022,0,0
473.62,,71.52,,8.0,,2020,1,0
393.24,,78.49,,77.36,,2020,0,0
523.09,,84.45,,17.96,,2020,0,0
411.1,,69.38,,66.16,,2019,1,0
283.16,,90.88,,15.29,,2022,1,0
421.43,,70.16,,8.74,,2021,1,0
400.96,,80.29,,20.73,,2021,2,1
450.94,,91.32,,67.05,,2021,3,1
417.02,,73.39,,51.06,,2022,0,1
372.38,,58.26,,21.53,,2022,1,1
312.66,,72.91,,116.7,,2023,1,1
368.5,,65.88,,22.07,,2020,2,0
333.22,,69.26,,18.14,,2023,1,0
348.07,,91.85,,8.0,,2018,3,0
412.37,,59.77,,8.0,,2023,2,0
471.84,,75.0,,18.09,,2021,2,0
401.71,,63.22,,8.0,,2021,1,0
314.23,,68.92,,,0.435,2022,0,1
404.45,,79.45,,82.58,,2023,3,1
445.81,,75.18,,27.15,,2022,0,0
346.46,,69.75,,27.51,,2024,1,0
372.63,,65.5,,12.28,,2024,2,0
380.81,,75.16,,8.0,,2020,3,0
336.83,,89.08,,10.56,,2022,0,1
415.66,,62.99,,35.25,,2023,0,0
373.35,,91.12,,37.63,,2020,2,0
403.07,,83.99,,10.45,,2018,1,0
331.19,,85.69,,21.38,,2024,2,1
355.94,,75.08,,35.32,,2024,0,1
419.73,,83.71,,60.02,,2021,3,1
359.49,,61.91,,16.18,,2020,0,1
474.98,,65.32,,13.3,,2020,2,0
358.02,,79.66,,55.06,,2023,1,0
392.36,,74.96,,30.29,,2023,2,0
431.29,,70.52,,81.61,,2022,0,1
301.99,,46.97,,9.95,,2020,0,0
283.16,,67.65,,61.9,,2022,3,1
296.09,,60.26,,8.0,,2022,1,0
449.44,,76.94,,36.91,,2022,2,1
349.65,,70.09,,14.01,,2022,0,0
520.7,,65.72,,8.0,,2018,2,1
348.97,,98.43,,40.28,,2022,1,0
390.15,,82.38,,29.69,,2021,0,0
464.82,,82.56,,27.95,,2022,0,0
490.34,,94.02,,37.71,,2019,2,0
493.38,,80.02,,19.57,,2024,0,0
446.46,,64.29,,46.59,,2024,1,0
436.32,,63.12,,8.0,,2022,0,0
412.59,,81.65,,52.72,,2023,1,0
422.81,,51.41,,36.42,,2022,2,1
349.68,,71.22,,27.99,,2022,1,1
335.0,,50.29,,8.0,,2023,0,0
379.81,,72.99,,13.7,,2021,1,0
370.64,,80.54,,14.7,,2024,0,1
355.07,,74.79,,11.19,,2023,1,0
418.3,,81.38,,129.49,,2024,2,0
432.54,,91.65,,103.85,,2022,2,0
384.86,,70.56,,33.18,,2018,0,0
461.26,,100.08,,9.67,,2021,2,0
317.21,,74.13,,101.67,,2023,1,0
369.35,,81.49,,58.12,,2024,1,0
340.57,,65.89,,8.0,,2023,1,1
277.34,,88.19,,28.34,,2022,2,0
375.45,,82.42,,39.01,,2019,0,0
373.3,,86.71,,8.0,,2020,0,0
463.24,,72.55,,8.0,,2019,4,0
414.69,,59.45,,26.15,,2023,1,0
323.67,,76.6,,8.0,,2024,2,1
481.98,,55.03,,8.0,,2020,3,1
447.16,,68.64,,8.0,,2021,2,0
412.02,,73.91,,101.12,,2022,2,0
367.54,,95.77,,61.05,,2020,1,0
327.23,,75.19,,25.14,,2022,1,0
359.53,,73.4,,27.4,,2024,4,0
439.88,,71.37,,48.65,,2023,0,0
483.65,,58.58,,27.01,,2020,0,1
464.88,,72.86,,8.0,,2019,4,0
353.11,,73.03,,56.37,,2022,2,0
318.42,,62.31,,8.0,,2024,4,0
387.75,,60.13,,27.96,,2023,4,0
282.74,,67.18,,83.09,,2021,2,1
397.77,,72.65,,8.0,,2018,0,0
371.88,,67.42,,51.51,,2022,1,0
354.37,,61.49,,8.0,,2020,2,0
292.29,,74.89,,208.76,,2020,1,0
408.25,,77.39,,48.13,,2020,3,1
350.7,,73.21,,145.88,,2023,4,0
315.65,,66.37,,46.34,,2018,2,1
222.03,,77.95,,11.65,,2022,1,0
378.49,,70.09,,109.56,,2023,1,0
477.47,,60.11,,41.38,,2020,1,0
471.37,,82.36,,36.03,,2024,0,0
354.86,,75.54,,23.54,,2019,0,0
346.88,,70.81,,14.07,,2023,0,1
405.78,,56.29,,31.72,,2020,1,0
325.09,,64.55,,19.14,,2024,1,0
396.6,,92.19,,80.82,,2022,0,1
422.13,,56.92,,8.0,,2022,1,0
447.48,,69.49,,31.72,,2021,2,1
374.49,,71.84,,76.08,,2021,3,0
368.8,,75.2,,8.0,,2022,1,1
331.71,,57.03,,13.93,,2023,1,0
334.52,,73.74,,8.0,,2020,4,0
367.54,,55.14,,37.96,,2024,2,0
400.21,,72.97,,16.0,,2022,1,0
430.25,,65.48,,134.91,,2022,4,0
335.83,,63.34,,40.23,,2018,3,1
462.1,,80.35,,34.65,,2019,0,1
365.09,,69.64,,104.66,,2022,3,0
378.82,,76.74,,10.63,,2024,2,0
338.9,,77.07,,34.7,,2021,3,0
246.67,,84.7,,32.87,,2018,1,0
428.62,,59.92,,8.0,,2022,0,1
420.53,,81.19,,112.94,,2018,3,0
364.53,,72.16,,50.6,,2021,1,1
383.68,,68.22,,91.99,,2021,0,0
408.38,,60.51,,170.0,,2018,1,1
294.06,,78.07,,27.44,,2023,0,0
350.9,,62.78,,68.37,,2024,1,1
423.68,,77.18,,36.19,,2024,1,1
311.01,,91.28,,158.66,,2022,2,0
396.15,,81.8,,11.93,,2021,1,1
305.39,,85.91,,8.0,,2023,2,1
405.65,,64.81,,8.64,,2023,2,0
378.04,,79.63,,8.0,,2021,1,0
291.17,,60.56,,24.12,,2022,2,0
444.06,,69.67,,8.0,,2024,0,0
339.6,,89.41,,10.45,,2020,1,0
335.44,,65.92,,8.0,,2018,0,1
391.03,,83.11,,28.01,,2022,0,0
443.18,,82.16,,13.03,,2023,2,0
324.13,,82.75,,26.74,,2022,0,1
383.39,,59.33,,8.0,,2022,1,0
403.58,,77.25,,30.55,,2021,1,0
418.12,,70.43,,8.0,,2023,2,0
389.7,,82.88,,8.0,,2018,0,1
359.81,,55.45,,15.59,,2020,2,0
334.48,,75.68,,87.14,,2022,2,1
384.74,,74.26,,65.25,,2024,0,1
321.03,,52.1,,134.31,,2023,1,1
219.33,,63.15,,25.9,,2021,1,1
404.01,,53.7,,15.73,,2022,2,0
429.72,,64.74,,148.56,,2024,0,0
250.04,,77.49,,20.2,,2022,1,0
324.46,,73.95,,8.0,,2018,0,0
414.05,,73.69,,72.05,,2022,1,0
493.16,,61.6,,8.0,,2021,1,1
381.14,,83.2,,53.15,,2024,1,0
339.96,,71.81,,8.0,,2021,0,1
369.94,,72.34,,8.0,,2019,1,1
455.62,,81.4,,27.75,,2021,0,1
344.47,,62.09,,8.0,,2018,2,1
336.04,,74.29,,92.19,,2024,2,0
353.45,,76.23,,58.2,,2022,0,0
327.57,,66.54,,16.71,,2022,2,0
386.75,,78.52,,38.22,,2021,1,0
469.36,,76.77,,52.8,,2022,0,0
397.77,,70.99,,59.14,,2023,1,0
366.12,,70.68,,21.15,,2020,0,0
363.95,,77.24,,96.21,,2019,0,0
294.02,,79.88,,119.43,,2022,2,0
428.57,,72.63,,9.15,,2024,0,0
375.72,,83.2,,101.72,,2022,1,0
370.07,,78.59,,52.38,,2023,2,0
555.62,,54.12,,92.0,,2024,0,1
396.43,,57.95,,23.22,,2019,1,0
338.65,,83.82,,45.46,,2022,1,0
356.55,,69.53,,11.27,,2024,3,0
443.16,,73.64,,58.41,,2023,3,1
386.23,,83.39,,36.61,,2022,1,0
300.89,,71.94,,27.54,,2023,0,0
430.56,,72.37,,49.55,,2023,1,0
343.25,,63.31,,33.76,,2022,0,1
483.03,,75.7,,60.89,,2018,1,0
439.4,,77.87,,82.11,,2023,0,0
355.4,,66.22,,67.72,,2020,1,0
450.46,,62.78,,15.43,,2021,1,0
383.73,,98.26,,156.86,,2023,0,1
426.9,,71.07,,44.06,,2022,0,1
406.66,,65.16,,16.41,,2023,0,1
333.45,,79.07,,8.0,,2021,1,0
344.6,,71.49,,186.1,,2024,1,0
436.65,,61.14,,38.38,,2022,1,0
361.59,,76.83,,10.84,,2022,1,0
357.8,,63.47,,28.37,,2019,0,0
327.47,,87.76,,21.28,,2022,1,0
403.3,,76.95,,126.98,,2020,1,0
493.44,,69.23,,28.5,,2023,2,1
321.29,,73.09,,27.84,,2023,1,1
381.33,,81.03,,66.48,,2018,2,0
457.67,,73.86,,20.82,,2022,2,0
375.62,,93.22,,9.19,,2018,1,0
404.88,,83.36,,61.43,,2022,3,1
321.57,,76.88,,101.18,,2024,1,0
403.56,,62.63,,8.0,,2024,2,0
369.71,,70.53,,82.55,,2020,0,1
434.22,,76.79,,24.19,,2020,3,0
445.31,,63.77,,14.33,,2023,2,0
522.43,,84.93,,8.0,,2022,2,0
411.88,,62.26,,9.66,,2022,0,0
397.92,,65.63,,17.0,,2024,2,0
390.69,,66.38,,8.0,,2021,4,0
360.58,,79.44,,8.79,,2020,1,1
398.62,,63.95,,56.07,,2023,2,1
363.75,,54.0,,48.77,,2021,0,0
389.27,,82.88,,61.7,,2022,1,0
452.47,,67.56,,8.0,,2022,1,1
324.64,,61.31,,8.0,,2020,2,0
442.69,,64.45,,26.55,,2019,2,1
452.44,,89.17,,17.63,,2023,2,0
373.51,,65.43,,62.97,,2023,3,0
263.3,,70.77,,32.51,,2022,3,0
346.57,,67.53,,112.4,,2020,2,0
451.33,,59.67,,8.0,,2022,1,0
378.74,,64.57,,18.99,,2020,1,1
325.04,,58.99,,21.82,,2024,1,0
352.24,,81.56,,8.0,,2023,0,0
426.23,,73.01,,36.74,,2018,0,0
410.07,,96.83,,8.0,,2018,0,0
366.86,,64.91,,52.39,,2024,1,0
359.82,,63.41,,8.0,,2018,0,0
358.45,,87.34,,86.83,,2024,5,1
329.27,,82.58,,8.0,,2024,2,0
468.85,,75.85,,25.6,,2021,2,1
362.27,,60.86,,8.0,,2022,1,1
446.94,,89.45,,8.0,,2023,0,0
463.67,,71.28,,53.65,,2022,3,0
434.91,,67.69,,62.51,,2020,0,1
356.26,,83.43,,56.45,,2022,5,0
402.21,,71.78,,21.74,,2021,1,0
378.67,,60.34,,196.86,,2020,1,1
330.3,,72.4,,17.45,,2022,3,0
397.84,,64.19,,11.82,,2021,1,0
315.15,,41.91,,237.57,,2018,0,1
445.32,,63.18,,158.94,,2024,0,0
354.45,,66.72,,37.64,,2018,4,0
391.06,,60.44,,9.85,,2024,3,1
395.58,,77.75,,11.44,,2020,0,0
365.76,,64.23,,30.9,,2020,0,1
412.27,,76.78,,62.86,,2019,0,1
353.88,,59.67,,8.0,,2022,1,0
427.92,,81.09,,48.88,,2022,1,0
305.97,,59.24,,8.0,,2024,4,0
386.95,,48.58,,78.06,,2023,1,0
486.64,,84.37,,31.9,,2020,0,0
324.98,,63.44,,192.15,,2020,2,0
342.72,,89.57,,58.73,,2018,1,0
408.26,,77.65,,28.88,,2023,0,0
389.88,,79.9,,8.0,,2018,2,1
399.28,,82.45,,32.83,,2020,1,0
406.91,,73.13,,8.0,,2023,0,0
414.91,,73.24,,98.93,,2020,1,1
441.03,,84.81,,10.98,,2020,1,0
402.54,,73.11,,84.22,,2020,0,0
366.73,,64.72,,15.22,,2021,2,0
416.99,,77.86,,10.54,,2018,0,0
484.49,,50.86,,15.24,,2023,0,0
372.71,,85.2,,51.64,,2023,1,0
326.4,,85.4,,31.29,,2021,0,0
440.89,,83.98,,8.0,,2023,2,0
373.38,,83.6,,8.0,,2021,1,0
260.5,,71.16,,19.98,,2024,3,0
426.61,,70.93,,17.36,,2021,1,0
350.56,,59.7,,80.17,,2023,1,0
375.02,,89.48,,35.67,,2021,2,0
398.26,,67.15,,8.68,,2022,1,1
390.48,,75.4,,8.0,,2023,2,0
419.02,,74.54,,8.0,,2021,0,0
356.05,,58.6,,50.62,,2023,0,0
408.22,,54.55,,78.87,,2020,2,0
365.72,,72.06,,64.08,,2022,0,0
420.63,,67.46,,65.52,,2021,1,0
413.85,,71.11,,12.7,,2024,0,1
328.55,,82.65,,189.74,,2024,4,0
439.73,,74.25,,8.0,,2022,0,1
350.52,,79.59,,72.28,,2022,1,0
424.44,,76.45,,8.0,,2024,1,1
400.2,,68.84,,13.08,,2023,3,0
481.1,,61.98,,28.73,,2023,2,1
367.71,,74.65,,8.0,,2022,1,0
360.79,,72.84,,21.05,,2024,0,1
378.93,,81.15,,18.1,,2020,2,1
363.33,,70.49,,43.75,,2024,2,0
424.0,,69.03,,53.17,,2022,0,1
291.1,,69.71,,8.0,,2023,2,0
322.05,,62.81,,8.0,,2024,1,0
321.27,,86.47,,62.82,,2022,3,0
432.27,,83.4,,31.53,,2023,0,1
474.08,,59.87,,32.13,,2022,0,0
374.26,,80.04,,165.84,,2024,0,0
370.71,,53.55,,24.18,,2022,1,0
383.85,,81.85,,9.17,,2021,1,1
443.9,,65.04,,47.94,,2022,4,1
329.0,,75.6,,71.02,,2024,1,0
393.11,,52.7,,29.31,,2022,1,0
433.64,,60.01,,49.44,,2020,1,0
407.56,,76.69,,30.3,,2022,0,0
390.43,,64.99,,21.97,,2021,1,1
435.06,,63.6,,8.0,,2023,2,0
231.32,,85.96,,8.02,,2020,3,1
417.28,,94.11,,27.45,,2021,1,1
344.03,,81.37,,21.21,,2022,0,1
279.32,,61.08,,77.73,,2019,2,0
408.12,,89.64,,8.0,,2020,4,0
455.55,,56.39,,8.0,,2024,3,0
372.44,,68.96,,8.0,,2024,1,0
432.41,,72.55,,47.61,,2024,1,0
468.68,,91.24,,37.91,,2024,2,0
452.32,,81.13,,42.01,,2024,0,0
470.2,,67.36,,8.0,,2024,4,0
420.82,,62.55,,30.51,,2023,0,1
384.15,,82.02,,61.3,,2020,1,0
291.89,,66.67,,48.37,,2022,0,1
366.47,,74.17,,24.25,,2021,1,0
333.62,,58.3,,8.0,,2023,1,1
499.4,,77.69,,85.9,,2022,2,1
370.33,,76.89,,31.37,,2021,5,0
386.78,,59.58,,92.58,,2024,0,0
410.33,,82.32,,24.25,,2023,0,0
382.4,,77.55,,11.36,,2021,2,0
473.23,,79.4,,15.43,,2022,2,1
345.75,,68.21,,22.74,,2024,1,0
390.7,,73.79,,40.0,,2023,1,1
339.16,,72.63,,61.53,,2023,0,1
307.4,,70.52,,11.67,,2023,2,0
346.35,,73.71,,8.73,,2019,0,1
377.96,,84.56,,9.51,,2022,1,0
356.39,,82.75,,114.48,,2021,2,0
341.92,,60.18,,8.0,,2019,0,1
302.65,,81.85,,17.82,,2023,2,0
375.43,,83.91,,27.94,,2021,0,0
297.24,,70.49,,34.12,,2021,0,0
421.8,,77.08,,82.01,,2023,1,0
384.53,,76.94,,8.0,,2023,1,0
299.83,,63.5,,8.0,,2022,1,1
362.99,,68.18,,15.98,,2022,0,1
338.63,,79.51,,22.39,,2024,1,0
397.55,,67.04,,19.66,,2019,0,1
453.72,,81.75,,20.89,,2019,2,0
276.87,,85.05,,80.09,,2023,1,0
386.33,,83.44,,76.1,,2023,1,0
371.19,,91.8,,68.77,,2020,3,0
416.92,,71.09,,59.12,,2022,0,1
391.73,,73.77,,8.0,,2023,3,1
338.64,,75.21,,8.0,,2023,3,1
362.45,,71.4,,55.33,,2022,0,1
336.22,,77.42,,37.95,,2020,1,0
439.18,,54.89,,47.07,,2021,2,0
381.17,,74.05,,53.01,,2022,1,0
484.57,,58.23,,101.78,,2023,0,0
376.66,,62.37,,42.35,,2022,3,0
341.04,,79.33,,13.54,,2023,0,0
296.75,,70.01,,8.0,,2024,1,0
280.83,,78.98,,23.76,,2023,0,0
292.87,,69.79,,51.97,,2020,0,1
394.69,,83.06,,13.91,,2020,0,0
407.98,,69.61,,8.0,,2018,1,0
293.03,,52.45,,240.0,,2020,1,0
429.23,,74.25,,22.8,,2021,2,1
353.43,,50.31,,10.24,,2021,0,0
388.07,,57.47,,8.0,,2023,2,0
468.67,,63.17,,83.42,,2020,2,0
429.33,,61.92,,71.93,,2022,1,0
365.23,,66.55,,39.91,,2018,2,1
330.98,,61.58,,33.28,,2021,1,1
261.65,,57.94,,127.05,,2018,1,0
340.45,,87.42,,10.88,,2023,2,1
368.39,,65.22,,22.55,,2021,1,0
325.71,,49.69,,8.0,,2022,1,0
372.78,,68.39,,22.78,,2023,2,0
384.23,,60.75,,20.36,,2024,1,0
367.63,,63.15,,125.4,,2022,1,0
344.25,,79.1,,18.63,,2023,1,0
389.28,,67.52,,75.62,,2023,2,0
404.31,,60.47,,61.11,,2021,2,1
320.03,,76.46,,8.0,,2023,1,0
457.6,,83.5,,138.15,,2023,2,0
374.58,,77.37,,41.87,,2022,1,0
381.04,,47.46,,38.12,,2021,1,0
418.95,,60.85,,8.0,,2024,1,0
392.83,,72.47,,50.46,,2024,0,0
432.42,,69.56,,8.0,,2023,1,0
395.79,,68.73,,8.61,,2021,2,1
346.32,,62.17,,8.0,,2023,0,1
399.88,,57.94,,19.96,,2023,2,0
317.1,,92.08,,66.71,,2022,4,0
385.97,,72.27,,51.61,,2020,1,0
378.17,,78.42,,8.0,,2024,1,1
368.55,,72.06,,67.27,,2020,4,0
372.93,,72.46,,25.95,,2021,3,0
276.5,,71.38,,8.0,,2021,1,1
349.82,,60.8,,10.64,,2020,0,1
385.11,,56.86,,64.6,,2018,1,1
388.79,,75.86,,55.51,,2024,0,0
323.48,,73.88,,8.76,,2023,1,1
449.61,,81.38,,8.0,,2018,2,0
332.36,,79.35,,14.69,,2023,0,0
433.32,,63.91,,66.54,,2019,1,1
403.5,,83.33,,117.05,,2023,0,0
344.46,,79.65,,35.73,,2022,1,0
477.64,,78.91,,8.0,,2024,0,0
314.35,,94.49,,29.29,,2022,0,0
430.55,,92.44,,240.0,,2023,3,1
435.03,,78.9,,117.24,,2018,1,0
343.12,,77.65,,209.68,,2024,4,0
456.59,,82.82,,50.48,,2022,1,0
366.25,,66.16,,23.32,,2021,3,0
395.88,,66.3,,93.92,,2019,1,0
394.32,,78.73,,94.73,,2023,1,0
372.61,,63.44,,8.0,,2023,0,0
424.59,,77.93,,62.72,,2019,1,0
423.64,,73.57,,105.72,,2020,2,1
283.83,,63.44,,96.09,,2021,1,0
451.74,,72.26,,51.53,,2024,2,0
288.56,,85.05,,32.37,,2024,0,0
436.79,,72.82,,62.98,,2023,0,1
441.97,,72.87,,30.49,,2018,3,1
320.0,,75.29,,16.27,,2024,2,0
357.41,,76.59,,12.59,,2018,1,0
319.19,,68.69,,32.67,,2024,1,0
368.18,,75.5,,25.57,,2022,1,0
363.06,,61.51,,31.22,,2023,1,0
422.88,,64.01,,12.69,,2019,2,0
452.07,,65.29,,37.51,,2020,0,1
456.76,,76.7,,45.57,,2022,2,0
349.08,,73.6,,69.06,,2018,1,1
368.49,,70.66,,37.45,,2021,1,0
287.41,,78.91,,59.26,,2023,2,0
335.68,,75.79,,8.0,,2023,0,0
433.07,,69.1,,8.0,,2021,1,1
468.86,,61.65,,8.32,,2018,2,0
312.11,,63.8,,78.65,,2021,0,0
347.41,,57.33,,34.12,,2023,0,1
378.55,,73.41,,25.52,,2021,1,0
395.41,,63.38,,60.32,,2021,1,0
335.47,,67.05,,8.0,,2019,2,0
403.32,,70.72,,8.0,,2023,0,0
353.94,,82.44,,15.64,,2023,1,0
379.21,,81.29,,12.02,,2022,0,0
410.05,,71.45,,15.42,,2023,2,1
380.35,,84.66,,152.6,,2024,1,0
356.0,,51.88,,35.23,,2023,1,0
373.97,,90.77,,37.36,,2022,0,0
375.14,,78.92,,44.78,,2024,1,0
359.65,,73.03,,21.3,,2021,2,0
365.77,,63.09,,162.21,,2023,4,0
467.93,,67.62,,152.11,,2022,3,1
410.85,,78.09,,61.59,,2024,2,0
363.75,,78.32,,9.99,,2022,1,1
418.33,,78.68,,89.12,,2022,2,0
361.64,,64.72,,8.0,,2022,1,0
444.52,,62.7,,41.75,,2020,0,0
400.33,,73.95,,25.66,,2024,2,0
374.1,,79.7,,8.0,,2024,0,0
404.62,,72.03,,98.38,,2023,1,0
293.6,,86.81,,136.36,,2021,0,1
318.03,,72.33,,99.94,,2021,4,1
314.33,,71.99,,8.98,,2018,1,0
387.86,,78.71,,17.01,,2019,2,0
475.29,,84.19,,130.94,,2022,1,0
502.72,,58.51,,8.0,,2018,1,0
415.09,,60.82,,36.77,,2019,0,1
407.55,,68.87,,27.91,,2021,0,1
280.94,,103.59,,8.0,,2021,1,0
350.15,,69.39,,91.42,,2022,1,1
336.67,,70.78,,8.0,,2021,1,1
345.85,,78.18,,37.73,,2024,1,1
370.75,,81.77,,16.09,,2024,4,0
354.04,,73.7,,22.73,,2019,1,1
271.14,,83.64,,9.97,,2024,0,0
421.14,,60.06,,41.16,,2020,0,1
321.0,,64.34,,188.2,,2021,0,1
393.16,,83.62,,75.31,,2024,0,0
494.07,,72.11,,48.28,,2023,1,1
329.43,,59.38,,59.31,,2019,2,1
240.83,,58.77,,76.78,,2023,1,1
364.27,,63.89,,26.87,,2023,1,1
440.55,,72.02,,35.16,,2024,0,1
487.71,,76.67,,94.85,,2024,1,1
312.37,,68.71,,50.0,,2024,1,0
407.32,,75.85,,8.0,,2022,2,1
354.41,,67.63,,63.5,,2023,1,0
374.17,,84.24,,8.0,,2024,1,0
525.44,,97.52,,78.99,,2018,4,1
297.34,,68.07,,65.21,,2023,0,0
393.96,,76.8,,74.61,,2019,1,0
405.72,,75.98,,8.0,,2024,3,1
439.72,,73.39,,150.85,,2018,3,0
385.39,,78.53,,39.99,,2022,2,0
396.94,,76.79,,67.61,,2022,1,0
358.46,,67.29,,35.11,,2021,4,1
394.8,,85.17,,17.44,,2023,0,0
361.12,,74.02,,14.75,,2021,1,0
414.19,,68.15,,8.0,,2021,0,0
359.67,,96.43,,32.84,,2020,1,0
400.74,,70.84,,8.0,,2023,0,0
378.39,,74.55,,35.2,,2020,2,0
441.93,,73.75,,41.19,,2024,0,1
377.17,,70.7,,24.51,,2021,1,0
282.48,,76.49,,8.0,,2022,3,1
449.41,,63.55,,23.81,,2022,0,1
330.18,,77.97,,88.59,,2023,1,0
344.04,,54.42,,25.73,,2020,0,0
347.24,,59.02,,17.63,,2024,0,0
455.59,,90.26,,41.73,,2023,1,0
262.54,,59.44,,40.51,,2021,1,1
552.58,,52.4,,8.0,,2019,1,0
438.08,,59.69,,11.33,,2022,1,0
392.28,,89.4,,28.64,,2024,0,0
376.98,,54.08,,19.16,,2018,2,1
395.71,,62.44,,16.2,,2024,1,0
408.66,,57.42,,24.78,,2023,2,0
415.49,,69.26,,14.4,,2020,1,0
410.56,,67.64,,17.93,,2022,1,1
384.93,,67.19,,62.39,,2023,0,0
369.15,,90.56,,29.98,,2023,0,0
371.68,,60.01,,86.62,,2024,0,0
369.28,,70.98,,124.63,,2024,0,0
442.36,,75.39,,107.19,,2021,1,0
412.65,,62.2,,12.29,,2019,2,0
218.28,,76.87,,26.89,,2019,1,1
416.07,,68.0,,32.16,,2024,2,1
390.71,,75.74,,80.3,,2024,0,0
378.97,,70.92,,34.39,,2024,2,1
358.63,,51.49,,12.23,,2024,4,0
441.83,,85.06,,33.31,,2021,3,0
432.11,,92.7,,8.0,,2024,1,0
337.49,,70.23,,75.46,,2022,0,0
402.39,,63.02,,35.06,,2023,3,1
326.56,,87.06,,44.3,,2023,0,1
304.12,,90.9,,9.42,,2024,2,0
345.53,,70.31,,34.3,,2021,1,1
427.43,,69.81,,31.77,,2024,1,1
432.42,,71.2,,40.6,,2020,0,0
408.22,,55.25,,78.96,,2023,2,1
419.88,,69.09,,60.74,,2024,2,1
408.39,,89.15,,33.25,,2022,1,0
344.72,,70.31,,94.03,,2021,1,0
403.76,,61.6,,18.64,,2022,2,1
424.02,,76.97,,28.49,,2022,2,0
421.49,,65.33,,44.02,,2020,2,0
445.39,,71.34,,24.41,,2023,4,0
418.96,,59.31,,18.84,,2021,1,1
399.33,,61.63,,8.0,,2024,2,0
438.86,,79.38,,42.43,,2020,2,1
378.54,,73.16,,8.99,,2022,2,1
331.5,,64.24,,8.0,,2023,3,1
371.03,,73.2,,8.45,,2024,0,1
339.03,,65.93,,48.98,,2021,1,0
342.87,,64.16,,8.0,,2023,1,0
372.05,,83.64,,157.06,,2020,0,0
336.42,,79.83,,59.68,,2024,1,0
363.06,,71.79,,20.95,,2024,0,1
275.85,,73.44,,37.78,,2024,3,1
391.73,,71.92,,8.0,,2024,2,0
380.07,,76.87,,78.18,,2021,1,0
335.06,,64.0,,13.29,,2023,0,1
416.26,,80.63,,8.0,,2021,3,0
431.57,,75.54,,59.61,,2024,1,1
291.58,,69.37,,16.79,,2022,1,0
338.05,,67.12,,35.21,,2022,4,0
337.7,,80.41,,78.04,,2020,2,0
328.31,,70.5,,62.82,,2024,4,0
425.62,,65.01,,17.25,,2022,0,0
369.34,,68.15,,85.27,,2023,2,0
365.45,,79.69,,20.68,,2023,0,1
269.79,,55.89,,29.11,,2021,1,0
414.95,,68.45,,39.81,,2023,2,0
311.84,,82.71,,8.0,,2024,1,0
383.3,,70.32,,38.19,,2022,0,0
395.26,,74.73,,36.18,,2024,1,0
454.84,,82.87,,86.83,,2020,1,0
308.01,,80.92,,18.33,,2022,0,0
213.93,,67.6,,11.65,,2018,0,1
390.11,,70.7,,27.18,,2021,0,0
479.03,,81.05,,48.83,,2024,1,0
448.14,,81.39,,34.66,,2022,0,0
391.53,,71.12,,8.0,,2022,0,0
352.96,,71.46,,17.96,,2023,2,0
424.39,,74.68,,8.0,,2018,0,0
326.45,,85.67,,56.47,,2021,1,0
406.2,,82.68,,90.1,,2022,0,0
407.8,,78.93,,8.0,,2022,1,1
438.31,,61.21,,31.3,,2023,0,1
531.78,,69.25,,35.06,,2020,0,0
401.58,,69.78,,24.26,,2022,0,0
352.01,,86.18,,29.34,,2023,0,0
378.59,,69.61,,52.04,,2021,4,0
282.7,,84.53,,27.77,,2023,0,1
341.79,,66.29,,105.9,,2024,0,1
357.49,,67.09,,32.69,,2024,1,1
351.18,,76.81,,8.0,,2023,1,1
388.38,,87.68,,128.71,,2020,1,0
334.77,,69.88,,8.0,,2023,1,0
441.66,,46.37,,64.45,,2022,2,1
380.01,,56.36,,31.44,,2024,2,0
379.49,,74.98,,56.72,,2023,0,0
361.97,,57.25,,30.26,,2020,0,1
388.54,,63.34,,8.0,,2021,0,1
425.38,,72.12,,19.74,,2021,1,1
332.31,,47.51,,40.71,,2021,0,1
343.8,,68.2,,41.63,,2023,2,1
363.3,,60.35,,151.77,,2021,3,0
305.98,,57.01,,39.15,,2020,3,1
334.94,,63.98,,14.17,,2022,0,1
353.81,,61.31,,8.0,,2022,0,0
428.09,,76.69,,65.23,,2018,1,1
394.44,,83.97,,92.44,,2021,0,0
390.65,,68.36,,39.94,,2018,2,1
426.8,,66.04,,27.66,,2023,0,0
372.44,,67.86,,82.87,,2024,0,0
401.48,,60.92,,11.55,,2022,3,1
374.32,,59.11,,21.37,,2022,3,0
394.59,,55.54,,29.76,,2024,1,1
347.95,,58.7,,8.0,,2018,1,0
245.87,,88.32,,49.0,,2020,0,0
372.61,,65.1,,8.78,,2023,0,0
458.25,,42.58,,17.02,,2023,1,1
430.94,,66.13,,22.48,,2023,4,1
433.1,,56.1,,42.74,,2024,3,0
447.99,,72.59,,8.0,,2021,1,0
384.88,,71.52,,17.51,,2022,1,0
390.85,,72.56,,13.47,,2024,2,0
346.03,,71.59,,8.0,,2024,3,0
362.62,,68.27,,49.41,,2018,1,1
413.87,,57.44,,11.3,,2021,0,1
446.21,,71.25,,8.0,,2023,2,0
372.33,,82.19,,67.17,,2018,2,0
355.24,,90.14,,8.0,,2024,0,0
380.03,,69.62,,96.81,,2022,1,1
413.07,,70.7,,48.77,,2019,3,1
300.59,,77.0,,8.0,,2022,1,1
253.71,,86.93,,18.1,,2022,1,0
349.72,,67.14,,125.81,,2021,0,0
312.86,,78.93,,40.51,,2022,2,0
352.05,,63.77,,39.41,,2024,1,0
371.87,,75.3,,44.46,,2021,0,0
355.07,,81.71,,26.09,,2024,3,0
459.89,,59.09,,8.0,,2023,3,0
397.97,,66.75,,8.0,,2024,1,0
396.53,,81.55,,48.83,,2020,3,1
414.22,,78.16,,90.45,,2022,1,0
317.36,,82.36,,14.99,,2022,4,1
437.15,,80.48,,29.4,,2019,3,0
375.83,,68.59,,204.06,,2022,2,1
416.88,,93.99,,12.49,,2024,1,0
321.05,,73.37,,20.78,,2019,1,0
294.54,,41.44,,18.98,,2023,3,1
424.98,,69.18,,8.0,,2024,2,0
400.7,,67.31,,29.92,,2022,1,0
330.39,,79.95,,9.83,,2021,0,1
332.17,,67.49,,8.0,,2022,1,1
441.9,,82.99,,52.05,,2022,2,1
314.58,,77.58,,60.96,,2019,1,0
470.35,,62.0,,92.28,,2020,1,0
330.47,,70.6,,114.24,,2023,2,0
415.11,,64.24,,85.39,,2022,2,1
361.93,,73.85,,8.0,,2021,1,0
413.18,,64.19,,10.63,,2024,3,1
350.07,,72.74,,8.0,,2023,2,0
371.05,,69.28,,18.32,,2020,3,1
382.25,,70.48,,8.0,,2022,2,0
324.88,,92.51,,44.49,,2023,1,0
420.75,,68.4,,52.97,,2023,1,0
351.77,,52.66,,8.0,,2020,0,0
367.43,,82.16,,40.81,,2023,3,0
325.31,,82.08,,8.0,,2021,1,0
239.07,,52.21,,23.93,,2022,1,0
369.49,,64.99,,14.11,,2023,0,0
512.69,,76.36,,240.0,,2022,0,0
423.15,,77.24,,107.57,,2023,1,0
378.94,,71.95,,8.0,,2021,0,1
365.54,,72.18,,104.72,,2023,0,0
381.24,,62.61,,22.79,,2018,1,1
410.09,,48.0,,36.1,,2020,2,0
315.06,,92.5,,32.05,,2024,2,0
441.29,,62.31,,54.4,,2019,1,0
419.35,,73.77,,17.13,,2023,2,1
419.5,,70.41,,8.0,,2024,4,0
404.12,,80.97,,22.71,,2024,1,0
381.08,,73.15,,33.03,,2024,4,0
417.01,,73.53,,34.0,,2024,1,1
412.55,,45.66,,66.07,,2021,1,0
360.53,,63.67,,8.0,,2021,1,0
348.45,,79.45,,186.09,,2019,2,0
385.6,,78.55,,195.86,,2020,0,1
465.2,,62.48,,8.0,,2023,2,0
311.85,,56.22,,17.71,,2021,3,1
299.29,,73.27,,37.48,,2021,3,1
389.06,,42.93,,19.63,,2023,1,0
382.8,,60.51,,28.09,,2019,2,0
389.53,,89.6,,16.57,,2019,1,0
393.42,,86.45,,52.3,,2024,0,0
367.72,,76.87,,19.01,,2023,2,1
461.94,,75.07,,23.6,,2021,2,1
291.95,,52.5,,36.03,,2022,1,1
334.43,,64.59,,146.17,,2020,1,0
374.32,,69.05,,43.12,,2021,2,0
289.62,,64.81,,8.0,,2018,5,1
370.33,,68.5,,16.13,,2021,3,0
471.38,,84.99,,22.86,,2018,1,1
381.15,,66.58,,56.61,,2022,1,0
392.69,,68.59,,24.87,,2022,1,0
310.69,,79.4,,45.2,,2022,1,0
346.1,,57.81,,76.84,,2021,3,0
359.36,,63.6,,8.0,,2020,0,0
362.53,,64.62,,60.96,,2022,3,1
450.49,,72.56,,57.49,,2024,0,0
410.67,,68.55,,71.95,,2024,0,0
318.87,,68.87,,131.25,,2021,1,0
393.56,,65.35,,15.56,,2024,1,0
407.4,,61.29,,23.54,,2022,2,1
442.71,,78.09,,12.8,,2023,1,0
466.93,,68.62,,16.64,,2024,2,0
324.17,,78.19,,16.81,,2021,1,1
335.4,,60.88,,85.62,,2020,2,0
310.83,,65.35,,8.0,,2021,1,1
367.13,,69.79,,9.51,,2024,3,0
405.65,,70.72,,39.61,,2024,0,0
434.3,,79.54,,60.86,,2019,0,0
375.82,,67.69,,50.2,,2023,0,0
362.41,,79.47,,8.0,,2018,1,0
388.35,,75.75,,25.4,,2024,2,0
334.07,,70.93,,8.56,,2024,1,0
494.92,,62.49,,186.26,,2023,3,1
291.58,,79.57,,240.0,,2024,1,1
390.16,,62.74,,8.0,,2023,1,0
491.3,,71.79,,46.28,,2020,2,0
380.37,,71.46,,70.43,,2024,3,0
369.55,,69.93,,16.49,,2020,0,0
360.34,,68.11,,49.69,,2020,0,0
370.08,,63.78,,8.73,,2022,2,0
455.51,,55.83,,8.0,,2022,0,0
258.35,,86.04,,108.96,,2019,2,0
464.34,,67.08,,43.21,,2023,0,0
301.68,,70.72,,71.32,,2020,1,0
365.33,,70.66,,31.95,,2023,0,1
356.39,,82.96,,8.0,,2022,1,0
412.37,,91.33,,19.85,,2024,1,1
292.1,,73.6,,89.64,,2021,2,0
405.42,,70.43,,8.0,,2024,1,0
491.34,,60.77,,9.75,,2021,0,1
305.03,,57.56,,12.27,,2022,1,1
390.43,,54.26,,12.82,,2022,1,0
343.59,,64.04,,8.0,,2021,1,1
403.42,,51.09,,79.18,,2018,1,0
381.05,,82.79,,8.0,,2021,1,0
344.72,,76.23,,74.34,,2019,2,0
406.83,,69.48,,18.42,,2020,1,1
479.24,,83.09,,25.67,,2023,3,0
369.5,,61.29,,26.1,,2022,0,0
419.59,,63.8,,52.45,,2022,1,0
308.87,,52.66,,55.19,,2022,2,1
327.4,,79.74,,42.99,,2019,2,0
405.98,,63.9,,62.42,,2020,0,0
461.63,,72.16,,8.0,,2022,0,0
399.56,,82.03,,29.52,,2022,0,0
362.78,,85.71,,31.18,,2022,2,0
379.96,,71.71,,11.49,,2024,2,0
311.23,,75.84,,34.14,,2020,1,0
413.25,,62.96,,26.44,,2024,0,0
428.53,,88.83,,26.83,,2024,2,1
355.14,,70.34,,8.0,,2024,0,1
354.15,,72.8,,24.0,,2023,0,0
394.62,,67.93,,61.08,,2024,2,1
355.98,,83.99,,22.16,,2024,2,1
376.36,,74.0,,28.07,,2022,0,0
495.48,,79.61,,143.94,,2024,3,0
366.41,,75.54,,86.27,,2024,1,0
360.29,,69.8,,110.92,,2021,1,0
344.39,,81.29,,8.0,,2022,2,1
420.93,,75.45,,40.48,,2022,0,0
370.03,,62.39,,10.62,,2021,0,0
344.28,,62.11,,21.75,,2021,0,0
452.67,,73.49,,47.82,,2021,2,0
458.08,,81.07,,36.33,,2022,2,0
346.98,,88.39,,29.6,,2021,1,0
277.34,,54.23,,70.75,,2022,1,0
435.41,,72.26,,48.2,,2023,0,1
342.35,,76.9,,72.27,,2023,0,0
423.48,,74.96,,112.86,,2021,2,0
271.64,,82.09,,52.28,,2020,0,0
429.09,,78.56,,21.13,,2024,3,0
313.39,,62.14,,10.05,,2022,2,0
420.19,,61.85,,13.27,,2024,1,1
380.79,,75.12,,21.22,,2021,0,1
327.53,,81.91,,56.59,,2020,0,1
357.61,,73.43,,8.0,,2018,2,1
417.75,,56.22,,70.71,,2019,0,0
385.82,,61.53,,59.61,,2021,0,0
412.14,,78.92,,29.06,,2020,0,1
488.7,,68.51,,21.43,,2018,0,1
293.97,,73.18,,8.0,,2020,0,0
468.95,,82.65,,14.37,,2023,0,0
385.74,,59.98,,8.0,,2023,0,0
330.57,,67.86,,71.76,,2020,2,1
306.83,,66.77,,29.9,,2024,0,0
369.6,,75.55,,11.9,,2020,2,0
430.69,,79.73,,8.0,,2019,1,0
372.98,,57.2,,31.17,,2020,0,1
463.11,,71.94,,58.58,,2020,1,0
300.19,,80.69,,61.09,,2023,0,1
379.34,,53.45,,10.14,,2020,1,0
311.12,,71.36,,223.05,,2023,1,0
400.0,,59.84,,35.33,,2021,1,0
428.78,,65.58,,16.95,,2020,2,0
356.86,,46.95,,20.95,,2024,1,0
236.77,,85.93,,8.0,,2020,0,1
390.94,,68.44,,28.56,,2024,4,0
404.02,,63.93,,58.78,,2021,0,0
402.24,,75.28,,22.12,,2024,3,0
447.97,,61.58,,84.68,,2024,3,1
321.09,,60.63,,27.2,,2024,2,0
417.41,,87.1,,96.97,,2024,4,1
445.59,,90.09,,51.02,,2024,1,0
282.18,,66.08,,8.0,,2023,0,1
397.58,,82.67,,8.0,,2024,0,1
352.27,,75.56,,67.62,,2023,1,0
375.52,,57.86,,18.54,,2024,2,1
399.12,,62.72,,8.81,,2024,2,0
353.2,,87.51,,84.2,,2023,3,0
342.84,,57.73,,171.9,,2024,2,0
381.88,,94.81,,69.47,,2022,2,0
320.2,,66.29,,54.24,,2024,1,0
320.28,,87.81,,8.0,,2020,3,1
417.37,,68.94,,8.0,,2018,2,1
316.82,,80.0,,46.68,,2019,4,0
416.65,,85.95,,22.13,,2020,1,1
405.44,,85.9,,8.0,,2024,1,1
285.08,,66.16,,56.72,,2022,0,0
342.73,,63.43,,22.79,,2020,0,0
445.68,,71.19,,45.17,,2024,1,0
326.04,,59.0,,26.53,,2020,0,0
354.46,,74.39,,8.0,,2019,1,0
405.41,,63.79,,42.44,,2022,1,1
423.09,,82.83,,65.17,,2019,2,0
366.17,,66.3,,8.0,,2021,1,0
347.14,,54.58,,93.12,,2023,0,1
458.23,,86.01,,8.42,,2021,1,0
475.64,,73.83,,23.08,,2019,0,0
433.84,,72.29,,31.46,,2022,0,1
384.69,,82.94,,15.82,,2022,1,0
335.55,,80.72,,29.15,,2021,1,0
334.33,,64.38,,53.22,,2020,1,0
408.74,,67.5,,52.64,,2023,0,1
403.01,,60.87,,107.3,,2019,1,1
457.09,,57.36,,83.21,,2024,1,1
415.77,,77.79,,176.68,,2018,4,0
297.33,,75.92,,38.0,,2023,0,1
437.86,,79.61,,21.49,,2020,1,0
325.11,,84.82,,11.53,,2022,0,1
358.88,,79.74,,11.75,,2020,0,0
393.76,,80.63,,8.0,,2018,2,0
489.76,,51.22,,54.48,,2024,2,0
551.05,,68.93,,44.6,,2022,1,0
413.37,,81.65,,14.52,,2021,2,0
369.92,,60.32,,93.53,,2024,0,1
409.4,,72.92,,33.75,,2019,0,0
428.82,,77.19,,8.0,,2021,0,0
362.36,,76.43,,8.0,,2020,0,1
478.74,,75.69,,8.0,,2024,1,0
392.65,,77.99,,9.97,,2022,1,0
407.38,,73.81,,91.74,,2024,0,0
416.63,,57.37,,63.3,,2020,3,0
403.19,,77.07,,9.46,,2021,2,0
426.14,,74.85,,12.0,,2023,0,1
346.05,,57.5,,42.54,,2020,2,0
349.29,,85.8,,86.18,,2022,0,0
319.49,,77.34,,16.0,,2024,4,0
404.17,,58.2,,31.31,,2024,1,0
422.84,,63.83,,92.85,,2021,2,1
405.18,,66.36,,61.84,,2022,1,0
472.1,,66.35,,93.29,,2020,2,1
379.69,,74.93,,13.68,,2024,1,0
416.78,,62.24,,49.32,,2022,1,1
319.96,,83.28,,8.0,,2020,1,0
358.71,,82.46,,40.22,,2024,3,0
418.25,,78.19,,15.22,,2022,0,0
426.7,,72.44,,50.77,,2023,0,0
363.83,,81.37,,8.0,,2024,0,0
376.06,,69.24,,46.01,,2021,1,0
296.52,,64.76,,51.78,,2022,0,1
360.36,,83.9,,81.73,,2019,0,0
428.97,,75.18,,48.8,,2020,0,0
411.64,,65.16,,31.08,,2020,0,1
407.54,,67.82,,64.4,,2023,1,0
382.74,,64.64,,14.06,,2021,1,1
380.39,,92.22,,47.53,,2023,1,1
343.68,,72.04,,54.15,,2023,1,1
418.44,,73.58,,20.94,,2023,1,0
403.15,,79.21,,189.29,,2020,2,0
407.06,,59.85,,18.49,,2022,4,0
351.07,,82.97,,8.0,,2023,0,1
261.57,,65.92,,15.19,,2021,2,1
440.34,,90.3,,8.0,,2021,1,0
353.66,,68.87,,17.41,,2023,2,0
332.55,,82.38,,8.0,,2021,2,0
418.14,,47.03,,24.32,,2020,2,1
358.44,,60.25,,63.21,,2022,0,0
438.3,,69.06,,8.0,,2023,1,0
413.94,,51.69,,34.78,,2023,4,1
417.6,,78.01,,8.0,,2018,2,0
304.87,,75.13,,90.7,,2020,1,0
446.66,,62.09,,106.81,,2023,1,0
394.37,,71.84,,28.48,,2022,2,0
359.69,,80.06,,61.59,,2024,0,0
387.89,,50.97,,37.75,,2022,0,0
282.31,,59.27,,17.49,,2022,1,1
402.48,,68.65,,11.81,,2021,2,0
323.38,,72.24,,59.69,,2023,0,0
305.6,,71.41,,23.61,,2022,0,1
296.27,,80.89,,106.21,,2021,0,1
441.2,,76.77,,156.11,,2020,0,0
345.39,,78.97,,9.92,,2018,1,1
464.36,,58.1,,34.58,,2019,0,0
350.53,,73.45,,32.34,,2019,2,0
286.1,,68.93,,85.08,,2022,0,1
318.59,,86.62,,49.32,,2023,2,1
447.97,,73.74,,39.27,,2022,2,0
371.43,,65.31,,47.73,,2022,0,0
349.84,,80.53,,20.72,,2020,2,0
388.8,,77.63,,135.5,,2024,3,0
407.6,,63.78,,8.0,,2023,1,0
441.46,,68.52,,8.0,,2022,0,0
459.67,,68.69,,22.56,,2019,0,0
360.21,,84.27,,8.0,,2024,0,0
307.07,,74.03,,33.05,,2020,1,0
357.26,,79.27,,8.0,,2023,1,0
394.32,,67.07,,25.86,,2021,2,1
326.99,,75.35,,14.68,,2024,0,1
327.36,,85.03,,9.5,,2022,1,0
398.91,,68.39,,24.7,,2020,0,1
377.32,,73.15,,80.97,,2018,1,0
381.8,,58.37,,44.74,,2020,0,0
338.28,,64.34,,8.0,,2021,2,0
367.33,,68.66,,29.02,,2023,0,1
329.17,,61.39,,112.7,,2020,0,0
428.96,,85.22,,24.29,,2021,0,0
436.94,,63.62,,26.71,,2022,1,0
278.46,,79.87,,119.12,,2018,0,1
328.88,,73.87,,8.0,,2023,3,0
297.69,,72.31,,55.78,,2019,1,0
344.25,,86.86,,14.93,,2023,0,0
375.41,,49.39,,84.38,,2021,1,0
300.27,,70.04,,8.0,,2022,2,0
329.3,,61.2,,195.14,,2022,0,0
324.78,,52.39,,61.47,,2021,0,1
391.4,,60.05,,14.05,,2021,2,0
383.81,,72.17,,60.09,,2024,2,0
340.3,,64.75,,107.67,,2021,1,0
389.73,,80.97,,8.0,,2020,1,0
349.93,,69.86,,102.84,,2021,2,1
365.06,,68.75,,18.76,,2023,1,0
472.04,,68.8,,8.0,,2021,0,0
453.73,,71.02,,8.0,,2020,0,0
308.52,,67.82,,90.76,,2022,1,0
425.64,,63.49,,170.31,,2019,2,1
424.63,,81.89,,94.81,,2021,0,1
316.85,,65.76,,24.47,,2024,2,0
425.03,,68.16,,136.7,,2021,2,1
464.59,,76.29,,21.94,,2022,1,1
318.26,,75.19,,8.0,,2023,2,0
329.54,,63.07,,17.51,,2022,4,1
435.97,,79.55,,240.0,,2018,2,1
394.93,,77.38,,41.3,,2020,1,0
410.33,,73.78,,17.45,,2024,4,0
398.73,,67.69,,41.1,,2024,1,0
401.49,,67.93,,23.55,,2023,1,1
307.04,,69.98,,8.0,,2022,1,0
437.6,,59.68,,9.43,,2021,1,1
444.33,,71.61,,8.0,,2023,4,0
367.38,,80.92,,12.35,,2023,0,0
377.61,,80.76,,56.51,,2023,0,0
295.79,,68.19,,9.02,,2022,2,0
408.28,,82.64,,31.54,,2021,0,0
411.46,,91.06,,50.79,,2022,1,0
376.58,,68.84,,33.41,,2022,1,0
441.84,,78.92,,8.0,,2020,2,1
361.63,,49.37,,18.96,,2020,1,0
411.05,,59.42,,24.47,,2023,1,0
323.92,,72.91,,17.63,,2021,4,0
378.7,,61.93,,33.19,,2024,1,0
370.41,,92.39,,30.23,,2022,1,1
392.39,,77.98,,8.72,,2023,2,0
359.68,,81.66,,58.56,,2022,0,1
372.77,,71.71,,8.0,,2022,0,1
425.43,,61.97,,25.8,,2024,1,1
355.98,,66.81,,59.3,,2019,2,0
291.64,,74.54,,50.19,,2021,0,0
476.23,,65.62,,23.77,,2021,0,0
455.98,,78.71,,65.33,,2021,1,0
308.93,,79.11,,52.54,,2024,1,0
417.93,,72.05,,20.39,,2019,1,0
352.34,,53.74,,94.87,,2021,1,1
394.49,,89.15,,8.0,,2023,2,0
396.18,,69.87,,18.64,,2020,1,1
367.11,,99.09,,50.26,,2024,3,0
336.89,,78.53,,86.66,,2021,1,1
342.02,,69.9,,16.36,,2019,2,1
329.61,,76.48,,34.6,,2022,1,0
334.25,,51.81,,8.0,,2022,0,0
376.31,,82.26,,19.46,,2018,0,0
340.63,,97.67,,16.88,,2023,4,1
417.51,,51.11,,77.62,,2020,0,0
461.8,,69.13,,8.0,,2020,1,0
348.1,,70.95,,8.0,,2022,0,1
393.17,,80.75,,24.56,,2024,2,0
407.48,,93.06,,21.98,,2018,2,0
405.96,,75.83,,8.0,,2024,1,0
384.18,,93.42,,12.84,,2023,0,1
420.85,,73.7,,153.6,,2020,0,1
406.52,,76.51,,30.23,,2021,1,1
311.93,,75.28,,8.0,,2024,0,1
427.8,,84.2,,8.0,,2020,0,1
428.8,,67.78,,8.0,,2019,1,0
338.02,,80.18,,20.69,,2023,1,0
382.09,,59.69,,84.3,,2022,1,0
417.58,,69.15,,75.15,,2021,0,0
368.49,,65.63,,19.26,,2020,3,1
439.01,,72.88,,62.54,,2023,1,1
510.01,,68.84,,58.6,,2022,4,0
336.77,,83.32,,27.71,,2020,1,1
304.04,,63.21,,21.76,,2024,2,0
396.71,,54.69,,8.36,,2022,1,0
419.69,,58.43,,13.73,,2021,1,1
367.3,,81.94,,17.37,,2023,2,0
459.93,,62.3,,70.36,,2022,0,1
306.38,,75.98,,33.81,,2018,1,0
418.11,,69.05,,9.42,,2024,1,0
346.68,,80.24,,8.0,,2019,0,1
474.57,,69.69,,28.83,,2024,0,1
489.59,,99.64,,46.1,,2021,2,0
337.83,,90.98,,71.76,,2022,2,0
349.77,,68.85,,67.04,,2024,0,0
427.28,,67.48,,73.0,,2021,0,0
358.71,,103.32,,24.95,,2022,1,1
377.5,,61.21,,84.31,,2023,0,0
381.4,,71.45,,24.7,,2022,5,0
274.42,,72.22,,8.0,,2021,1,1
379.24,,71.98,,21.27,,2019,4,0
342.06,,54.61,,17.45,,2022,1,0
352.88,,76.97,,20.91,,2022,0,0
459.4,,62.3,,45.14,,2020,0,1
310.89,,86.36,,44.93,,2021,2,0
424.73,,57.44,,10.7,,2021,0,1
364.66,,72.59,,15.95,,2022,3,0
364.61,,49.84,,38.0,,2023,1,0
423.47,,50.46,,8.0,,2021,1,0
398.7,,63.61,,49.01,,2021,0,1
411.38,,65.02,,8.28,,2024,1,1
433.25,,86.66,,79.88,,2024,0,1
361.78,,71.59,,21.57,,2023,3,0
346.33,,84.92,,10.48,,2023,2,1
320.32,,68.2,,46.29,,2024,0,0
334.6,,78.06,,33.92,,2023,1,1
542.2,,64.75,,8.0,,2020,0,1
448.46,,64.07,,73.73,,2018,0,1
305.69,,53.79,,25.36,,2020,2,0
307.26,,75.36,,8.0,,2021,4,0
406.5,,74.62,,66.8,,2019,1,1
410.1,,79.77,,8.0,,2023,1,1
410.19,,74.15,,144.62,,2023,1,0
365.98,,92.26,,24.49,,2023,2,0
373.1,,73.76,,54.72,,2019,0,0
398.03,,81.92,,25.26,,2021,0,0
384.72,,68.76,,8.72,,2022,3,0
257.94,,62.92,,59.61,,2023,1,0
367.36,,79.18,,14.35,,2024,3,0
333.17,,71.11,,48.17,,2024,2,1
389.64,,80.32,,12.5,,2019,0,0
544.19,,75.53,,11.59,,2023,0,0
400.21,,64.07,,25.68,,2020,1,0
362.76,,82.74,,71.15,,2021,0,1
430.7,,63.29,,39.94,,2023,2,0
406.55,,78.25,,8.0,,2024,2,0
403.11,,84.82,,55.6,,2022,0,0
413.38,,68.15,,36.41,,2021,1,0
493.11,,83.56,,41.03,,2020,2,1
317.8,,75.98,,18.32,,2023,0,0
406.05,,80.52,,34.12,,2024,3,1
329.05,,63.63,,19.53,,2024,1,0
410.55,,74.14,,8.0,,2022,1,0
329.47,,57.92,,78.15,,2022,0,1
357.04,,89.11,,47.6,,2024,0,0
363.77,,51.86,,46.62,,2024,2,0
433.67,,68.45,,9.04,,2024,3,0
430.51,,62.68,,45.76,,2023,1,1
311.49,,78.75,,11.09,,2020,2,1
383.02,,91.24,,48.86,,2021,0,1
340.97,,78.55,,17.04,,2021,0,0
310.78,,101.61,,8.0,,2020,1,0
368.06,,58.22,,99.43,,2021,0,0
363.03,,58.99,,8.0,,2024,3,0
513.47,,63.07,,60.25,,2023,3,1
403.81,,73.21,,8.0,,2018,0,0
304.23,,61.73,,48.48,,2020,0,0
348.94,,64.48,,8.0,,2024,0,0
436.18,,78.2,,29.86,,2020,2,0
494.86,,59.61,,8.75,,2023,2,0
292.77,,60.67,,84.6,,2020,0,0
276.6,,68.01,,21.56,,2020,1,1
482.9,,68.96,,8.0,,2022,0,0
401.43,,82.1,,41.55,,2022,2,1
332.24,,62.99,,24.74,,2023,1,1
409.4,,64.8,,82.5,,2020,0,0
235.03,,77.82,,23.84,,2021,0,1
380.19,,80.01,,22.24,,2023,0,1
398.03,,86.29,,25.42,,2019,1,0
430.83,,76.69,,82.53,,2024,3,0
324.24,,73.3,,37.12,,2020,0,0
384.71,,77.75,,46.48,,2022,1,1
329.1,,69.33,,53.53,,2019,0,0
394.05,,69.25,,116.46,,2023,4,0
330.76,,54.26,,76.32,,2021,2,1
357.55,,80.93,,110.09,,2019,1,0
325.23,,74.11,,17.66,,2022,3,0
415.81,,79.77,,10.16,,2024,1,0
427.21,,43.84,,9.55,,2024,0,0
367.1,,71.53,,81.92,,2023,1,1
382.1,,63.44,,74.57,,2018,3,1
300.33,,87.01,,44.14,,2024,1,0
363.52,,78.14,,8.0,,2024,2,1
377.24,,74.34,,16.08,,2018,0,1
524.14,,67.68,,55.65,,2019,0,0
318.84,,75.97,,12.0,,2022,1,1
460.53,,62.72,,41.09,,2022,3,0
434.83,,71.0,,32.87,,2021,1,1
395.44,,66.22,,12.8,,2020,2,0
476.72,,94.66,,114.38,,2022,1,0
400.47,,86.7,,12.46,,2023,2,1
401.4,,82.63,,94.58,,2024,1,0
377.08,,57.1,,32.7,,2021,1,0
447.3,,80.64,,8.0,,2023,1,1
440.31,,73.88,,75.33,,2023,1,0
345.59,,84.23,,65.83,,2022,1,0
307.44,,75.22,,74.66,,2024,0,0
368.84,,71.93,,42.69,,2018,0,0
336.0,,74.34,,52.23,,2024,1,0
376.51,,53.94,,99.78,,2024,0,0
448.06,,64.33,,8.0,,2020,1,0
354.85,,75.73,,8.0,,2022,1,0
377.64,,83.39,,8.0,,2022,1,0
383.19,,66.5,,85.71,,2022,2,0
426.66,,71.59,,34.76,,2024,2,1
256.42,,55.99,,8.13,,2023,2,0
346.63,,86.59,,8.0,,2019,5,0
391.62,,83.14,,24.76,,2024,0,0
446.0,,78.52,,71.04,,2018,1,1
352.95,,76.07,,68.7,,2022,1,0
276.79,,87.53,,80.03,,2022,0,0
414.08,,63.95,,61.53,,2019,0,1
345.06,,62.87,,8.0,,2023,0,0
314.57,,82.62,,53.49,,2024,0,0
345.66,,81.94,,30.74,,2022,2,1
369.85,,60.07,,54.44,,2022,0,1
346.74,,66.69,,27.81,,2021,5,0
258.69,,88.89,,27.75,,2024,1,0
429.34,,76.12,,8.0,,2024,0,1
450.12,,79.87,,98.96,,2021,3,1
415.83,,60.41,,19.71,,2024,1,0
317.43,,78.57,,36.67,,2020,1,0
368.92,,57.8,,9.75,,2022,2,1
379.64,,52.2,,19.33,,2021,2,1
412.93,,79.27,,85.88,,2020,3,1
416.76,,86.34,,9.88,,2024,3,1
339.62,,69.46,,9.69,,2023,0,1
384.51,,66.53,,12.67,,2019,3,1
405.15,,89.11,,35.9,,2023,1,0
460.07,,70.05,,30.89,,2022,0,1
418.75,,71.34,,8.1,,2023,0,0
423.4,,88.94,,49.46,,2022,0,0
384.61,,68.46,,100.0,,2021,2,0
457.58,,65.46,,9.31,,2022,1,0
402.54,,80.16,,46.94,,2020,3,0
332.64,,64.88,,37.08,,2021,3,0
457.19,,70.55,,16.75,,2018,0,0
418.38,,58.81,,40.4,,2022,1,0
355.63,,73.85,,9.9,,2019,0,0
353.63,,72.68,,75.41,,2023,1,0
396.31,,81.68,,8.0,,2024,2,1
405.48,,80.57,,35.16,,2023,0,1
390.85,,77.52,,16.12,,2020,0,0
397.12,,75.94,,89.53,,2022,1,0
473.5,,71.27,,29.06,,2023,2,1
438.93,,78.1,,68.12,,2024,2,1
390.48,,60.88,,108.14,,2021,1,1
431.77,,48.51,,17.09,,2022,1,1
323.21,,83.62,,89.17,,2019,1,1
401.89,,78.74,,54.42,,2023,1,0
479.51,,70.73,,8.0,,2022,5,0
368.01,,82.75,,8.0,,2018,2,0
333.38,,64.69,,71.41,,2022,0,1
344.14,,64.95,,26.53,,2023,1,0
320.07,,63.56,,28.71,,2018,0,1
336.84,,77.68,,93.18,,2022,0,0
359.62,,56.17,,98.34,,2022,2,0
302.69,,64.33,,8.0,,2024,0,0
380.86,,74.9,,19.65,,2020,3,0
429.63,,59.96,,94.75,,2024,0,0
330.07,,65.4,,71.99,,2020,1,0
463.56,,49.88,,53.62,,2024,2,1
408.09,,78.06,,8.0,,2021,1,0
436.68,,65.12,,40.77,,2020,3,1
343.82,,61.01,,36.62,,2021,0,1
427.0,,59.05,,8.0,,2018,1,0
319.94,,67.82,,62.44,,2019,3,1
428.96,,56.2,,15.71,,2022,2,0
389.45,,91.42,,40.71,,2024,0,0
410.43,,48.15,,18.86,,2022,0,0
315.34,,67.49,,8.0,,2023,2,0
330.77,,73.07,,31.25,,2023,1,1
412.85,,64.25,,15.38,,2018,1,0
327.84,,74.12,,8.0,,2021,0,0
405.48,,64.0,,9.29,,2024,0,1
304.81,,87.3,,40.51,,2018,0,1
426.65,,60.81,,8.0,,2022,1,1
312.21,,48.49,,8.0,,2024,2,0
410.38,,59.02,,121.08,,2021,1,0
414.41,,75.86,,8.0,,2024,1,0
341.68,,70.82,,19.81,,2022,3,0
412.01,,79.52,,8.0,,2024,1,1
394.32,,77.02,,117.65,,2022,0,1
350.36,,65.64,,27.56,,2021,1,1
324.53,,67.11,,8.0,,2023,0,1
272.06,,68.15,,61.51,,2024,3,0
399.23,,90.84,,63.74,,2021,4,1
293.94,,78.91,,97.22,,2024,2,0
385.24,,90.92,,51.37,,2023,1,1
365.51,,80.41,,8.0,,2021,2,1
417.35,,71.36,,33.57,,2019,1,1
363.39,,61.81,,20.35,,2021,1,1
361.88,,74.02,,57.99,,2024,2,1
420.25,,71.39,,37.54,,2019,2,0
398.43,,71.06,,54.25,,2022,1,0
397.39,,69.91,,8.36,,2022,0,1
405.81,,51.48,,24.13,,2023,2,0
295.54,,84.61,,23.76,,2024,1,1
421.62,,71.5,,166.4,,2023,3,0
413.69,,57.86,,8.0,,2022,2,0
324.08,,76.82,,71.11,,2024,1,0
366.58,,63.44,,8.0,,2023,0,0
377.84,,77.62,,8.0,,2024,2,0
372.6,,80.82,,16.71,,2023,0,0
398.36,,82.2,,50.67,,2023,0,0
458.73,,70.39,,47.65,,2019,0,0
439.5,,67.86,,41.52,,2018,2,0
307.83,,65.74,,62.57,,2024,2,0
414.21,,64.77,,11.11,,2021,2,0
453.09,,71.83,,42.2,,2020,0,0
401.27,,69.91,,42.68,,2020,1,0
440.0,,63.75,,44.62,,2023,1,1
490.67,,60.56,,37.91,,2018,2,0
436.3,,70.91,,10.52,,2023,1,1
393.71,,67.66,,103.19,,2022,1,0
437.48,,60.59,,156.66,,2020,2,0
387.97,,80.31,,49.08,,2020,0,0
381.31,,89.72,,24.66,,2020,2,0
360.67,,81.63,,32.36,,2021,2,1
465.99,,64.8,,8.0,,2023,1,1
334.99,,71.5,,18.97,,2020,2,0
464.28,,87.4,,156.88,,2023,3,1
407.49,,60.26,,33.33,,2024,2,0
303.04,,79.83,,34.54,,2024,2,1
400.22,,57.52,,129.3,,2023,2,0
264.5,,88.84,,91.34,,2024,3,1
414.4,,67.7,,35.32,,2023,1,0
428.69,,94.29,,13.16,,2023,0,1
347.42,,89.28,,8.0,,2023,1,0
386.8,,70.94,,83.69,,2024,0,0
487.48,,64.81,,106.13,,2023,0,1
352.18,,73.95,,28.63,,2021,1,0
321.76,,70.2,,8.0,,2020,1,0
461.49,,67.98,,39.14,,2021,4,1
487.94,,55.42,,19.24,,2023,3,1
380.2,,66.85,,8.0,,2023,2,1
435.63,,60.9,,105.63,,2020,0,0
453.78,,77.52,,11.5,,2024,1,0
339.16,,81.91,,52.16,,2024,0,1
353.31,,79.41,,23.56,,2023,1,1
447.7,,75.42,,73.91,,2019,1,0
472.68,,63.47,,50.68,,2023,3,0
410.96,,74.05,,8.0,,2024,1,0
331.61,,79.93,,25.08,,2021,2,0
489.29,,66.14,,12.63,,2022,6,0
350.8,,73.19,,52.51,,2020,1,0
361.57,,70.55,,33.04,,2024,3,0
398.83,,88.62,,17.46,,2024,0,0
465.48,,80.52,,16.79,,2021,0,0
426.97,,78.09,,8.0,,2021,1,0
402.82,,54.83,,10.1,,2018,2,1
405.48,,73.73,,52.5,,2021,0,0
382.39,,70.45,,39.54,,2023,3,0
410.7,,70.36,,18.46,,2018,1,1
240.87,,56.37,,75.96,,2020,3,1
363.69,,61.12,,27.82,,2023,0,1
393.27,,71.32,,66.44,,2023,0,1
316.69,,83.14,,63.82,,2024,3,1
401.25,,66.09,,79.12,,2021,2,0
368.75,,68.0,,79.62,,2020,1,1
476.55,,89.81,,47.73,,2023,0,0
466.52,,69.03,,58.13,,2019,3,1
354.38,,70.71,,63.01,,2019,2,0
371.7,,70.85,,8.0,,2022,2,1
375.93,,58.54,,15.0,,2022,2,1
355.16,,77.72,,8.0,,2021,3,1
390.73,,65.47,,8.82,,2022,0,0
338.29,,71.7,,63.27,,2024,1,0
317.82,,76.44,,123.46,,2023,2,0
414.25,,91.43,,47.03,,2022,0,0
414.62,,58.82,,91.22,,2021,0,0
335.76,,80.65,,16.07,,2022,1,0
429.24,,80.69,,78.52,,2018,0,0
345.26,,65.62,,17.37,,2023,1,1
393.92,,78.0,,94.33,,2024,1,0
425.12,,88.43,,67.19,,2019,1,0
378.15,,64.35,,172.63,,2022,0,0
405.01,,74.41,,73.75,,2020,1,0
351.6,,76.05,,21.33,,2024,1,1
369.19,,77.34,,8.0,,2024,1,1
368.68,,79.69,,87.09,,2018,0,0
338.94,,73.66,,35.56,,2024,2,0
370.28,,77.13,,82.02,,2020,2,0
294.83,,62.89,,20.56,,2019,2,1
352.99,,73.64,,8.0,,2018,0,1
364.33,,67.24,,8.0,,2023,0,0
365.91,,59.7,,46.63,,2024,2,1
366.72,,66.91,,8.0,,2019,0,1
376.6,,74.69,,57.47,,2024,0,0
406.37,,76.36,,22.84,,2021,1,1
428.1,,59.32,,34.78,,2023,0,0
344.26,,62.62,,67.85,,2024,3,0
313.82,,79.25,,12.26,,2018,1,1
322.69,,77.08,,22.37,,2022,1,1
353.2,,80.87,,54.92,,2023,1,0
360.64,,85.68,,105.26,,2021,0,1
337.65,,77.38,,14.4,,2019,3,0
308.71,,67.85,,40.94,,2023,2,0
354.91,,73.15,,126.85,,2018,1,0
389.98,,88.6,,43.96,,2024,2,0
412.73,,99.64,,93.78,,2022,0,1
349.34,,76.63,,117.97,,2024,1,0
357.29,,77.36,,111.3,,2024,0,0
329.03,,79.26,,59.67,,2018,3,0
378.27,,72.24,,33.73,,2022,3,0
333.34,,83.64,,8.0,,2024,0,1
411.52,,82.08,,10.58,,2021,0,0
281.78,,75.54,,12.41,,2021,1,0
360.22,,68.82,,8.0,,2023,0,0
396.56,,56.79,,8.0,,2023,1,1
390.11,,79.32,,14.67,,2023,1,0
528.12,,74.13,,8.0,,2021,1,0
399.24,,64.62,,8.0,,2019,2,1
324.78,,60.7,,8.0,,2024,0,1
374.75,,78.61,,22.63,,2021,0,0
282.31,,55.99,,72.33,,2023,0,1
375.57,,75.0,,70.25,,2021,0,0
334.18,,80.44,,98.81,,2022,1,1
430.35,,77.5,,57.49,,2021,0,1
349.78,,68.09,,11.77,,2019,0,0
373.58,,59.51,,50.9,,2021,0,0
345.04,,77.87,,58.87,,2024,0,1
475.64,,84.01,,32.9,,2019,1,0
362.33,,66.27,,69.1,,2022,0,0
480.79,,77.07,,8.0,,2024,0,0
424.78,,87.82,,37.94,,2018,1,0
406.51,,75.39,,27.46,,2019,0,1
400.28,,68.03,,68.71,,2024,4,0
401.66,,82.41,,8.0,,2023,2,0
273.98,,64.62,,10.04,,2022,0,1
364.66,,59.02,,34.36,,2022,1,0
426.48,,80.12,,123.54,,2024,0,0
377.31,,67.94,,8.0,,2018,1,1
302.71,,68.83,,57.13,,2021,2,1
377.12,,65.73,,9.66,,2021,3,0
473.73,,67.27,,8.0,,2019,2,0
448.58,,86.03,,21.09,,2021,0,0
376.59,,88.62,,36.74,,2021,2,0
432.33,,89.95,,73.69,,2024,2,0
359.84,,82.9,,42.29,,2022,2,0
286.29,,76.66,,28.42,,2024,2,0
329.15,,57.68,,14.13,,2024,0,0
465.96,,70.12,,14.54,,2023,0,1
364.93,,93.57,,61.83,,2021,1,0
366.61,,67.64,,8.0,,2022,1,0
363.51,,87.14,,8.0,,2018,1,0
484.73,,72.55,,53.43,,2021,0,1
469.43,,45.22,,136.3,,2024,1,1
502.03,,78.4,,8.0,,2023,0,1
371.25,,84.66,,39.49,,2024,2,0
396.26,,71.51,,11.48,,2020,1,1
296.58,,84.33,,8.0,,2020,2,0
461.23,,55.32,,74.99,,2023,2,1
315.77,,58.14,,29.84,,2023,1,0
391.92,,74.05,,8.0,,2020,0,1
319.65,,76.77,,94.84,,2023,1,0
347.61,,85.57,,32.22,,2021,4,0
333.95,,78.39,,56.11,,2024,2,0
346.57,,60.06,,23.13,,2021,2,0
350.35,,74.13,,8.59,,2020,1,0
349.85,,78.01,,26.32,,2020,0,0
425.83,,53.26,,14.25,,2024,1,0
319.23,,71.56,,14.78,,2024,3,0
392.13,,68.64,,43.36,,2022,2,1
446.99,,65.45,,8.0,,2020,1,0
351.77,,76.99,,21.25,,2021,0,1
340.51,,60.5,,33.23,,2021,1,0
367.32,,76.17,,51.97,,2018,0,0
444.88,,77.59,,42.09,,2019,2,0
390.68,,82.84,,91.3,,2024,1,0
350.78,,60.77,,204.86,,2023,1,1
406.61,,56.95,,116.4,,2024,0,0
319.37,,74.79,,60.67,,2022,0,0
417.47,,69.14,,48.65,,2021,4,1
402.47,,101.03,,8.0,,2019,1,0
363.07,,76.58,,32.02,,2022,0,0
333.88,,72.58,,45.77,,2023,1,0
331.23,,70.27,,22.37,,2020,0,0
409.41,,59.82,,20.4,,2021,3,0
447.59,,77.64,,32.85,,2024,0,1
344.95,,71.21,,99.59,,2024,0,0
405.21,,71.22,,12.7,,2023,2,0
265.21,,72.94,,21.39,,2018,2,0
347.85,,74.21,,44.46,,2020,1,0
378.29,,54.61,,8.64,,2021,0,1
329.97,,80.37,,75.65,,2021,2,1
328.49,,63.54,,46.07,,2019,2,0
343.27,,70.62,,18.24,,2021,0,1
396.07,,84.86,,53.79,,2022,3,0
369.7,,89.79,,13.76,,2018,3,0
256.9,,55.0,,62.55,,2022,0,0
263.36,,72.3,,8.0,,2022,0,1
346.62,,74.73,,23.37,,2018,0,1
405.17,,56.92,,12.74,,2023,2,0
228.89,,80.03,,71.26,,2019,1,1
352.51,,73.16,,58.69,,2023,1,0
351.06,,73.94,,77.46,,2024,1,0
456.36,,62.82,,44.28,,2019,0,1
358.82,,76.13,,66.63,,2021,0,0
401.06,,80.38,,24.26,,2019,0,1
387.77,,73.27,,47.6,,2021,1,0
262.82,,66.86,,8.0,,2024,3,1
422.25,,67.64,,89.31,,2024,1,0
391.85,,74.2,,48.49,,2024,2,0
407.95,,72.49,,84.45,,2023,2,0
595.94,,81.05,,61.88,,2023,1,0
265.37,,67.2,,14.17,,2019,0,1
474.86,,59.82,,13.38,,2020,0,1
364.19,,75.59,,67.52,,2021,1,0
395.8,,67.22,,8.58,,2019,3,0
377.5,,79.84,,8.0,,2024,0,0
356.67,,72.08,,8.0,,2021,0,0
348.66,,78.55,,14.89,,2019,0,0
398.12,,61.86,,8.0,,2019,0,0
296.56,,73.43,,67.95,,2024,1,1
421.28,,65.01,,27.83,,2024,1,0
357.11,,59.8,,12.22,,2024,2,0
317.85,,63.39,,38.7,,2024,1,1
355.25,,66.56,,8.0,,2023,3,1
449.14,,84.45,,54.39,,2021,2,0
350.56,,66.29,,29.23,,2021,1,0
399.71,,59.28,,8.0,,2022,1,1
339.8,,73.31,,16.15,,2023,0,0
421.69,,72.29,,58.26,,2024,1,0
417.7,,67.08,,8.75,,2022,1,1
481.67,,70.39,,137.21,,2021,1,0
370.34,,81.76,,95.32,,2020,0,0
416.78,,78.71,,63.26,,2021,1,0
385.39,,77.84,,8.0,,2018,1,1
451.27,,60.16,,18.34,,2020,3,0
340.46,,100.87,,14.87,,2021,2,0
420.98,,82.51,,8.0,,2023,1,0
369.29,,77.17,,240.0,,2022,0,0
376.47,,60.36,,8.0,,2021,2,0
385.05,,81.48,,15.91,,2022,0,1
393.87,,66.99,,89.1,,2023,0,0
373.61,,70.06,,8.0,,2023,3,1
391.81,,55.19,,26.63,,2019,1,0
466.8,,59.59,,156.11,,2020,1,1
434.2,,76.39,,11.93,,2021,0,0
427.8,,82.06,,51.0,,2021,2,1
354.95,,78.85,,8.0,,2018,2,1
331.09,,78.51,,38.58,,2023,0,0
432.54,,71.35,,17.39,,2022,2,0
428.18,,67.93,,50.51,,2024,2,0
461.0,,74.89,,23.82,,2022,0,1
346.78,,80.21,,14.92,,2024,0,1
367.37,,72.05,,33.17,,2023,0,0
289.83,,84.1,,8.0,,2024,0,0
358.41,,69.85,,70.74,,2024,3,1
434.81,,62.2,,58.34,,2022,1,1
354.34,,71.9,,33.07,,2023,1,0
415.23,,73.06,,19.21,,2024,1,1
369.52,,71.18,,103.65,,2022,1,1
397.82,,84.81,,42.27,,2019,0,1
316.88,,80.05,,14.08,,2023,1,0
384.69,,57.69,,69.03,,2024,0,0
215.49,,87.34,,42.33,,2023,2,1
369.72,,44.59,,8.0,,2023,2,0
290.32,,93.51,,8.0,,2019,0,1
446.33,,69.13,,116.86,,2023,1,0
422.76,,70.1,,14.26,,2018,0,1
405.67,,71.4,,45.74,,2024,0,0
463.66,,75.85,,8.0,,2024,0,0
327.81,,72.0,,34.15,,2024,2,0
476.1,,70.67,,11.04,,2021,0,0
431.27,,85.09,,8.0,,2022,0,0
366.99,,77.66,,62.37,,2022,0,1
442.46,,62.41,,69.65,,2022,2,0
319.15,,79.41,,52.75,,2022,0,0
334.65,,77.24,,8.0,,2024,2,1
346.53,,66.55,,14.08,,2024,2,0
350.91,,79.92,,18.81,,2023,1,0
321.89,,70.42,,49.31,,2023,2,1
447.27,,69.78,,59.17,,2023,1,0
365.76,,69.51,,41.52,,2023,0,0
399.39,,47.72,,65.37,,2023,1,0
348.63,,66.73,,23.41,,2024,0,0
279.87,,79.13,,32.78,,2024,2,1
394.85,,71.78,,8.0,,2024,3,0
274.83,,59.15,,23.4,,2019,0,0
376.23,,81.65,,23.8,,2022,1,1
304.74,,69.01,,39.71,,2023,0,0
489.3,,59.78,,19.94,,2021,0,0
430.12,,94.06,,11.44,,2022,2,1
385.82,,61.47,,11.39,,2024,0,1
449.5,,80.79,,8.0,,2021,1,0
333.45,,64.31,,50.71,,2021,1,0
409.89,,73.36,,40.92,,2024,0,0
390.99,,62.98,,36.36,,2019,2,0
394.52,,59.61,,31.8,,2024,0,1
449.98,,77.22,,19.24,,2021,0,0
420.29,,76.05,,61.49,,2022,0,0
395.88,,83.45,,107.16,,2023,2,1
288.98,,71.66,,24.35,,2023,4,1
327.2,,94.2,,22.1,,2024,3,0
373.25,,74.68,,8.0,,2018,0,0
385.14,,77.67,,46.65,,2023,2,1
317.84,,58.42,,34.3,,2024,0,1
512.64,,65.86,,185.75,,2022,1,1
463.4,,77.2,,36.87,,2024,2,1
413.12,,71.16,,14.3,,2022,1,1
383.96,,73.88,,34.76,,2023,0,0
368.33,,63.84,,175.54,,2023,0,0
327.64,,73.22,,53.97,,2018,0,0
384.26,,73.19,,8.0,,2022,2,0
394.18,,60.2,,17.65,,2021,0,0
311.7,,78.43,,14.9,,2022,0,0
398.38,,55.0,,81.63,,2024,1,0
371.46,,73.84,,39.67,,2023,0,1
275.07,,89.66,,69.77,,2022,0,1
332.68,,78.81,,8.14,,2023,4,1
357.25,,78.74,,100.23,,2022,3,0
483.82,,63.03,,8.0,,2022,0,1
410.61,,89.69,,19.73,,2021,4,0
306.55,,85.77,,8.0,,2023,1,0
406.73,,63.56,,8.55,,2023,2,1
294.9,,67.25,,137.6,,2022,0,0
439.55,,84.55,,8.0,,2018,1,0
354.09,,89.96,,8.0,,2022,0,0
374.85,,59.35,,108.71,,2022,2,0
452.92,,61.96,,52.02,,2022,2,1
309.21,,70.56,,21.95,,2021,0,0
303.16,,50.29,,8.0,,2024,4,1
347.9,,72.19,,64.57,,2022,0,1
437.11,,83.86,,28.51,,2023,1,0
296.44,,57.61,,16.38,,2023,3,1
224.23,,73.27,,18.79,,2023,0,0
355.19,,66.18,,29.56,,2024,1,1
410.35,,88.4,,33.65,,2020,2,1
446.01,,66.3,,71.58,,2024,2,0
354.53,,87.19,,62.04,,2023,1,0
357.37,,66.03,,61.19,,2022,0,0
443.46,,79.71,,54.88,,2022,0,1
277.16,,74.52,,59.55,,2021,1,1
358.63,,70.62,,47.54,,2022,1,0
390.47,,64.09,,85.06,,2021,2,0
404.71,,75.23,,34.24,,2024,2,0
351.96,,67.59,,30.9,,2022,3,0
381.89,,65.1,,,0.846,2021,0,0
243.14,,86.73,,8.0,,2020,1,0
343.8,,77.48,,63.02,,2023,1,0
404.94,,78.44,,115.56,,2023,2,1
325.97,,68.08,,14.76,,2021,0,0
383.24,,70.14,,39.66,,2020,1,1
404.58,,69.51,,8.0,,2023,1,0
361.16,,75.37,,60.97,,2021,1,1
389.38,,78.42,,34.45,,2024,0,0
327.05,,71.7,,47.03,,2023,1,0
368.64,,64.07,,8.0,,2024,2,0
413.56,,79.61,,69.63,,2024,1,0
388.63,,72.33,,12.42,,2021,1,1
347.74,,57.59,,48.49,,2022,0,0
392.33,,50.65,,37.77,,2022,0,0
419.3,,74.98,,44.55,,2019,2,1
267.25,,63.71,,8.0,,2022,1,0
443.75,,76.31,,56.88,,2022,1,0
361.51,,64.24,,66.61,,2020,0,0
403.4,,73.33,,27.05,,2024,3,0
445.85,,68.22,,22.08,,2021,2,1
304.56,,89.52,,17.61,,2023,1,1
340.98,,81.5,,110.44,,2019,2,0
364.13,,85.47,,59.08,,2018,3,0
336.89,,72.24,,50.37,,2024,1,1
475.42,,80.22,,109.13,,2019,0,1
332.88,,72.92,,18.01,,2023,0,0
349.44,,86.7,,41.77,,2023,1,1
391.24,,71.27,,48.66,,2022,4,1
313.88,,58.03,,234.36,,2018,1,0
358.24,,52.01,,23.4,,2021,3,1
397.46,,88.68,,21.47,,2024,0,1
361.69,,76.79,,8.0,,2024,2,0
374.86,,77.44,,8.0,,2022,1,1
350.89,,86.9,,30.12,,2022,1,0
296.7,,55.48,,8.0,,2022,1,1
397.69,,68.41,,8.0,,2023,1,1
476.52,,69.64,,140.67,,2024,2,0
381.01,,79.42,,127.03,,2023,0,0
392.39,,65.07,,16.53,,2022,0,1
418.1,,59.99,,65.52,,2023,0,0
310.19,,59.9,,86.52,,2020,1,0
473.64,,83.49,,26.25,,2024,0,0
391.13,,64.57,,10.63,,2024,1,0
469.75,,66.48,,8.0,,2024,0,0
339.68,,78.34,,8.0,,2020,1,0
479.99,,65.01,,66.96,,2023,0,1
422.63,,54.95,,20.38,,2023,1,1
410.42,,56.18,,49.67,,2021,1,0
392.87,,71.43,,32.5,,2024,1,0
366.33,,76.97,,21.08,,2023,0,0
446.03,,69.98,,8.0,,2023,1,1
387.72,,76.3,,17.04,,2018,1,0
271.81,,55.87,,77.01,,2024,1,0
318.55,,56.55,,70.06,,2023,2,0
369.78,,94.54,,8.0,,2024,3,1
397.05,,84.33,,8.0,,2019,0,0
376.89,,79.69,,59.23,,2023,0,0
447.04,,65.4,,17.18,,2023,1,0
272.69,,69.62,,43.33,,2019,0,0
387.9,,71.98,,34.74,,2019,1,0
280.01,,85.14,,44.34,,2023,1,0
421.78,,76.03,,8.0,,2023,0,0
374.8,,77.26,,112.37,,2024,0,1
403.08,,70.32,,8.0,,2023,2,1
332.49,,79.93,,8.0,,2020,0,0
450.37,,75.02,,10.77,,2024,0,0
437.29,,72.44,,211.48,,2021,1,0
412.09,,64.57,,8.0,,2023,2,0
372.88,,70.86,,87.17,,2022,1,1
411.89,,61.2,,8.0,,2019,1,1
341.12,,71.6,,8.0,,2024,0,0
427.06,,72.89,,63.4,,2022,0,0
470.72,,47.95,,78.76,,2019,0,1
438.88,,69.7,,65.99,,2021,2,1
339.87,,60.24,,11.58,,2023,2,0
399.88,,76.99,,89.0,,2023,0,1
308.88,,78.37,,8.0,,2020,2,0
411.48,,67.74,,17.58,,2022,1,1
404.78,,77.49,,26.13,,2021,1,1
277.16,,77.91,,8.0,,2022,1,0
316.1,,69.7,,36.42,,2021,2,0
364.43,,87.34,,34.42,,2022,0,0
363.45,,64.75,,203.76,,2024,1,0
313.48,,86.71,,40.82,,2020,2,1
401.39,,69.75,,21.28,,2018,1,0
393.83,,63.57,,65.58,,2020,0,0
369.32,,68.48,,17.13,,2024,1,1
338.43,,61.01,,31.97,,2022,0,0
437.68,,79.85,,8.0,,2023,2,0
471.05,,55.97,,16.36,,2018,0,0
353.4,,85.9,,31.54,,2020,2,1
346.33,,62.64,,50.89,,2022,1,0
407.02,,80.37,,8.0,,2023,3,1
360.31,,72.24,,67.01,,2023,1,0
372.33,,74.71,,96.78,,2023,0,0
420.68,,66.1,,13.86,,2023,0,0
274.99,,75.53,,60.89,,2020,2,1
452.51,,73.35,,8.35,,2023,0,0
384.0,,57.42,,31.13,,2022,2,0
357.37,,62.37,,67.1,,2024,2,0
375.09,,66.59,,20.52,,2023,2,0
377.93,,64.45,,8.0,,2022,0,1
284.78,,84.53,,32.61,,2022,0,1
462.22,,72.07,,78.22,,2024,2,0
382.27,,64.21,,8.0,,2018,0,1
404.37,,67.09,,8.0,,2024,1,0
432.34,,66.96,,69.54,,2018,1,0
323.84,,69.12,,13.05,,2022,0,1
406.04,,61.25,,19.03,,2022,1,1
365.28,,63.86,,8.0,,2021,2,0
426.57,,79.67,,8.0,,2019,2,0
263.0,,73.85,,40.04,,2019,3,0
374.55,,70.48,,33.75,,2023,1,0
346.84,,72.03,,14.53,,2019,1,0
403.77,,71.54,,25.32,,2023,1,0
405.85,,69.91,,20.64,,2024,1,0
341.08,,77.17,,49.88,,2023,1,0
340.83,,76.43,,83.21,,2019,0,0
373.91,,56.28,,60.84,,2022,1,1
330.68,,70.68,,8.0,,2024,1,0
426.31,,56.94,,8.0,,2024,3,1
359.69,,78.36,,23.56,,2023,1,0
220.12,,79.68,,80.19,,2021,5,1
359.38,,65.89,,11.36,,2021,0,0
322.88,,70.83,,88.69,,2023,3,0
290.28,,50.89,,8.0,,2023,0,0
311.94,,81.73,,8.0,,2022,1,0
386.02,,79.1,,102.76,,2019,2,0
453.08,,83.5,,8.0,,2023,3,0
397.23,,86.87,,26.17,,2022,2,0
346.64,,59.76,,16.57,,2018,3,1
405.07,,80.88,,8.0,,2023,0,0
354.75,,86.79,,42.0,,2020,2,1
341.8,,57.05,,139.24,,2024,1,1
316.51,,70.29,,45.08,,2023,1,0
283.65,,68.37,,18.33,,2019,1,0
358.55,,80.55,,52.25,,2022,0,0
388.69,,48.06,,8.0,,2024,4,0
374.69,,90.16,,36.44,,2024,1,0
357.12,,70.87,,26.62,,2019,0,0
327.98,,81.16,,18.74,,2019,2,0
413.45,,71.4,,56.51,,2023,1,1
307.56,,76.92,,8.0,,2020,1,1
422.68,,48.79,,31.96,,2022,0,1
324.88,,68.15,,80.93,,2023,0,0
338.62,,80.48,,9.46,,2023,2,0
299.33,,74.89,,12.9,,2021,3,0
352.42,,55.63,,45.39,,2018,1,0
433.64,,72.61,,62.2,,2022,0,0
408.36,,63.81,,13.99,,2022,2,1
433.81,,62.95,,18.74,,2022,1,0
408.72,,56.79,,56.56,,2021,1,0
319.3,,78.19,,14.11,,2024,1,0
361.81,,83.13,,46.09,,2021,2,0
337.09,,93.2,,8.0,,2019,0,1
453.18,,57.26,,22.25,,2023,0,0
314.18,,79.67,,49.01,,2023,1,1
429.15,,80.33,,25.87,,2021,3,0
429.11,,66.19,,8.0,,2020,1,1
480.63,,62.82,,21.9,,2022,2,1
357.47,,61.14,,14.29,,2019,3,0
419.18,,66.73,,8.0,,2020,0,0
505.49,,74.03,,8.0,,2024,0,0
346.03,,85.6,,8.0,,2020,0,0
295.57,,83.05,,125.19,,2021,1,0
276.6,,55.85,,58.19,,2020,1,1
419.2,,64.11,,117.98,,2024,1,1
276.43,,85.0,,8.0,,2024,0,0
359.52,,64.69,,35.5,,2019,0,0
404.05,,71.43,,8.0,,2024,2,0
390.18,,54.95,,8.0,,2020,0,0
403.4,,83.53,,26.37,,2021,2,1
392.23,,52.87,,43.66,,2022,1,0
450.34,,55.57,,8.0,,2022,0,0
327.62,,82.51,,19.08,,2020,1,0
342.77,,91.2,,8.0,,2023,0,0
337.5,,69.09,,18.88,,2023,0,0
425.66,,71.53,,26.81,,2024,0,1
429.52,,81.08,,17.29,,2021,2,1
404.82,,74.89,,36.06,,2022,4,1
445.09,,68.27,,36.9,,2021,0,0
315.21,,67.15,,17.0,,2019,0,0
471.7,,56.33,,20.73,,2019,1,1
463.78,,74.33,,24.43,,2023,0,1
420.46,,71.08,,19.78,,2021,0,0
478.0,,67.62,,60.05,,2022,0,0
288.89,,61.98,,8.0,,2024,2,0
351.16,,62.99,,81.7,,2018,0,1
339.56,,78.18,,16.9,,2022,0,1
419.68,,80.82,,54.06,,2022,3,0
322.24,,68.73,,90.39,,2024,4,0
421.66,,67.68,,91.74,,2024,1,0
455.38,,63.46,,25.29,,2019,1,0
418.24,,81.37,,12.45,,2020,2,0
395.61,,72.31,,39.09,,2018,1,1
325.67,,75.68,,8.54,,2020,0,0
333.42,,75.58,,65.67,,2020,0,1
448.73,,68.92,,52.19,,2019,2,1
422.86,,60.35,,66.69,,2022,1,0
377.85,,62.04,,23.85,,2024,1,1
357.01,,83.28,,34.24,,2024,1,1
268.58,,64.74,,8.0,,2020,2,1
321.1,,67.9,,48.87,,2023,2,0
485.13,,60.66,,28.02,,2024,1,0
309.57,,59.84,,29.9,,2024,1,0
390.42,,64.31,,78.85,,2022,2,1
435.41,,88.88,,62.15,,2021,1,0
310.98,,78.58,,32.18,,2023,0,0
390.16,,66.73,,18.42,,2023,4,0
431.59,,82.83,,24.84,,2021,1,1
380.69,,70.48,,18.14,,2020,3,0
537.76,,85.54,,8.0,,2023,1,0
288.23,,94.12,,43.59,,2024,0,1
438.23,,82.28,,49.4,,2018,2,0
370.5,,72.95,,149.0,,2024,2,1
422.46,,78.99,,25.55,,2020,1,0
404.27,,72.15,,240.0,,2021,0,0
339.68,,53.64,,8.7,,2019,1,1
392.59,,65.45,,44.9,,2019,1,1
277.82,,62.48,,220.63,,2021,3,0
413.18,,65.23,,42.95,,2022,3,0
396.4,,89.94,,25.29,,2024,0,0
415.13,,83.22,,30.41,,2019,1,1
438.2,,76.41,,78.44,,2022,0,1
400.22,,80.12,,117.55,,2022,0,1
388.14,,53.08,,25.41,,2024,3,1
331.54,,79.28,,62.16,,2020,2,0
340.83,,81.4,,113.96,,2021,0,1
445.27,,49.6,,13.92,,2018,2,0
459.0,,79.65,,28.54,,2024,1,0
366.9,,57.76,,226.19,,2023,0,0
382.53,,52.3,,18.32,,2022,0,0
330.25,,85.26,,40.6,,2018,0,0
444.5,,61.93,,44.94,,2019,1,0
416.6,,64.84,,8.0,,2023,0,0
486.77,,81.9,,69.01,,2022,3,0
331.69,,68.95,,22.37,,2020,0,0
359.21,,70.2,,29.14,,2022,1,0
392.73,,69.98,,43.24,,2024,2,0
415.56,,75.48,,22.2,,2019,2,1
368.14,,69.74,,16.51,,2024,1,1
331.99,,73.14,,33.21,,2023,0,0
428.48,,66.96,,17.89,,2020,0,0
419.66,,75.52,,23.91,,2024,2,0
329.6,,75.14,,8.0,,2023,0,0
454.55,,90.98,,78.23,,2022,1,0
444.36,,68.19,,22.28,,2023,3,1
387.39,,70.16,,8.0,,2020,5,1
384.38,,74.39,,65.55,,2023,2,1
410.47,,81.64,,8.0,,2023,1,1
332.61,,61.08,,38.42,,2021,2,1
381.65,,73.04,,50.94,,2023,4,0
261.62,,46.92,,8.91,,2023,0,0
428.21,,69.28,,8.0,,2020,4,1
294.12,,82.73,,8.0,,2020,0,0
462.69,,64.74,,210.43,,2021,0,0
361.84,,73.77,,59.09,,2021,2,0
368.36,,66.71,,15.75,,2024,2,0
345.47,,63.41,,17.17,,2022,1,0
364.16,,81.71,,43.93,,2023,1,0
458.02,,61.55,,25.7,,2022,0,0
243.17,,74.93,,13.3,,2019,1,1
450.23,,75.08,,8.0,,2023,0,0
398.59,,63.48,,64.34,,2024,1,0
313.61,,73.56,,92.03,,2022,1,1
320.86,,62.65,,9.69,,2023,2,0
472.2,,77.22,,8.0,,2023,1,1
328.0,,58.85,,8.0,,2022,1,1
316.57,,68.6,,22.46,,2020,0,0
442.55,,69.47,,14.94,,2024,2,1
398.62,,83.13,,8.0,,2024,0,0
328.41,,73.4,,25.48,,2024,1,0
391.91,,81.55,,9.58,,2024,1,1
323.58,,77.55,,8.0,,2020,0,1
440.55,,77.48,,45.05,,2022,1,1
438.38,,68.68,,35.69,,2020,0,1
409.26,,82.21,,73.54,,2020,3,0
399.89,,68.44,,15.12,,2023,0,1
476.87,,54.7,,8.0,,2022,2,1
379.98,,69.85,,18.75,,2019,3,0
315.0,,76.53,,63.35,,2022,2,1
404.72,,55.93,,11.62,,2024,1,0
494.73,,63.15,,12.36,,2020,1,0
324.19,,59.69,,8.0,,2021,1,0
360.12,,79.87,,180.86,,2022,1,0
402.9,,88.73,,143.67,,2020,2,1
377.04,,69.9,,45.07,,2024,1,1
325.97,,77.32,,10.16,,2023,2,0
441.7,,77.06,,61.1,,2020,1,0
507.6,,87.54,,36.83,,2022,1,0
390.79,,65.47,,58.15,,2021,0,0
330.28,,69.8,,82.7,,2019,2,0
294.81,,68.59,,16.1,,2021,0,0
394.19,,72.75,,102.9,,2022,1,1
440.71,,97.04,,96.11,,2019,0,0
406.13,,72.31,,33.27,,2018,3,0
379.87,,63.45,,48.46,,2022,1,0
347.59,,60.46,,22.23,,2022,0,1
319.93,,84.53,,44.71,,2020,0,1
425.91,,63.41,,33.44,,2023,4,1
430.26,,78.64,,16.37,,2019,0,0
294.98,,65.2,,16.37,,2021,3,1
467.44,,59.33,,44.29,,2019,0,0
411.57,,78.05,,131.79,,2023,1,1
456.98,,65.69,,9.45,,2023,0,0
306.18,,76.25,,20.94,,2020,1,1
304.88,,76.99,,68.81,,2022,3,0
371.81,,77.46,,8.0,,2023,0,1
407.65,,69.32,,216.06,,2018,0,0
478.8,,78.86,,47.61,,2023,0,0
418.83,,62.77,,101.51,,2021,2,0
366.65,,47.46,,76.46,,2020,1,0
323.55,,79.07,,63.05,,2024,1,0
447.65,,73.66,,8.0,,2023,2,1
326.94,,65.9,,21.91,,2022,0,1
469.57,,57.29,,9.47,,2024,2,1
364.36,,51.63,,86.12,,2021,2,1
467.48,,72.52,,47.89,,2018,1,0
417.34,,88.49,,8.0,,2024,0,0
372.47,,70.61,,18.72,,2021,0,1
351.43,,68.39,,8.0,,2023,0,0
361.25,,71.76,,56.58,,2024,2,0
403.56,,93.79,,22.76,,2020,1,0
384.24,,79.52,,11.22,,2024,0,0
347.34,,62.66,,30.63,,2022,1,0
370.89,,72.28,,8.0,,2024,1,0
384.32,,75.32,,12.49,,2019,1,1
262.92,,61.44,,8.1,,2022,3,1
405.2,,79.59,,112.08,,2024,1,0
326.12,,63.82,,19.88,,2020,1,0
316.57,,56.89,,36.88,,2021,1,0
287.2,,72.76,,29.36,,2020,2,0
281.34,,71.18,,45.21,,2024,2,0
305.45,,71.99,,13.75,,2021,0,1
341.0,,64.35,,8.0,,2019,5,1
487.43,,65.75,,8.0,,2023,1,0
351.08,,83.28,,9.03,,2022,2,0
389.78,,76.41,,27.69,,2022,2,0
402.03,,62.43,,11.31,,2023,0,0
387.21,,52.49,,23.9,,2023,1,1
375.74,,62.86,,8.0,,2022,4,0
314.26,,73.57,,41.48,,2024,4,1
459.8,,65.68,,88.41,,2020,3,0
479.4,,64.9,,8.0,,2024,1,1
287.45,,66.11,,10.33,,2021,1,0
323.68,,71.27,,16.06,,2020,0,0
364.61,,79.85,,14.22,,2023,1,0
326.95,,72.0,,8.0,,2024,2,0
407.83,,72.62,,8.0,,2021,1,1
339.95,,69.75,,102.3,,2019,1,0
499.08,,67.01,,52.19,,2022,1,0
445.48,,80.94,,133.58,,2024,0,1
391.69,,79.42,,24.39,,2021,2,0
436.48,,92.45,,88.71,,2018,2,0
440.82,,78.11,,71.22,,2022,2,1
348.98,,67.02,,87.32,,2021,1,0
335.11,,62.95,,8.0,,2019,2,0
384.3,,81.53,,44.4,,2024,1,0
427.39,,63.85,,35.12,,2023,2,0
387.65,,80.1,,33.09,,2020,0,1
293.27,,64.4,,29.48,,2024,3,0
335.84,,75.49,,66.76,,2022,3,0
375.93,,61.4,,,2.411,2023,2,0
375.84,,79.8,,74.16,,2022,2,1
488.49,,59.66,,85.82,,2024,2,0
303.77,,74.73,,27.78,,2024,2,0
407.81,,70.02,,49.27,,2018,1,0
461.9,,73.02,,22.56,,2018,0,0
504.93,,68.04,,18.76,,2022,3,0
357.76,,67.81,,94.77,,2021,0,0
407.03,,73.55,,98.96,,2022,1,0
411.34,,61.98,,48.15,,2021,1,0
390.75,,61.92,,76.41,,2024,1,0
374.56,,68.41,,18.77,,2020,2,0
403.98,,68.03,,23.89,,2019,2,0
240.73,,61.95,,72.26,,2021,3,1
417.51,,81.24,,21.32,,2020,1,0
386.94,,68.66,,8.0,,2022,0,0
367.76,,69.73,,18.31,,2022,1,1
492.58,,58.72,,21.33,,2023,1,0
342.88,,92.72,,8.0,,2019,0,0
357.83,,96.27,,17.71,,2023,1,1
489.54,,64.2,,114.43,,2021,0,1
334.24,,84.26,,82.14,,2023,1,1
349.74,,71.08,,24.8,,2021,1,0
371.91,,88.04,,51.97,,2024,2,0
426.24,,75.36,,8.0,,2024,1,0
391.43,,73.0,,58.66,,2021,0,1
308.91,,47.01,,27.13,,2024,4,0
350.73,,63.21,,53.85,,2021,1,1
346.6,,72.21,,43.38,,2024,2,1
375.75,,73.99,,11.13,,2020,1,1
403.42,,59.85,,75.6,,2021,0,1
403.0,,64.71,,35.66,,2024,1,0
282.32,,77.53,,64.4,,2019,1,1
438.52,,58.17,,8.0,,2023,0,0
393.89,,73.34,,40.13,,2023,2,1
456.15,,84.38,,14.5,,2024,1,1
404.43,,75.85,,82.85,,2024,1,0
440.57,,75.35,,125.41,,2022,2,1
405.66,,51.8,,8.0,,2023,2,0
454.04,,63.78,,54.11,,2020,0,1
408.72,,92.54,,8.0,,2020,2,0
374.61,,66.01,,81.84,,2022,3,0
504.98,,84.64,,8.0,,2020,1,0
428.9,,65.89,,9.11,,2020,3,0
411.56,,69.22,,12.17,,2018,3,0
309.8,,77.16,,54.66,,2019,0,0
309.14,,73.01,,14.53,,2023,2,0
396.1,,75.82,,38.08,,2018,2,0
388.0,,63.82,,35.64,,2024,1,0
346.22,,60.64,,21.61,,2019,4,1
387.75,,63.14,,32.57,,2020,0,1
467.37,,66.68,,8.0,,2021,1,0
418.25,,69.71,,87.73,,2023,0,0
317.24,,82.37,,9.75,,2023,1,0
373.87,,72.87,,89.13,,2020,0,0
335.73,,76.85,,30.72,,2021,1,0
358.68,,73.42,,39.97,,2024,1,0
357.25,,60.85,,12.49,,2022,1,0
353.73,,72.17,,10.56,,2022,2,0
310.97,,73.31,,28.34,,2023,1,0
372.98,,79.6,,13.07,,2022,2,1
349.17,,61.31,,23.11,,2022,1,1
218.88,,51.6,,24.37,,2023,3,0
492.91,,73.76,,13.27,,2024,0,0
439.88,,75.54,,14.49,,2022,2,0
359.3,,70.21,,151.56,,2021,4,0
381.04,,72.28,,37.19,,2024,1,0
315.56,,80.79,,74.89,,2023,1,1
473.26,,67.41,,8.0,,2023,2,1
484.35,,69.21,,8.0,,2023,1,1
388.62,,72.79,,30.75,,2023,0,0
436.29,,59.8,,73.64,,2023,2,0
389.64,,70.48,,39.65,,2023,2,0
306.48,,71.36,,40.51,,2024,2,1
357.35,,88.37,,8.0,,2022,2,0
387.26,,69.02,,161.4,,2020,3,1
355.0,,74.0,,31.68,,2021,0,0
367.97,,81.19,,8.0,,2023,1,1
374.97,,63.63,,22.46,,2022,0,1
375.55,,85.76,,8.0,,2024,0,1
382.87,,89.64,,22.74,,2020,3,0
321.67,,71.71,,52.22,,2023,1,0
340.56,,66.61,,16.42,,2020,0,0
309.35,,88.27,,15.77,,2023,0,1
433.78,,79.96,,30.33,,2022,0,0
264.19,,72.82,,28.99,,2024,0,1
443.45,,86.27,,26.44,,2023,2,1
456.25,,85.21,,30.55,,2023,0,1
363.38,,68.64,,8.0,,2018,1,0
236.83,,74.49,,27.0,,2023,4,0
360.13,,77.77,,202.85,,2022,3,1
376.47,,72.29,,60.7,,2021,0,0
324.42,,58.09,,14.24,,2023,2,1
351.66,,62.62,,47.56,,2020,2,0
464.16,,58.42,,16.81,,2020,1,0
416.57,,76.93,,8.93,,2021,0,0
329.15,,60.16,,62.38,,2023,0,0
292.13,,73.92,,9.88,,2021,0,0
362.01,,90.32,,82.17,,2022,1,1
368.26,,86.28,,20.11,,2021,0,0
407.29,,53.63,,59.39,,2021,0,0
350.56,,59.21,,12.62,,2020,2,0
408.13,,64.23,,44.42,,2021,3,1
486.43,,60.31,,10.04,,2021,0,0
424.85,,55.46,,8.0,,2020,0,1
377.36,,71.89,,70.78,,2019,2,0
369.93,,79.05,,81.44,,2022,0,0
360.38,,81.54,,89.25,,2020,1,1
444.94,,67.26,,8.0,,2024,0,0
345.5,,69.28,,60.1,,2023,0,0
382.49,,75.56,,75.9,,2022,1,0
382.82,,70.92,,15.69,,2021,0,0
352.4,,80.11,,26.7,,2022,1,0
304.51,,76.3,,22.01,,2021,2,0
397.76,,68.24,,24.36,,2024,2,0
376.64,,53.43,,78.77,,2021,1,0
407.51,,86.99,,22.72,,2021,2,1
350.65,,65.14,,15.12,,2023,2,0
447.15,,75.58,,8.0,,2024,0,1
331.78,,52.83,,47.18,,2023,0,0
474.16,,71.89,,8.0,,2019,4,0
283.88,,73.0,,8.0,,2024,1,0
403.91,,73.49,,48.06,,2023,2,0
406.15,,102.14,,49.77,,2020,0,0
336.24,,65.69,,9.32,,2019,1,0
403.34,,80.21,,132.34,,2023,2,1
450.37,,77.23,,65.11,,2020,1,0
258.07,,65.21,,48.71,,2022,4,0
407.65,,80.06,,58.96,,2019,0,0
242.87,,70.36,,22.3,,2022,2,1
326.89,,80.75,,25.54,,2018,1,0
469.6,,91.61,,85.76,,2022,1,1
348.0,,73.51,,8.0,,2024,1,0
315.44,,69.19,,68.11,,2022,1,0
369.11,,82.52,,24.92,,2024,2,1
493.73,,85.97,,26.19,,2022,0,1
279.26,,63.17,,16.55,,2023,0,1
322.18,,67.47,,39.23,,2021,0,1
462.36,,78.75,,47.29,,2021,3,0
482.17,,70.68,,8.0,,2021,1,0
374.31,,62.46,,35.03,,2019,1,0
311.85,,77.41,,26.26,,2021,1,0
495.27,,78.71,,63.96,,2021,0,0
467.69,,68.66,,33.1,,2021,1,1
417.34,,72.61,,23.58,,2022,1,0
335.32,,66.23,,31.62,,2022,1,1
377.3,,61.05,,28.33,,2023,1,1
371.18,,67.03,,114.92,,2021,3,0
398.2,,72.74,,15.7,,2023,0,0
459.81,,57.25,,8.0,,2024,0,0
428.37,,67.76,,45.56,,2022,1,1
320.74,,72.88,,38.89,,2022,0,0
455.71,,83.95,,101.12,,2023,0,0
397.22,,68.87,,8.0,,2022,0,0
417.79,,59.54,,31.06,,2020,2,0
460.66,,69.9,,8.0,,2021,2,0
318.86,,66.33,,25.55,,2018,0,0
378.03,,77.52,,67.46,,2023,2,1
350.77,,68.62,,81.8,,2021,4,0
293.77,,44.89,,75.39,,2024,4,0
399.07,,108.92,,33.3,,2023,2,0
518.14,,73.42,,42.21,,2023,0,0
278.8,,72.89,,33.68,,2024,1,1
378.22,,56.59,,34.6,,2022,1,1
415.23,,57.35,,90.89,,2020,1,0
386.77,,71.08,,9.86,,2024,0,0
373.78,,75.36,,24.26,,2024,2,0
308.54,,79.02,,39.55,,2020,0,1
392.8,,74.37,,60.89,,2023,4,1
338.38,,60.14,,60.27,,2019,1,0
259.55,,46.96,,8.0,,2018,1,1
445.7,,71.0,,10.54,,2023,1,1
432.71,,66.66,,101.85,,2021,0,0
382.84,,59.37,,18.58,,2024,0,0
392.6,,80.28,,8.0,,2022,2,0
439.09,,56.24,,9.36,,2023,0,0
392.34,,78.17,,146.65,,2019,1,0
429.72,,57.9,,15.57,,2024,0,0
363.64,,73.34,,39.95,,2020,2,0
452.16,,81.34,,54.47,,2022,4,0
397.64,,68.62,,43.68,,2023,0,0
390.67,,88.9,,19.91,,2019,2,1
310.15,,91.18,,23.64,,2024,2,0
395.78,,74.37,,76.44,,2021,1,0
334.24,,77.41,,45.66,,2023,1,0
344.89,,82.61,,8.0,,2023,0,1
335.15,,77.44,,9.55,,2018,0,0
321.36,,76.37,,14.17,,2024,0,0
496.86,,66.76,,19.11,,2021,0,0
453.22,,55.13,,36.13,,2020,0,1
485.62,,58.1,,19.17,,2019,1,0
312.74,,95.82,,73.21,,2021,0,0
383.92,,75.22,,26.97,,2023,2,0
308.86,,69.54,,29.3,,2020,1,1
341.74,,84.63,,23.42,,2022,0,0
329.5,,64.51,,15.61,,2023,1,1
448.18,,77.83,,54.19,,2024,1,1
358.21,,72.77,,10.95,,2023,2,0
438.76,,76.6,,49.12,,2020,2,0
413.23,,68.64,,31.68,,2021,1,1
506.7,,62.35,,8.0,,2022,0,0
298.63,,63.77,,8.0,,2024,2,1
449.26,,64.16,,8.0,,2022,2,0
443.05,,71.97,,60.12,,2022,1,1
326.46,,56.44,,20.39,,2021,0,0
435.39,,59.53,,68.63,,2022,0,0
398.49,,73.36,,29.27,,2021,1,1
367.49,,70.72,,8.0,,2022,1,0
334.68,,73.9,,78.6,,2024,2,0
340.45,,71.55,,115.63,,2024,1,0
492.74,,97.19,,8.0,,2024,1,0
380.04,,73.27,,9.81,,2024,1,0
423.02,,68.21,,52.8,,2021,2,0
336.5,,73.01,,240.0,,2023,0,0
337.11,,82.2,,87.78,,2021,3,0
439.51,,71.5,,8.0,,2018,2,1
305.77,,78.85,,39.25,,2024,0,1
357.16,,75.96,,45.96,,2019,0,0
381.87,,69.1,,41.85,,2019,0,0
386.13,,73.11,,35.26,,2018,1,0
370.15,,87.99,,14.52,,2019,0,0
401.77,,74.43,,46.37,,2019,1,1
418.11,,62.14,,54.75,,2023,3,1
420.41,,68.8,,36.01,,2024,0,1
325.78,,50.86,,28.87,,2023,0,0
364.37,,73.37,,10.38,,2023,1,0
445.71,,85.12,,33.05,,2023,1,0
429.21,,58.59,,8.0,,2022,4,0
304.49,,73.5,,8.0,,2024,4,0
399.33,,81.85,,63.19,,2022,1,1
271.2,,82.91,,47.37,,2018,0,0
382.58,,84.8,,43.98,,2023,0,1
484.38,,53.32,,110.58,,2024,1,0
327.87,,77.05,,20.13,,2020,2,0
334.11,,56.94,,21.44,,2021,2,1
422.02,,62.02,,22.43,,2023,3,0
295.15,,80.21,,26.29,,2022,0,1
345.2,,73.58,,30.21,,2024,0,1
412.8,,79.26,,63.22,,2022,0,0
345.11,,62.71,,10.31,,2023,2,0
367.02,,86.74,,23.91,,2021,0,0
420.93,,78.88,,29.55,,2024,0,0
403.19,,80.89,,8.0,,2021,1,1
394.68,,61.2,,50.84,,2022,2,0
361.35,,83.71,,8.0,,2023,1,1
400.35,,68.84,,37.03,,2021,1,1
373.19,,65.89,,9.48,,2021,1,1
405.18,,78.25,,8.0,,2022,3,0
352.67,,77.83,,15.94,,2021,3,0
369.96,,63.53,,23.55,,2020,1,0
325.55,,92.56,,71.4,,2024,3,1
378.07,,90.14,,22.01,,2021,1,0
335.39,,78.05,,103.75,,2022,0,0
318.73,,76.3,,77.64,,2022,0,0
394.23,,75.3,,8.99,,2024,1,0
391.7,,56.5,,8.0,,2020,0,0
423.06,,73.13,,11.74,,2023,0,0
356.29,,73.0,,18.72,,2021,1,0
402.44,,66.24,,36.78,,2024,1,0
410.29,,68.91,,8.0,,2023,2,0
404.46,,48.19,,31.89,,2020,0,1
334.59,,61.03,,36.51,,2021,0,1
388.21,,81.22,,45.42,,2018,1,0
400.03,,89.31,,33.55,,2023,3,0
380.39,,62.57,,73.25,,2022,2,0
265.24,,73.83,,43.1,,2018,0,0
388.83,,82.98,,108.54,,2018,2,0
501.69,,66.8,,50.7,,2024,0,0
360.2,,78.76,,24.06,,2024,1,0
339.96,,71.66,,9.88,,2021,0,0
400.53,,83.9,,8.0,,2022,0,0
397.18,,59.18,,8.0,,2022,2,1
445.6,,60.95,,8.83,,2022,2,1
310.82,,74.8,,10.24,,2021,2,0
420.23,,72.96,,56.91,,2021,0,1
412.47,,71.44,,20.49,,2020,1,0
372.18,,77.76,,16.48,,2018,2,0
398.63,,62.69,,8.0,,2020,0,0
436.62,,58.31,,32.49,,2018,1,0
427.98,,67.0,,39.86,,2022,1,1
317.13,,68.12,,88.31,,2023,4,0
425.11,,69.16,,29.35,,2020,0,1
376.44,,84.69,,8.0,,2022,1,1
384.01,,79.7,,8.0,,2021,0,1
384.03,,77.33,,13.28,,2019,3,0
371.74,,74.22,,8.0,,2019,0,0
445.54,,67.66,,61.83,,2023,3,0
375.4,,63.46,,8.0,,2019,0,1
318.42,,60.03,,8.0,,2022,2,0
358.36,,65.05,,46.16,,2020,4,0
389.83,,71.57,,11.51,,2024,2,1
447.61,,60.45,,146.01,,2018,3,1
413.17,,73.7,,83.54,,2021,0,0
333.22,,70.06,,57.32,,2023,0,1
516.69,,68.03,,17.65,,2023,0,0
394.56,,83.62,,8.0,,2020,1,0
450.15,,47.39,,17.22,,2020,1,0
371.66,,68.16,,19.86,,2022,1,1
409.33,,48.48,,8.0,,2023,2,0
426.17,,74.39,,8.0,,2023,1,0
447.0,,79.62,,46.32,,2023,1,0
438.16,,58.49,,11.11,,2023,1,0
427.97,,59.77,,47.6,,2022,1,0
362.67,,55.02,,33.38,,2022,0,0
348.55,,72.64,,97.33,,2022,1,0
398.29,,68.59,,67.01,,2023,2,0
431.32,,69.21,,8.0,,2020,2,1
367.75,,68.32,,39.56,,2021,3,1
438.58,,62.26,,44.47,,2024,1,1
459.89,,83.32,,83.2,,2023,2,0
329.6,,74.72,,43.02,,2023,1,0
333.97,,60.15,,8.0,,2019,1,0
372.28,,64.99,,12.56,,2022,1,0
396.92,,63.28,,42.63,,2022,0,0
351.15,,86.06,,102.05,,2023,3,0
454.37,,79.11,,93.29,,2022,0,0
403.32,,70.74,,18.69,,2022,1,0
382.17,,89.07,,74.59,,2020,0,0
301.02,,86.52,,30.07,,2024,1,1
307.63,,69.69,,26.22,,2024,1,0
395.46,,67.89,,18.15,,2022,1,1
262.71,,68.38,,47.62,,2022,1,0
435.7,,62.47,,38.44,,2021,3,0
371.3,,89.34,,19.72,,2021,1,0
558.37,,61.94,,60.44,,2022,2,1
506.94,,80.68,,20.03,,2020,0,0
370.02,,78.91,,36.88,,2022,0,0
374.15,,68.95,,20.92,,2022,1,1
434.76,,90.1,,8.0,,2023,2,0
473.67,,56.41,,8.0,,2020,1,0
289.91,,71.2,,44.91,,2023,1,0
281.75,,67.11,,70.02,,2018,0,1
345.79,,81.61,,26.54,,2022,0,0
412.05,,75.54,,16.54,,2024,0,1
407.33,,54.73,,17.23,,2023,0,0
438.84,,84.39,,38.24,,2024,2,1
314.02,,76.85,,26.48,,2020,0,0
252.61,,61.65,,8.0,,2023,0,0
427.19,,68.5,,62.0,,2022,2,0
334.45,,59.0,,8.0,,2021,0,0
268.98,,70.29,,47.18,,2021,1,0
387.98,,73.5,,17.72,,2019,1,0
423.62,,68.65,,36.24,,2023,2,0
373.29,,67.5,,81.14,,2023,0,0
354.82,,55.87,,8.0,,2020,1,0
371.24,,75.37,,63.14,,2022,1,1
359.62,,52.76,,8.0,,2019,1,1
305.86,,72.31,,106.81,,2021,1,0
340.69,,54.01,,9.46,,2018,1,1
408.67,,72.51,,66.44,,2023,3,1
397.69,,71.94,,8.0,,2018,1,0
389.24,,76.03,,16.64,,2021,0,0
325.27,,80.62,,42.16,,2021,0,0
370.02,,82.48,,45.17,,2023,0,1
260.26,,55.9,,50.4,,2022,1,1
389.82,,71.42,,18.15,,2022,2,1
458.59,,92.11,,46.06,,2020,2,1
298.92,,73.19,,23.5,,2022,0,0
347.77,,63.69,,35.05,,2020,0,0
398.1,,71.2,,33.28,,2024,1,1
448.91,,68.16,,8.0,,2022,3,0
355.35,,60.24,,78.74,,2024,1,0
341.93,,80.69,,84.78,,2019,0,1
271.71,,77.84,,9.57,,2022,2,0
385.69,,58.65,,22.63,,2023,0,0
492.31,,71.07,,26.26,,2023,0,0
395.25,,66.34,,33.44,,2022,1,1
378.77,,55.98,,8.0,,2018,0,1
397.71,,57.85,,59.73,,2021,0,0
379.39,,59.34,,83.17,,2021,0,0
335.28,,71.42,,8.0,,2021,1,0
425.28,,67.42,,95.32,,2019,0,0
392.42,,62.41,,79.94,,2018,2,0
380.97,,68.08,,32.82,,2022,2,0
326.35,,79.48,,13.49,,2023,1,0
451.69,,75.57,,9.77,,2020,0,0
416.56,,82.02,,28.21,,2023,1,0
349.59,,69.72,,29.72,,2023,1,0
435.1,,88.03,,44.32,,2022,2,1
352.63,,75.48,,67.94,,2022,1,0
336.99,,67.11,,114.48,,2021,2,0
338.22,,72.93,,66.82,,2021,1,0
282.59,,59.52,,100.69,,2022,1,0
405.93,,68.94,,29.06,,2021,0,0
279.29,,76.3,,8.0,,2022,1,1
312.44,,78.12,,8.0,,2023,1,0
265.84,,67.9,,13.13,,2024,2,0
375.27,,99.34,,39.98,,2024,0,1
371.73,,70.28,,17.15,,2024,1,1
362.03,,55.22,,8.0,,2024,0,1
322.66,,84.13,,79.82,,2020,1,0
315.53,,78.07,,176.37,,2024,0,0
405.54,,74.32,,8.0,,2020,3,0
349.72,,67.35,,8.0,,2024,0,0
397.4,,75.93,,29.06,,2022,1,0
331.31,,88.19,,17.3,,2024,0,1
389.96,,74.02,,64.01,,2024,1,1
451.68,,57.3,,44.61,,2024,0,1
412.24,,37.47,,8.0,,2024,2,1
357.32,,75.85,,33.06,,2020,1,0
394.15,,62.14,,17.23,,2024,0,0
366.76,,71.0,,140.94,,2020,4,0
380.43,,63.91,,27.09,,2022,1,0
362.09,,63.19,,110.31,,2022,1,0
370.96,,64.35,,8.0,,2022,3,0
391.67,,65.25,,8.0,,2023,1,1
325.37,,79.76,,20.5,,2021,1,0
324.13,,77.74,,91.56,,2022,0,0
303.63,,59.92,,33.04,,2023,4,1
291.99,,61.28,,73.0,,2023,3,0
313.05,,75.79,,14.0,,2022,1,0
388.77,,82.53,,8.0,,2019,3,0
330.9,,82.37,,11.86,,2021,2,0
408.25,,61.97,,43.53,,2024,0,1
381.91,,81.89,,86.15,,2024,3,0
271.73,,54.24,,25.49,,2023,4,1
416.02,,69.97,,9.04,,2020,1,1
424.59,,76.87,,42.63,,2019,2,0
325.34,,51.21,,9.21,,2024,0,0
403.11,,92.93,,35.47,,2024,0,1
332.89,,85.27,,8.0,,2021,1,1
385.37,,78.47,,70.0,,2023,2,0
310.45,,62.35,,68.7,,2024,2,0
281.38,,71.32,,32.73,,2020,1,0
358.95,,79.9,,8.0,,2023,1,1
373.19,,60.77,,13.81,,2024,0,1
358.13,,70.2,,8.0,,2024,0,0
,195.66,81.1,,31.13,,2021,1,0
358.01,,57.05,,8.0,,2024,0,0
394.81,,75.32,,85.6,,2020,0,0
377.53,,54.45,,79.73,,2020,1,1
390.04,,62.56,,8.0,,2019,0,0
343.14,,66.95,,49.86,,2019,4,0
444.44,,77.14,,50.08,,2023,3,0
315.31,,64.99,,21.23,,2021,0,1
406.82,,73.26,,8.0,,2024,0,0
445.0,,65.13,,8.0,,2024,2,0
406.45,,66.69,,56.49,,2019,2,0
368.86,,84.51,,10.44,,2022,2,0
350.94,,60.5,,38.85,,2023,1,1
436.98,,79.59,,84.38,,2023,3,0
301.74,,71.99,,37.77,,2019,1,0
326.64,,66.24,,153.22,,2021,0,1
358.13,,59.82,,43.56,,2023,0,0
448.07,,60.54,,15.87,,2022,0,0
400.89,,64.61,,80.38,,2024,3,0
326.76,,70.5,,15.64,,2019,2,0
362.93,,78.04,,149.53,,2022,0,0
346.21,,69.0,,27.28,,2024,0,0
340.96,,69.67,,128.64,,2024,1,0
433.84,,71.16,,8.52,,2019,3,0
304.55,,76.77,,8.0,,2023,0,0
468.48,,78.45,,9.17,,2018,0,1
425.55,,58.13,,8.0,,2021,2,0
440.0,,69.18,,55.61,,2022,4,0
354.54,,84.27,,12.91,,2021,0,0
371.75,,58.84,,42.85,,2023,5,1
301.18,,72.74,,46.39,,2018,1,1
351.14,,70.29,,48.95,,2024,3,1
407.15,,66.33,,75.07,,2021,1,1
451.28,,87.91,,8.0,,2020,2,0
319.11,,72.37,,8.0,,2022,0,1
359.9,,87.11,,8.0,,2022,3,1
371.68,,72.06,,8.0,,2019,1,0
303.23,,76.6,,20.02,,2023,2,1
412.52,,66.23,,143.75,,2023,2,0
340.18,,66.34,,18.3,,2022,0,0
369.25,,76.09,,25.33,,2020,0,0
355.14,,76.28,,70.73,,2024,1,0
336.59,,77.98,,105.35,,2023,1,0
379.61,,75.77,,149.34,,2020,2,1
368.14,,58.64,,73.55,,2023,1,0
359.55,,63.94,,29.32,,2019,4,0
339.93,,80.5,,10.95,,2019,2,1
397.57,,52.42,,38.31,,2022,0,0
470.95,,74.93,,9.2,,2023,1,0
387.69,,70.88,,8.0,,2024,1,1
434.79,,80.5,,105.74,,2024,0,0
303.54,,76.17,,27.85,,2023,0,1
388.68,,65.36,,29.81,,2023,2,1
319.64,,64.91,,39.46,,2022,1,0
298.77,,66.77,,25.22,,2019,3,1
339.33,,77.8,,24.69,,2019,2,0
445.55,,48.98,,103.61,,2024,1,0
432.25,,73.57,,71.22,,2021,0,0
393.37,,63.17,,10.04,,2023,1,0
295.7,,73.91,,14.49,,2020,0,1
369.2,,75.44,,45.39,,2022,0,1
396.59,,55.38,,35.55,,2020,1,0
389.65,,69.73,,61.03,,2024,1,1
278.59,,73.56,,54.63,,2020,0,1
331.03,,72.88,,51.78,,2023,2,1
376.48,,70.78,,89.13,,2020,3,0
409.5,,59.79,,61.1,,2024,1,0
259.21,,61.31,,11.68,,2022,1,1
371.08,,58.22,,86.62,,2022,2,1
387.87,,77.54,,17.17,,2021,3,0
426.73,,70.84,,101.55,,2023,1,0
418.11,,71.48,,73.03,,2019,2,1
412.04,,54.95,,8.0,,2024,2,0
336.0,,71.66,,61.96,,2023,1,0
275.06,,78.34,,29.12,,2021,0,0
358.38,,53.58,,158.64,,2024,2,0
435.09,,66.65,,25.76,,2024,3,0
456.64,,56.3,,8.0,,2021,3,0
419.08,,67.8,,14.57,,2024,0,1
403.61,,62.99,,23.62,,2019,4,1
400.88,,75.81,,37.64,,2023,0,0
349.41,,73.69,,8.0,,2020,1,0
372.85,,84.92,,30.4,,2024,0,1
471.8,,71.46,,27.75,,2018,2,0
328.16,,75.38,,76.1,,2020,1,0
468.81,,66.42,,15.12,,2022,1,1
362.29,,60.97,,25.07,,2022,1,0
452.9,,80.35,,20.67,,2022,1,0
302.63,,84.43,,42.01,,2023,1,0
412.22,,79.06,,75.98,,2018,0,0
339.48,,73.31,,47.29,,2022,2,1
302.16,,62.26,,26.27,,2023,1,1
392.02,,83.42,,42.66,,2020,3,0
435.52,,77.8,,16.34,,2023,1,1
333.53,,92.25,,8.0,,2023,2,0
297.55,,60.46,,16.18,,2022,0,1
374.95,,80.63,,24.63,,2021,0,0
375.19,,77.49,,24.3,,2022,1,1
410.16,,68.58,,56.19,,2021,1,0
432.23,,85.64,,115.68,,2023,2,0
376.73,,76.02,,20.69,,2023,0,0
482.05,,62.63,,8.0,,2020,3,1
392.33,,70.82,,8.0,,2022,2,0
360.95,,62.51,,8.0,,2024,0,1
291.36,,67.31,,116.85,,2024,0,1
365.55,,79.04,,228.22,,2024,1,1
361.5,,81.89,,8.0,,2024,1,1
432.82,,74.21,,18.63,,2020,3,1
405.44,,64.5,,46.48,,2023,0,0
315.13,,75.82,,8.28,,2023,0,0
389.47,,79.23,,37.9,,2018,1,0
416.93,,52.28,,70.56,,2023,2,1
464.04,,73.16,,82.01,,2020,0,0
428.81,,70.1,,51.48,,2024,1,0
421.85,,81.54,,8.0,,2024,1,0
383.3,,75.86,,17.99,,2023,1,0
401.36,,76.84,,143.71,,2023,0,1
448.72,,67.18,,8.99,,2022,1,1
306.7,,72.02,,25.41,,2023,1,0
360.78,,81.44,,17.08,,2024,2,0
337.51,,71.35,,9.66,,2019,1,0
400.85,,73.75,,16.42,,2021,0,1
447.66,,56.64,,8.83,,2021,0,1
347.17,,71.31,,88.1,,2019,2,0
248.53,,51.88,,8.05,,2024,0,0
357.33,,66.84,,41.03,,2022,0,0
430.24,,72.64,,119.82,,2022,1,1
409.57,,79.67,,128.1,,2021,1,0
403.55,,62.01,,38.53,,2023,3,1
364.6,,75.74,,13.27,,2022,2,0
309.65,,86.68,,11.97,,2023,2,1
408.34,,65.59,,57.8,,2024,1,0
334.11,,56.53,,165.82,,2023,1,1
500.13,,74.9,,8.0,,2023,1,0
411.38,,60.08,,65.44,,2023,2,0
348.06,,63.81,,8.0,,2022,0,0
346.37,,81.23,,14.87,,2024,1,0
374.89,,90.77,,35.12,,2019,2,0
366.83,,61.99,,14.81,,2020,3,1
441.43,,64.63,,44.12,,2024,2,0
390.25,,67.6,,22.68,,2020,0,1
339.76,,66.52,,10.39,,2022,4,0
483.97,,91.33,,31.79,,2022,0,0
382.71,,66.69,,8.0,,2022,2,0
422.29,,68.12,,56.75,,2024,0,0
346.55,,88.16,,31.03,,2023,0,0
399.97,,77.77,,123.14,,2024,0,0
397.11,,81.86,,8.0,,2024,1,0
276.07,,62.94,,55.35,,2024,1,0
490.84,,66.7,,15.04,,2024,2,0
450.99,,61.6,,19.62,,2022,2,0
358.15,,80.01,,18.0,,2021,0,0
319.38,,84.25,,18.61,,2023,2,1
399.12,,66.0,,23.67,,2024,2,1
384.77,,68.36,,8.0,,2024,2,0
399.56,,68.8,,78.78,,2023,1,0
390.54,,56.53,,89.68,,2023,1,0
407.84,,65.26,,8.0,,2021,1,1
459.6,,79.73,,62.84,,2020,1,0
411.25,,63.25,,8.0,,2023,0,0
322.27,,72.93,,69.27,,2020,1,1
454.94,,58.92,,39.87,,2021,0,0
470.23,,70.56,,15.36,,2022,2,0
553.36,,66.37,,39.97,,2024,2,0
318.21,,59.78,,29.67,,2024,2,1
393.36,,79.9,,42.42,,2020,4,0
265.48,,80.47,,27.09,,2020,0,0
410.42,,62.3,,62.25,,2020,1,1
349.85,,69.84,,8.0,,2022,0,0
485.79,,72.44,,17.73,,2023,0,0
337.4,,53.85,,34.41,,2022,1,0
287.09,,58.03,,37.27,,2024,1,1
354.08,,84.86,,8.0,,2023,0,0
271.35,,61.35,,8.0,,2022,1,0
421.31,,84.58,,8.0,,2023,2,1
266.42,,58.55,,22.38,,2024,2,0
381.57,,78.59,,16.84,,2021,1,1
265.72,,68.89,,35.23,,2021,1,0
362.38,,70.29,,25.07,,2020,1,1
470.39,,90.56,,21.04,,2022,0,1
399.84,,59.46,,77.85,,2022,2,1
332.51,,77.95,,40.81,,2020,1,0
378.28,,77.53,,43.63,,2023,1,1
380.99,,105.55,,20.2,,2021,1,0
405.99,,61.23,,63.0,,2023,1,0
304.82,,65.74,,8.0,,2024,1,1
412.59,,80.16,,21.59,,2024,2,0
231.26,,70.0,,8.0,,2020,2,0
345.36,,67.37,,8.0,,2021,1,1
353.14,,81.58,,8.0,,2022,3,0
414.83,,69.33,,24.46,,2024,2,0
381.24,,63.08,,50.19,,2022,3,0
302.69,,79.26,,15.75,,2023,0,0
325.83,,75.75,,8.0,,2022,2,1
390.93,,68.87,,51.59,,2018,1,0
375.65,,68.4,,9.76,,2021,2,0
348.15,,62.85,,53.87,,2023,0,1
353.55,,79.25,,8.0,,2023,1,0
418.29,,68.4,,15.73,,2024,5,0
351.53,,64.3,,40.77,,2022,0,0
375.15,,59.14,,86.06,,2023,2,0
499.35,,75.92,,58.92,,2022,1,1
301.7,,66.91,,25.08,,2021,2,0
278.15,,51.87,,53.24,,2021,1,0
423.1,,59.97,,32.39,,2020,2,0
342.67,,69.66,,70.51,,2022,2,1
362.5,,69.94,,62.11,,2024,1,0
337.04,,69.56,,156.39,,2018,2,0
365.71,,68.17,,8.0,,2022,2,0
467.92,,57.24,,17.5,,2020,0,0
424.12,,63.25,,8.97,,2023,3,1
427.42,,83.84,,41.85,,2020,1,0
302.11,,82.36,,45.81,,2020,0,1
316.69,,77.78,,9.57,,2018,0,1
223.85,,76.9,,22.99,,2022,0,0
335.48,,81.05,,38.71,,2023,2,0
432.62,,60.79,,45.18,,2021,1,1
408.43,,72.33,,8.0,,2018,0,0
367.82,,60.8,,106.65,,2024,2,1
378.77,,60.97,,8.0,,2024,0,0
342.11,,75.68,,151.61,,2022,0,1
391.26,,81.47,,15.97,,2024,1,0
422.12,,70.06,,15.97,,2024,0,0
291.13,,88.49,,24.81,,2022,1,1
396.48,,74.12,,49.87,,2022,1,0
431.28,,64.23,,8.0,,2023,1,0
357.17,,61.13,,12.36,,2023,1,1
418.54,,82.18,,136.88,,2024,0,0
534.81,,73.28,,87.96,,2022,1,1
374.26,,78.76,,10.03,,2023,2,1
401.63,,45.42,,35.74,,2020,0,1
339.41,,74.45,,9.56,,2023,5,1
389.97,,66.88,,33.54,,2019,3,1
405.31,,58.06,,19.12,,2023,3,1
390.72,,71.37,,18.9,,2023,1,0
323.92,,82.92,,42.34,,2024,2,0
391.35,,94.66,,12.19,,2022,0,0
460.42,,74.42,,21.75,,2019,3,0
404.67,,64.91,,108.94,,2021,3,1
432.91,,64.3,,59.14,,2022,1,0
366.96,,81.63,,20.3,,2023,3,0
421.24,,62.03,,10.99,,2020,1,0
395.36,,78.22,,45.19,,2020,1,1
327.7,,74.94,,69.24,,2020,1,0
397.52,,73.83,,82.81,,2020,1,0
325.46,,56.32,,34.89,,2024,0,0
345.19,,68.43,,30.55,,2020,2,0
390.41,,57.42,,53.41,,2022,1,0
396.35,,66.12,,8.12,,2022,1,0
314.59,,81.17,,80.28,,2019,2,1
437.97,,84.31,,8.0,,2019,1,1
411.46,,74.14,,38.8,,2024,0,0
341.24,,66.3,,37.42,,2024,0,1
295.43,,87.88,,15.63,,2024,1,0
372.03,,66.16,,8.0,,2021,2,0
355.47,,60.64,,53.14,,2022,3,0
386.22,,78.96,,8.0,,2021,2,0
360.03,,76.58,,8.32,,2021,2,0
269.59,,66.57,,33.0,,2023,0,0
358.64,,73.0,,118.15,,2022,2,0
363.19,,76.42,,8.0,,2019,3,1
414.85,,74.04,,36.31,,2018,1,1
341.6,,76.59,,16.75,,2020,1,1
472.33,,66.94,,46.49,,2020,1,0
274.86,,77.26,,128.34,,2023,3,0
452.11,,72.18,,13.14,,2023,0,1
367.66,,67.28,,131.12,,2024,0,0
427.28,,69.54,,85.89,,2022,0,1
384.39,,71.02,,39.23,,2022,1,0
442.68,,57.55,,59.63,,2022,1,0
358.7,,65.63,,84.07,,2020,1,0
319.58,,72.65,,68.33,,2023,1,0
458.13,,58.49,,16.61,,2021,1,0
373.76,,65.8,,70.33,,2020,3,0
392.19,,95.85,,15.8,,2024,1,0
447.91,,60.71,,84.76,,2019,2,1
323.24,,68.16,,12.39,,2023,1,1
412.75,,63.66,,35.67,,2022,2,1
347.56,,70.83,,49.59,,2023,0,0
372.73,,63.85,,23.3,,2019,2,0
383.98,,69.57,,64.16,,2021,1,0
297.49,,64.81,,108.99,,2023,0,1
337.16,,82.55,,8.66,,2024,2,1
454.31,,72.82,,8.0,,2023,2,1
428.74,,61.97,,41.37,,2023,1,0
376.55,,80.41,,38.71,,2021,0,0
393.37,,62.42,,17.53,,2023,0,1
363.82,,,56359.2,64.65,,2019,2,1
454.61,,71.97,,73.48,,2020,1,1
368.98,,91.07,,16.94,,2022,1,0
392.75,,53.72,,48.16,,2022,2,1
443.03,,58.69,,43.15,,2022,3,0
337.24,,79.53,,17.62,,2023,1,1
465.73,,65.58,,146.1,,2022,0,0
295.82,,78.12,,17.86,,2019,1,0
469.63,,63.63,,40.67,,2024,0,1
359.5,,73.42,,20.09,,2023,1,1
366.65,,89.44,,8.0,,2024,2,1
276.05,,60.05,,8.0,,2022,0,0
354.99,,82.24,,11.1,,2018,1,0
322.81,,78.8,,70.23,,2023,2,1
346.58,,57.11,,24.51,,2022,1,1
372.45,,77.59,,37.31,,2018,1,1
432.68,,72.73,,120.95,,2022,0,1
391.42,,72.91,,8.0,,2024,1,0
396.92,,75.37,,83.13,,2020,2,1
319.75,,68.5,,20.03,,2021,0,1
331.56,,72.7,,17.29,,2023,1,0
478.93,,74.41,,41.25,,2024,0,0
339.56,,79.46,,96.14,,2023,0,0
471.09,,56.73,,18.0,,2023,0,0
366.63,,84.91,,60.19,,2021,2,0
380.13,,60.45,,8.0,,2018,1,0
438.87,,79.62,,40.98,,2024,1,0
449.95,,72.79,,41.82,,2024,0,0
373.91,,59.19,,34.11,,2024,0,1
358.65,,77.28,,116.67,,2021,3,0
376.92,,62.55,,117.19,,2021,1,0
398.59,,82.69,,17.58,,2024,0,1
429.02,,64.89,,25.6,,2024,0,0
380.23,,57.05,,66.03,,2023,1,0
414.04,,87.34,,78.01,,2022,0,0
470.11,,73.81,,22.73,,2022,3,0
400.97,,80.67,,18.03,,2020,0,0
397.14,,63.49,,72.17,,2023,4,0
296.46,,53.08,,19.87,,2020,2,0
235.31,,88.75,,21.82,,2020,2,0
401.36,,71.94,,8.0,,2023,2,0
374.78,,76.91,,32.88,,2024,2,0
351.69,,78.57,,16.6,,2023,0,0
393.39,,68.65,,37.51,,2022,2,0
376.68,,74.26,,24.97,,2023,1,1
442.03,,87.94,,57.91,,2022,0,0
384.74,,71.68,,13.67,,2023,0,0
338.92,,81.42,,8.0,,2023,1,1
434.46,,52.09,,50.98,,2018,1,1
368.06,,83.24,,20.36,,2020,1,0
408.96,,56.78,,34.83,,2023,2,1
353.74,,82.09,,118.92,,2022,1,1
344.26,,75.91,,27.8,,2022,1,0
384.63,,71.04,,8.0,,2023,2,1
380.71,,71.0,,23.37,,2022,0,0
406.39,,69.47,,27.35,,2024,2,0
365.22,,63.79,,61.0,,2021,0,0
279.0,,69.94,,9.12,,2023,0,0
356.2,,94.08,,17.89,,2022,0,0
423.66,,85.02,,8.0,,2022,0,0
363.64,,63.29,,50.84,,2019,1,1
366.45,,74.68,,57.22,,2024,3,0
434.25,,72.96,,25.66,,2021,2,0
340.84,,70.58,,32.46,,2021,1,0
295.15,,61.97,,58.19,,2019,3,0
371.17,,76.46,,13.12,,2022,2,0
353.37,,80.46,,39.22,,2022,0,1
326.86,,63.66,,139.52,,2019,1,1
370.35,,91.56,,45.06,,2023,1,0
407.03,,87.22,,8.0,,2019,1,0
379.49,,77.48,,14.4,,2020,3,1
396.88,,59.68,,30.75,,2022,1,0
479.74,,76.01,,8.0,,2021,0,0
361.14,,74.82,,47.41,,2021,0,0
395.31,,77.13,,44.6,,2022,0,1
351.99,,87.9,,87.78,,2022,1,1
333.45,,70.24,,29.11,,2022,2,0
347.83,,92.48,,49.48,,2023,1,0
353.67,,76.07,,8.44,,2022,1,1
399.77,,69.1,,8.0,,2024,1,1
509.2,,95.99,,8.0,,2024,0,0
340.62,,80.3,,8.0,,2019,0,0
357.09,,67.45,,23.44,,2021,1,1
376.53,,72.84,,26.53,,2022,1,0
401.77,,78.35,,43.43,,2022,2,1
394.5,,70.49,,8.0,,2018,2,1
450.63,,73.34,,10.15,,2022,0,0
246.55,,63.83,,67.25,,2023,2,1
248.72,,55.15,,36.09,,2022,1,0
352.73,,73.06,,8.0,,2024,1,0
440.35,,73.4,,79.23,,2022,2,0
293.89,,77.27,,41.74,,2023,0,1
214.58,,66.24,,8.68,,2022,1,0
411.41,,58.59,,12.2,,2024,0,1
393.4,,62.35,,33.87,,2020,0,0
320.04,,82.56,,34.56,,2024,0,1
325.8,,65.33,,68.7,,2022,0,1
326.66,,67.58,,18.65,,2023,0,0
386.08,,68.88,,33.47,,2022,0,1
345.55,,65.81,,36.69,,2019,1,1
407.17,,65.07,,34.36,,2022,1,1
223.0,,63.29,,8.0,,2023,2,0
332.87,,86.01,,22.25,,2024,2,0
318.07,,78.8,,17.38,,2020,0,1
365.9,,84.48,,207.08,,2021,0,1
350.41,,86.49,,26.32,,2021,0,1
423.88,,48.5,,24.0,,2022,2,1
277.74,,75.43,,27.76,,2024,1,0
382.5,,66.14,,105.71,,2021,2,1
410.71,,83.17,,39.7,,2020,3,0
482.12,,64.59,,20.7,,2022,1,0
353.5,,61.46,,102.35,,2018,2,1
397.85,,57.66,,111.59,,2021,0,1
280.79,,68.97,,12.89,,2022,1,1
248.44,,81.15,,20.99,,2022,2,0
426.46,,74.56,,142.59,,2024,1,0
379.69,,59.97,,32.71,,2024,1,1
444.82,,93.53,,23.74,,2021,1,1
304.46,,78.5,,9.13,,2021,1,0
408.59,,79.77,,20.38,,2024,0,0
482.78,,84.85,,41.9,,2021,2,1
403.08,,55.6,,8.0,,2020,0,1
395.21,,62.89,,8.0,,2023,1,0
380.47,,80.23,,8.0,,2020,0,0
293.6,,63.89,,10.38,,2023,0,0
454.56,,69.25,,8.49,,2024,0,0
346.4,,71.22,,79.91,,2020,1,0
407.75,,59.23,,8.6,,2022,2,0
294.03,,68.39,,45.46,,2021,1,1
315.13,,81.15,,8.0,,2024,0,0
458.93,,79.29,,37.81,,2023,2,0
360.9,,83.13,,24.03,,2019,1,1
459.93,,82.1,,22.07,,2020,1,0
375.7,,76.06,,81.56,,2020,1,1
278.7,,,75266.78,8.0,,2018,1,0
429.06,,74.53,,37.99,,2021,0,0
347.56,,65.73,,72.46,,2021,0,0
418.43,,61.7,,52.56,,2020,1,1
381.39,,65.1,,171.99,,2022,1,0
295.13,,68.74,,8.0,,2020,4,0
389.04,,65.44,,90.61,,2024,0,0
500.79,,76.14,,39.92,,2023,0,0
407.11,,74.02,,8.0,,2019,0,0
376.84,,75.09,,26.31,,2021,0,0
439.14,,75.51,,61.26,,2024,0,1
391.59,,83.96,,8.47,,2020,1,0
391.52,,71.91,,47.66,,2019,1,1
319.96,,82.08,,8.0,,2020,2,0
392.86,,77.17,,68.33,,2023,0,1
436.95,,83.3,,35.3,,2022,1,0
334.02,,88.15,,8.0,,2019,0,0
458.35,,77.77,,8.0,,2021,2,1
374.96,,73.04,,83.75,,2019,0,1
331.17,,72.97,,8.0,,2021,0,0
434.87,,67.3,,14.89,,2020,0,0
364.23,,66.96,,35.15,,2020,2,1
421.77,,81.02,,10.08,,2023,1,0
363.95,,62.36,,10.66,,2023,1,1
376.71,,88.15,,62.84,,2023,3,1
407.15,,70.48,,14.44,,2023,2,0
396.0,,100.62,,8.0,,2020,0,1
270.25,,65.07,,53.63,,2022,1,0
318.33,,74.5,,129.66,,2022,0,1
431.12,,68.48,,74.9,,2022,2,0
372.73,,64.07,,33.4,,2024,2,0
351.19,,82.64,,23.23,,2024,0,0
305.28,,60.94,,108.88,,2020,0,0
320.61,,65.24,,61.04,,2022,1,0
268.8,,77.86,,35.51,,2020,1,0
374.43,,79.45,,88.99,,2023,0,0
347.09,,58.08,,38.66,,2022,0,0
326.84,,77.82,,152.49,,2024,0,1
376.25,,73.29,,82.07,,2022,0,1
400.02,,62.82,,33.58,,2023,0,0
495.13,,64.11,,107.6,,2021,1,1
296.85,,51.67,,17.61,,2023,2,1
443.77,,89.17,,50.7,,2018,2,0
433.52,,82.15,,8.0,,2020,2,0
337.15,,59.11,,94.81,,2022,1,0
391.18,,79.99,,11.97,,2024,0,1
354.83,,66.26,,125.02,,2024,1,1
390.21,,81.15,,8.0,,2022,0,0
463.0,,67.04,,48.1,,2019,1,1
413.31,,68.37,,8.0,,2023,2,1
407.97,,69.12,,61.87,,2020,2,0
356.33,,65.43,,28.44,,2021,2,1
298.38,,85.99,,100.97,,2021,0,0
368.53,,80.99,,52.73,,2024,2,1
446.36,,73.1,,61.41,,2023,1,0
296.01,,82.25,,8.0,,2019,4,0
321.97,,55.73,,8.0,,2024,1,0
386.94,,59.72,,79.84,,2022,1,0
325.84,,76.75,,10.75,,2023,1,0
336.41,,79.36,,84.71,,2023,1,1
356.7,,74.79,,8.0,,2024,2,0
304.89,,53.17,,15.49,,2021,1,0
326.42,,61.38,,110.94,,2024,2,0
418.69,,76.17,,76.89,,2021,2,0
308.09,,96.26,,8.0,,2024,1,1
292.12,,84.18,,24.96,,2022,0,0
345.35,,87.77,,101.07,,2023,4,0
420.26,,75.4,,8.0,,2024,2,1
369.17,,75.32,,8.0,,2020,1,0
354.45,,61.67,,43.52,,2023,3,0
382.44,,81.52,,8.0,,2024,0,1
283.99,,71.27,,25.02,,2024,0,0
407.21,,78.93,,29.77,,2020,2,0
401.09,,72.31,,82.65,,2019,1,1
357.49,,74.79,,132.54,,2022,1,0
435.33,,71.12,,30.15,,2023,1,0
317.99,,74.25,,29.99,,2023,3,0
442.03,,82.0,,54.5,,2023,3,0
388.5,,59.34,,8.98,,2023,1,0
361.49,,57.07,,118.77,,2019,1,0
378.91,,76.26,,8.0,,2022,3,1
374.1,,86.41,,8.0,,2022,0,0
447.12,,88.93,,41.27,,2023,1,0
320.78,,59.76,,17.55,,2019,0,1
338.06,,67.97,,21.32,,2023,2,0
437.0,,57.21,,10.51,,2024,0,0
347.25,,66.49,,22.0,,2023,3,0
429.53,,83.23,,73.93,,2023,0,0
473.47,,71.87,,50.46,,2019,3,0
357.9,,68.26,,8.0,,2023,1,0
417.47,,77.45,,8.0,,2023,1,1
316.55,,64.05,,29.64,,2022,1,1
421.51,,87.93,,55.02,,2024,0,0
390.97,,72.07,,45.87,,2023,1,0
406.02,,67.98,,83.83,,2022,0,1
344.49,,77.87,,8.0,,2020,0,1
288.64,,81.39,,39.09,,2022,0,0
407.68,,87.96,,61.0,,2020,0,0
266.51,,69.9,,116.68,,2019,0,1
362.55,,82.86,,8.0,,2020,1,0
431.77,,73.01,,11.51,,2021,1,1
390.55,,65.89,,18.39,,2023,4,1
487.16,,64.23,,32.68,,2022,1,0
436.38,,61.03,,22.06,,2023,0,0
344.04,,64.58,,82.91,,2023,0,1
381.5,,83.16,,126.27,,2023,2,0
377.39,,79.07,,8.0,,2022,1,0
292.98,,59.59,,50.52,,2023,1,0
328.28,,54.54,,8.0,,2024,0,1
349.16,,60.88,,95.86,,2023,0,0
268.01,,64.23,,8.0,,2023,1,0
382.61,,68.97,,200.3,,2021,2,1
366.3,,83.73,,23.44,,2022,3,0
287.99,,66.52,,20.21,,2022,0,0
402.23,,88.8,,37.07,,2021,0,0
419.37,,55.2,,21.06,,2022,0,1
392.49,,68.51,,11.23,,2022,1,0
362.18,,79.86,,41.66,,2023,2,1
412.53,,80.47,,54.74,,2024,1,0
417.41,,68.64,,122.06,,2023,2,1
396.91,,82.02,,22.1,,2024,0,1
334.65,,80.12,,51.38,,2023,0,1
395.21,,65.18,,75.32,,2021,3,1
445.75,,75.15,,74.77,,2023,1,0
347.19,,79.04,,8.0,,2023,0,0
495.39,,65.89,,18.46,,2023,1,0
351.09,,88.94,,8.0,,2024,1,0
381.78,,63.65,,34.39,,2024,1,0
343.01,,73.44,,84.13,,2021,2,0
392.28,,59.5,,70.85,,2019,1,0
284.18,,73.03,,70.03,,2023,3,1
349.97,,61.33,,18.21,,2019,0,0
319.93,,69.06,,8.0,,2024,1,0
387.44,,56.13,,8.0,,2024,1,1
434.69,,80.0,,46.65,,2023,1,0
415.53,,75.56,,8.0,,2024,0,0
249.56,,82.87,,8.0,,2024,1,1
492.31,,68.52,,18.33,,2024,1,1
396.24,,83.34,,8.0,,2023,4,0
337.29,,72.39,,16.81,,2021,0,0
388.64,,73.13,,146.85,,2018,1,1
389.69,,93.14,,8.0,,2019,3,1
343.32,,67.15,,74.56,,2023,3,0
390.89,,84.27,,212.3,,2020,2,1
346.59,,76.8,,24.08,,2021,1,0
357.76,,66.28,,120.36,,2022,1,0
342.25,,58.84,,12.71,,2020,2,0
301.2,,61.67,,169.43,,2024,1,0
388.02,,83.31,,83.04,,2024,2,0
412.19,,89.34,,90.73,,2022,2,0
408.32,,72.91,,8.0,,2024,3,1
425.1,,73.44,,85.71,,2022,0,0
397.84,,79.76,,119.46,,2024,3,0
350.7,,72.73,,71.8,,2024,1,1
426.18,,83.0,,8.0,,2018,3,0
305.34,,74.92,,8.0,,2023,2,0
330.46,,73.36,,18.59,,2023,1,1
326.97,,65.01,,51.26,,2021,3,0
439.4,,62.55,,8.0,,2022,1,1
431.85,,40.41,,126.37,,2020,2,0
406.8,,84.34,,31.31,,2023,0,0
438.96,,70.53,,18.64,,2023,0,1
331.64,,68.0,,34.6,,2024,1,0
399.17,,52.48,,52.84,,2023,1,1
373.12,,65.6,,13.41,,2022,0,1
426.58,,64.28,,14.45,,2020,2,1
373.66,,64.05,,26.52,,2023,0,0
358.83,,75.33,,46.56,,2021,0,0
409.75,,73.22,,51.47,,2024,1,1
428.19,,58.39,,16.45,,2021,1,1
343.24,,59.02,,16.35,,2020,2,0
376.64,,59.0,,28.04,,2023,4,0
321.79,,90.11,,32.79,,2024,2,1
242.61,,86.93,,44.02,,2020,0,1
391.03,,63.48,,40.39,,2018,2,0
413.49,,52.23,,19.57,,2024,0,0
394.41,,73.28,,14.79,,2020,1,0
272.77,,72.47,,15.46,,2023,0,0
360.7,,75.17,,43.54,,2020,0,0
257.99,,79.41,,23.84,,2020,1,1
455.33,,76.52,,8.0,,2020,0,0
320.27,,60.84,,8.0,,2023,2,0
449.05,,74.94,,8.0,,2023,1,0
432.02,,80.54,,84.89,,2019,1,0
330.47,,64.76,,25.71,,2020,1,0
317.7,,75.0,,44.99,,2024,1,0
399.27,,66.47,,111.12,,2022,2,1
333.56,,91.96,,8.0,,2023,2,1
385.64,,58.73,,24.93,,2019,0,0
353.44,,83.56,,32.53,,2019,0,0
282.04,,55.29,,77.37,,2021,2,0
257.32,,89.93,,212.95,,2022,0,0
392.47,,60.58,,52.23,,2021,1,0
349.11,,73.9,,43.12,,2023,0,0
349.58,,55.71,,106.25,,2023,2,0
418.27,,58.5,,76.29,,2022,0,0
444.54,,80.98,,84.12,,2019,1,1
365.01,,82.28,,8.0,,2022,0,1
361.27,,74.39,,30.34,,2020,0,0
407.51,,79.41,,64.12,,2021,1,0
305.37,,82.45,,8.41,,2018,4,0
392.27,,65.16,,58.47,,2022,2,1
410.35,,58.01,,8.0,,2023,2,1
417.41,,71.86,,35.95,,2022,1,0
273.48,,66.23,,80.05,,2023,1,0
338.13,,75.89,,23.71,,2024,2,0
331.7,,77.48,,56.49,,2023,1,0
385.49,,65.18,,31.75,,2020,1,0
406.44,,79.04,,43.77,,2022,2,1
462.32,,78.54,,30.54,,2020,2,0
352.78,,79.23,,27.13,,2021,0,0
352.63,,67.92,,77.4,,2021,1,1
443.23,,79.8,,8.0,,2022,0,0
396.31,,77.2,,36.9,,2022,2,0
449.72,,78.4,,8.0,,2023,0,0
395.88,,88.78,,34.75,,2022,0,0
316.36,,75.28,,139.15,,2020,1,1
306.68,,65.93,,8.0,,2022,1,0
294.67,,60.9,,23.02,,2023,0,1
416.41,,83.28,,68.01,,2023,0,1
445.37,,75.57,,19.38,,2019,3,1
481.71,,88.7,,30.85,,2024,0,1
426.37,,51.7,,8.0,,2021,0,0
443.96,,81.11,,10.6,,2022,1,0
348.1,,69.39,,48.71,,2018,2,0
316.4,,68.46,,74.07,,2024,1,0
426.75,,64.35,,43.67,,2023,2,0
402.97,,81.0,,76.17,,2021,0,0
385.91,,78.14,,39.08,,2023,1,0
401.31,,60.58,,69.8,,2021,1,1
397.78,,73.65,,170.85,,2021,0,1
450.61,,79.06,,8.0,,2022,1,1
451.22,,73.78,,27.44,,2023,1,0
409.93,,83.08,,8.84,,2020,3,0
426.52,,69.1,,26.29,,2023,3,0
408.27,,49.46,,29.08,,2022,1,0
354.64,,73.87,,40.85,,2018,0,1
421.61,,73.81,,24.3,,2022,0,0
303.3,,75.11,,16.49,,2022,2,0
437.96,,83.07,,8.0,,2023,2,1
314.3,,52.48,,8.0,,2024,1,1
395.72,,69.62,,8.08,,2021,1,0
333.52,,62.77,,25.03,,2023,1,0
410.44,,59.92,,22.7,,2020,1,0
378.13,,71.28,,8.89,,2019,0,0
292.29,,79.02,,72.57,,2024,0,0
403.14,,75.01,,48.32,,2024,0,0
348.21,,65.12,,17.65,,2022,4,0
428.46,,70.55,,66.96,,2020,1,0
380.07,,81.3,,190.36,,2021,0,1
401.75,,78.83,,11.81,,2022,2,0
327.33,,66.47,,18.91,,2023,1,0
347.59,,65.83,,207.79,,2023,1,1
354.77,,54.84,,8.0,,2023,0,1
427.12,,67.71,,8.0,,2020,1,1
472.26,,54.64,,30.91,,2021,2,0
335.72,,92.67,,26.54,,2018,0,0
439.23,,63.45,,8.0,,2019,1,0
260.67,,83.09,,14.39,,2021,2,1
314.32,,90.18,,22.8,,2020,1,0
327.27,,74.16,,72.54,,2022,1,0
305.61,,71.0,,51.68,,2024,0,0
292.9,,58.78,,103.3,,2023,1,0
402.71,,66.95,,16.98,,2023,0,1
368.23,,88.04,,15.55,,2023,1,0
400.87,,75.51,,26.13,,2023,2,0
417.98,,72.28,,8.0,,2020,1,0
394.61,,85.12,,9.76,,2022,1,0
416.18,,78.96,,9.98,,2022,2,1
376.18,,70.52,,8.0,,2023,1,0
314.72,,74.16,,25.5,,2023,1,0
438.18,,64.32,,99.09,,2024,0,0
347.6,,66.39,,8.0,,2023,1,0
328.54,,69.94,,41.58,,2024,0,0
370.21,,77.57,,88.82,,2022,0,1
329.8,,59.53,,8.0,,2021,3,1
357.04,,72.76,,104.67,,2023,2,0
398.92,,68.1,,71.68,,2024,0,0
399.16,,62.99,,10.14,,2023,3,1
330.62,,68.16,,99.02,,2024,1,0
353.18,,48.79,,68.45,,2018,2,0
439.09,,64.42,,8.0,,2021,0,0
407.3,,61.01,,74.57,,2021,1,0
494.13,,69.2,,32.81,,2022,3,1
444.91,,49.2,,71.09,,2018,0,1
442.94,,73.91,,40.38,,2024,0,0
303.67,,81.09,,20.89,,2023,3,1
422.01,,70.83,,38.6,,2019,0,1
377.08,,76.99,,42.47,,2020,0,1
349.7,,66.87,,61.04,,2023,1,0
389.24,,56.45,,74.59,,2024,1,1
431.99,,72.02,,45.71,,2019,0,1
407.55,,78.8,,191.97,,2022,1,0
331.68,,58.76,,63.32,,2020,1,1
420.84,,67.35,,101.49,,2020,1,1
344.93,,69.53,,16.17,,2023,1,0
391.92,,100.51,,15.97,,2024,1,1
363.32,,74.23,,18.9,,2024,3,0
367.96,,52.94,,24.33,,2023,2,0
422.14,,50.47,,136.69,,2019,2,0
322.79,,79.3,,8.0,,2021,0,0
486.99,,96.85,,28.98,,2022,3,1
279.84,,69.19,,8.0,,2021,1,1
347.13,,68.59,,69.95,,2022,2,1
400.36,,76.31,,8.0,,2020,0,1
412.14,,64.02,,25.5,,2024,1,0
374.47,,46.56,,21.09,,2020,1,1
376.84,,82.37,,8.0,,2022,1,1
402.58,,65.87,,19.86,,2019,0,1
367.29,,82.5,,69.54,,2021,2,0
456.62,,64.39,,8.0,,2022,1,0
426.16,,73.22,,172.4,,2022,0,0
428.01,,80.55,,8.0,,2021,1,1
326.86,,82.7,,14.33,,2024,1,0
375.63,,74.33,,62.63,,2022,1,1
363.47,,73.83,,18.58,,2024,0,0
324.69,,78.2,,27.49,,2019,2,1
399.81,,76.64,,8.68,,2020,3,0
350.43,,59.09,,52.79,,2024,3,1
416.05,,59.28,,8.31,,2022,0,0
321.14,,50.91,,79.33,,2021,0,1
474.55,,79.67,,32.57,,2022,1,1
330.7,,68.04,,33.37,,2022,0,1
392.06,,80.2,,113.85,,2019,0,0
423.55,,76.04,,62.28,,2023,1,0
348.61,,61.98,,57.09,,2022,1,0
426.89,,70.8,,81.99,,2022,3,1
312.39,,67.45,,8.0,,2023,0,0
459.87,,65.91,,54.38,,2022,1,0
380.78,,81.15,,11.15,,2023,0,0
347.2,,97.11,,13.85,,2024,3,1
363.55,,83.16,,8.0,,2024,1,0
424.49,,71.73,,94.15,,2022,0,1
347.85,,84.6,,56.43,,2019,0,1
338.79,,89.13,,8.0,,2018,0,1
367.82,,58.08,,16.69,,2023,3,0
315.27,,84.25,,27.46,,2019,0,1
480.13,,79.7,,28.6,,2021,2,0
348.85,,83.88,,38.03,,2023,1,0
425.74,,80.13,,26.84,,2024,1,0
391.52,,69.72,,43.93,,2020,1,0
325.85,,92.33,,90.43,,2018,1,0
379.67,,75.4,,21.32,,2018,0,0
423.12,,67.66,,87.92,,2020,3,0
369.65,,77.06,,10.41,,2024,1,0
445.62,,81.72,,8.0,,2019,0,0
436.18,,72.95,,11.49,,2023,0,1
430.54,,75.93,,9.72,,2020,0,1
354.72,,72.88,,176.61,,2020,1,0
320.61,,65.4,,20.15,,2019,1,0
346.25,,63.78,,44.27,,2020,1,1
390.79,,57.97,,50.02,,2019,1,0
410.02,,87.18,,24.74,,2018,1,1
260.56,,69.77,,10.63,,2023,3,0
379.55,,37.72,,24.21,,2020,1,0
388.69,,75.97,,26.96,,2019,0,0
364.74,,75.76,,129.33,,2021,1,1
451.02,,53.33,,35.31,,2023,1,0
403.2,,63.68,,147.1,,2020,1,1
452.06,,63.24,,36.11,,2022,3,1
368.12,,64.58,,8.0,,2020,1,1
431.56,,84.13,,20.38,,2021,1,0
469.93,,70.51,,66.01,,2022,1,0
452.14,,67.73,,23.0,,2023,0,0
319.93,,83.22,,8.0,,2021,0,0
366.05,,76.95,,8.0,,2022,1,0
361.02,,54.59,,11.36,,2023,2,1
406.91,,65.83,,34.94,,2021,1,1
417.75,,75.22,,74.46,,2020,2,1
333.86,,62.66,,32.04,,2022,0,0
383.73,,92.3,,57.57,,2024,0,1
268.9,,73.13,,43.57,,2024,4,1
459.31,,64.47,,31.19,,2023,0,0
351.82,,60.77,,10.16,,2022,1,1
383.07,,81.28,,90.17,,2022,0,0
362.97,,65.52,,13.55,,2024,3,0
443.03,,75.8,,12.24,,2019,1,1
223.94,,60.48,,12.52,,2023,0,0
379.09,,72.7,,8.0,,2023,0,1
374.18,,65.64,,29.0,,2021,3,0
355.05,,68.85,,16.67,,2024,0,0
474.94,,64.04,,31.0,,2019,1,1
331.2,,82.26,,25.35,,2024,0,1
422.45,,67.09,,30.81,,2021,0,0
399.59,,70.57,,14.84,,2024,0,0
449.38,,71.05,,70.9,,2020,1,0
343.3,,88.12,,32.09,,2022,2,1
339.69,,80.9,,9.82,,2018,2,0
440.28,,79.91,,97.47,,2021,0,0
403.39,,56.22,,8.0,,2024,1,1
295.03,,65.44,,55.53,,2022,1,0
350.34,,83.89,,47.65,,2023,1,0
401.25,,60.29,,8.0,,2024,0,0
426.08,,72.84,,97.35,,2022,1,0
342.64,,61.35,,15.97,,2022,2,0
219.72,,62.35,,56.72,,2023,0,0
408.78,,88.81,,13.62,,2019,1,0
312.88,,79.19,,31.33,,2019,1,1
269.05,,81.83,,150.68,,2023,1,0
224.22,,79.84,,39.63,,2024,0,0
424.77,,70.61,,14.76,,2023,0,1
387.07,,65.08,,25.75,,2023,0,0
367.59,,67.98,,47.34,,2023,4,1
456.4,,70.08,,24.74,,2023,0,1
415.05,,89.76,,101.48,,2020,1,0
468.9,,58.64,,84.88,,2024,3,0
303.4,,66.46,,8.0,,2022,1,0
378.1,,62.87,,64.55,,2024,2,1
291.08,,82.57,,119.89,,2019,0,1
367.38,,90.54,,16.01,,2021,0,1
366.33,,75.09,,11.43,,2019,2,1
414.46,,75.91,,8.0,,2024,2,0
382.51,,72.91,,8.0,,2024,0,0
414.29,,76.37,,136.16,,2023,1,0
418.69,,79.73,,20.84,,2023,0,1
498.52,,76.26,,20.58,,2019,1,0
362.66,,76.99,,13.03,,2022,1,0
328.24,,79.75,,8.0,,2023,2,0
393.53,,54.22,,29.86,,2021,0,0
335.87,,72.02,,53.95,,2023,1,1
461.51,,75.05,,33.61,,2021,3,1
364.42,,76.16,,8.0,,2022,1,0
348.89,,70.29,,68.33,,2021,0,0
354.08,,73.61,,112.66,,2024,0,1
419.51,,64.8,,24.38,,2022,0,0
371.32,,54.25,,19.17,,2021,2,0
344.71,,81.83,,10.97,,2019,1,0
471.59,,60.66,,15.09,,2020,2,0
332.91,,70.4,,43.43,,2022,3,0
381.96,,64.51,,61.75,,2023,2,0
415.88,,87.87,,16.96,,2024,3,0
290.28,,71.2,,17.43,,2022,2,0
406.41,,68.9,,25.19,,2023,0,0
321.97,,79.48,,8.0,,2023,0,0
425.25,,93.56,,110.05,,2024,3,0
327.05,,76.06,,51.34,,2021,0,0
418.1,,68.23,,23.87,,2023,0,0
440.82,,78.97,,8.0,,2024,0,0
427.38,,56.27,,79.35,,2018,1,0
393.82,,72.46,,27.77,,2021,2,1
367.28,,91.94,,66.95,,2023,3,0
348.3,,73.58,,8.0,,2022,2,1
460.91,,73.08,,13.43,,2020,1,0
341.53,,72.21,,40.87,,2022,1,0
322.96,,68.05,,28.11,,2022,1,1
416.6,,75.14,,14.69,,2022,1,1
336.21,,79.75,,9.43,,2021,1,1
327.75,,68.68,,15.09,,2019,1,0
300.6,,47.09,,56.96,,2023,3,0
353.44,,76.66,,8.53,,2022,0,0
375.45,,93.33,,37.84,,2022,3,0
393.37,,68.24,,23.15,,2018,2,0
432.32,,57.29,,60.47,,2019,0,0
408.98,,78.77,,9.46,,2020,1,0
369.5,,89.44,,13.22,,2022,2,0
369.1,,77.29,,21.36,,2024,0,1
408.06,,89.25,,8.0,,2020,2,1
449.99,,79.94,,25.97,,2024,2,0
386.95,,79.07,,22.59,,2020,0,0
354.2,,66.82,,193.78,,2023,2,0
325.39,,74.85,,37.84,,2024,1,0
300.51,,71.71,,8.0,,2024,2,1
416.64,,71.36,,25.88,,2023,0,1
411.79,,69.46,,88.53,,2018,1,0
411.75,,74.26,,84.66,,2021,1,0
372.92,,59.04,,137.13,,2020,3,1
457.38,,80.12,,94.35,,2022,1,0
353.37,,63.22,,8.15,,2021,0,0
432.54,,69.5,,8.0,,2023,1,1
377.87,,75.31,,40.23,,2022,1,0
346.54,,62.73,,50.91,,2022,0,0
412.59,,52.34,,8.0,,2023,0,1
402.53,,68.17,,8.0,,2018,3,0
399.63,,57.69,,138.55,,2024,0,0
384.47,,79.12,,120.94,,2018,2,0
377.92,,60.46,,8.0,,2022,1,1
511.36,,86.85,,11.92,,2024,1,1
445.13,,71.94,,93.52,,2022,2,0
419.76,,72.59,,23.98,,2023,0,0
386.15,,52.19,,67.19,,2022,0,0
435.39,,73.45,,21.17,,2024,1,1
408.49,,71.2,,56.0,,2024,1,1
381.44,,59.01,,21.23,,2024,2,1
363.3,,72.87,,96.37,,2019,2,1
375.55,,68.02,,16.54,,2020,1,0
205.63,,69.83,,31.1,,2022,1,0
391.58,,72.26,,30.98,,2024,1,1
353.13,,67.29,,43.96,,2022,2,1
467.6,,74.46,,15.38,,2021,1,0
381.06,,71.13,,43.22,,2024,0,0
314.61,,76.73,,8.0,,2023,0,0
377.26,,66.71,,94.11,,2023,1,1
322.46,,61.35,,8.0,,2019,1,0
406.04,,64.91,,77.05,,2021,0,1
396.0,,86.43,,49.62,,2022,0,0
432.68,,81.56,,17.52,,2023,1,0
336.5,,84.13,,16.66,,2021,2,1
381.87,,84.83,,142.07,,2020,2,1
304.92,,67.34,,9.11,,2022,1,1
418.58,,74.96,,53.91,,2022,1,0
408.54,,72.76,,8.52,,2024,3,0
407.27,,78.6,,99.04,,2024,1,0
380.09,,69.11,,56.89,,2020,0,0
402.81,,72.93,,113.34,,2021,2,0
468.24,,72.72,,88.74,,2023,3,0
364.32,,77.32,,33.49,,2020,1,1
387.63,,78.56,,8.0,,2021,3,0
320.26,,72.94,,10.51,,2023,1,0
332.25,,73.24,,9.47,,2022,0,0
385.38,,74.26,,10.47,,2023,3,1
440.72,,88.47,,27.18,,2019,0,0
365.9,,54.7,,84.98,,2022,1,1
367.02,,62.3,,8.0,,2023,2,0
357.62,,78.74,,11.44,,2022,0,1
350.59,,74.7,,38.15,,2019,1,0
396.22,,74.63,,84.2,,2020,0,1
297.65,,78.67,,14.83,,2022,1,0
450.45,,74.14,,20.25,,2020,2,1
343.4,,66.41,,19.63,,2021,2,1
419.7,,78.29,,14.6,,2022,0,1
310.15,,72.21,,50.39,,2022,1,0
416.79,,67.52,,44.8,,2021,0,1
416.96,,78.9,,77.84,,2022,1,1
401.13,,78.51,,104.83,,2021,4,0
325.31,,74.15,,96.91,,2019,1,1
393.73,,89.17,,32.63,,2024,0,1
314.93,,85.27,,8.63,,2023,1,1
366.1,,82.02,,10.55,,2023,2,0
436.62,,97.66,,37.47,,2020,3,1
423.82,,70.54,,105.25,,2022,2,0
380.84,,67.35,,31.75,,2021,0,1
326.39,,80.6,,115.27,,2021,1,0
415.51,,69.47,,12.77,,2019,0,1
381.07,,72.12,,8.0,,2024,2,0
252.38,,62.14,,66.82,,2024,1,0
423.04,,78.07,,88.84,,2022,3,0
378.67,,57.29,,24.96,,2024,1,0
446.13,,71.04,,8.0,,2021,2,0
319.76,,71.85,,8.0,,2022,2,1
205.28,,67.64,,8.0,,2023,1,1
395.35,,54.43,,24.29,,2022,1,1
396.04,,54.35,,11.24,,2020,1,0
287.01,,64.54,,26.03,,2021,1,0
326.18,,77.39,,28.16,,2023,1,0
531.54,,74.89,,25.73,,2023,1,0
363.19,,71.84,,40.63,,2021,1,0
420.2,,63.15,,47.78,,2022,1,0
344.21,,75.41,,21.17,,2020,2,1
265.03,,54.01,,17.26,,2021,1,0
370.64,,48.03,,19.3,,2020,1,0
365.39,,69.57,,8.0,,2022,3,1
358.01,,66.54,,16.3,,2023,1,1
373.69,,82.13,,9.37,,2024,2,0
394.53,,73.58,,14.43,,2022,1,1
371.74,,88.51,,52.63,,2023,0,0
310.48,,66.52,,187.69,,2021,2,1
406.74,,76.87,,107.99,,2020,1,0
272.78,,69.48,,72.4,,2021,4,1
267.23,,85.82,,56.13,,2022,2,0
420.65,,69.96,,121.77,,2018,0,0
407.89,,80.54,,58.57,,2019,3,1
376.84,,61.22,,26.74,,2023,0,1
303.25,,67.85,,38.63,,2020,1,0
341.06,,71.16,,15.33,,2022,1,0
365.55,,84.63,,8.0,,2024,2,0
292.23,,50.03,,18.33,,2024,1,0
339.35,,68.67,,21.79,,2019,1,1
415.88,,68.34,,55.48,,2019,1,0
458.5,,51.23,,82.34,,2020,0,1
356.93,,67.36,,138.08,,2019,5,0
421.61,,56.59,,18.21,,2021,1,0
274.73,,48.69,,132.54,,2021,1,0
416.27,,69.38,,67.47,,2019,1,0
335.78,,69.04,,8.0,,2022,1,1
396.9,,69.55,,37.99,,2022,1,0
366.37,,74.53,,19.12,,2023,1,0
452.62,,63.21,,8.0,,2022,2,1
331.91,,89.91,,31.85,,2021,1,1
414.52,,71.67,,36.92,,2023,0,0
364.63,,84.86,,12.21,,2024,1,0
371.29,,55.2,,118.08,,2021,1,1
369.89,,63.65,,39.6,,2021,2,0
333.49,,78.86,,8.13,,2023,1,0
379.22,,69.73,,53.65,,2024,1,1
376.55,,61.27,,29.04,,2024,0,0
393.27,,53.61,,26.92,,2020,0,0
384.65,,79.33,,75.56,,2021,2,0
423.89,,78.52,,8.0,,2024,1,0
430.79,,74.43,,28.36,,2021,1,0
322.22,,67.04,,63.74,,2021,2,0
427.78,,60.87,,45.36,,2023,3,0
314.75,,71.47,,8.0,,2022,0,0
412.33,,58.85,,65.04,,2024,0,0
414.09,,64.48,,121.57,,2023,2,0
274.88,,84.61,,51.23,,2022,1,0
385.11,,53.49,,87.64,,2019,1,1
354.23,,78.78,,18.8,,2024,1,0
338.27,,86.94,,18.13,,2022,2,0
454.3,,80.16,,16.25,,2022,1,1
344.05,,75.98,,55.77,,2022,2,0
335.65,,67.36,,119.63,,2023,0,0
384.16,,65.54,,90.99,,2023,4,1
417.71,,49.52,,8.0,,2021,1,0
372.21,,72.37,,41.32,,2022,1,0
444.15,,67.98,,231.47,,2024,2,1
409.2,,65.02,,14.7,,2023,0,1
260.2,,71.8,,42.31,,2024,0,1
350.88,,72.62,,99.59,,2023,0,0
349.1,,65.64,,96.52,,2022,1,0
406.36,,88.13,,16.29,,2024,0,1
235.64,,79.31,,8.0,,2022,1,0
520.2,,80.96,,43.62,,2020,1,0
409.21,,70.97,,123.35,,2023,0,0
388.19,,77.11,,29.79,,2021,0,0
444.99,,63.04,,25.7,,2018,0,0
508.9,,78.66,,83.78,,2020,1,1
427.89,,69.96,,23.21,,2020,2,0
432.18,,61.78,,47.98,,2023,2,0
387.19,,71.77,,20.67,,2023,2,1
372.22,,69.08,,19.88,,2023,4,0
353.83,,95.23,,8.74,,2024,1,1
334.56,,76.35,,8.0,,2020,2,0
342.21,,87.8,,90.9,,2020,3,0
305.72,,83.31,,8.4,,2024,1,0
375.83,,72.38,,8.0,,2023,0,1
287.34,,67.56,,36.67,,2022,4,1
390.5,,54.6,,33.17,,2023,3,1
378.0,,63.29,,35.23,,2021,0,1
388.08,,78.63,,26.51,,2022,1,0
351.28,,68.98,,8.0,,2022,0,0
549.23,,75.76,,8.0,,2021,3,0
454.81,,51.7,,8.0,,2024,2,0
311.55,,76.54,,120.43,,2020,1,1
392.81,,82.96,,31.88,,2018,1,1
346.56,,54.24,,21.44,,2021,0,1
324.2,,75.72,,22.22,,2020,0,0
306.3,,85.44,,44.36,,2024,2,1
403.77,,88.8,,19.85,,2019,3,0
342.52,,66.97,,66.86,,2024,2,0
433.23,,79.8,,12.64,,2020,1,0
434.66,,86.3,,19.22,,2024,0,0
455.57,,76.01,,114.8,,2020,1,0
333.12,,84.85,,12.66,,2018,1,1
406.15,,71.64,,45.51,,2022,0,0
414.78,,75.94,,19.04,,2021,1,0
353.92,,65.78,,26.76,,2022,1,0
337.55,,70.35,,8.0,,2023,0,1
468.52,,76.34,,8.0,,2024,0,0
392.51,,65.03,,8.0,,2024,1,0
414.98,,69.76,,78.22,,2022,2,0
334.79,,79.61,,137.01,,2020,1,1
312.94,,92.53,,8.0,,2020,0,1
348.68,,51.51,,8.0,,2019,1,1
373.18,,91.77,,33.74,,2021,1,0
321.47,,69.4,,29.45,,2024,0,0
379.46,,81.65,,44.16,,2021,2,1
287.13,,83.61,,56.06,,2023,0,0
318.4,,87.64,,67.02,,2024,2,1
416.9,,64.72,,8.0,,2019,1,0
413.21,,69.75,,8.0,,2023,2,0
358.45,,71.46,,92.39,,2023,1,0
324.02,,68.43,,26.63,,2024,1,0
323.49,,85.19,,149.05,,2020,1,0
359.47,,71.23,,31.96,,2022,1,0
415.45,,55.81,,29.96,,2023,0,0
431.05,,65.67,,40.97,,2023,0,0
352.69,,56.22,,8.0,,2023,0,0
316.56,,69.72,,12.31,,2022,1,1
394.73,,78.73,,99.22,,2022,1,0
334.71,,65.46,,10.02,,2024,0,0
351.5,,67.97,,11.14,,2020,2,1
452.89,,69.25,,29.96,,2020,0,0
425.49,,73.41,,43.04,,2019,2,0
388.69,,77.16,,8.0,,2019,1,0
310.04,,80.07,,25.63,,2024,1,1
391.63,,94.56,,21.39,,2023,1,0
438.45,,73.23,,84.3,,2024,4,0
359.34,,79.36,,76.89,,2024,1,0
454.31,,56.12,,99.27,,2021,2,0
451.1,,68.21,,77.51,,2023,1,0
471.51,,69.3,,64.89,,2021,1,0
396.79,,61.83,,82.28,,2024,1,0
412.31,,66.64,,8.07,,2023,1,1
457.78,,70.93,,17.51,,2019,2,1
404.61,,66.95,,48.33,,2021,1,1
352.43,,98.02,,107.76,,2023,1,1
355.33,,77.12,,46.17,,2020,2,0
393.12,,92.01,,9.79,,2022,2,1
309.02,,86.93,,121.56,,2020,1,0
372.12,,65.61,,60.0,,2023,1,1
440.31,,72.38,,52.95,,2019,2,1
259.48,,67.65,,60.38,,2023,3,0
464.4,,70.38,,45.2,,2021,2,0
441.73,,62.24,,8.0,,2022,0,0
354.71,,67.58,,12.29,,2022,1,0
409.89,,75.6,,131.74,,2020,0,0
380.17,,75.33,,14.3,,2024,3,0
447.65,,74.53,,62.02,,2018,4,0
434.05,,71.4,,23.2,,2021,2,0
303.0,,80.61,,100.0,,2019,1,0
412.3,,69.43,,34.26,,2021,1,1
368.69,,85.92,,41.97,,2019,0,0
384.56,,53.52,,11.51,,2021,1,0
339.95,,78.57,,8.0,,2020,4,1
476.15,,76.88,,59.34,,2022,2,0
437.2,,65.25,,8.0,,2018,3,1
339.31,,68.45,,53.74,,2022,1,0
306.6,,76.65,,34.05,,2021,0,0
358.79,,81.16,,72.03,,2021,1,0
403.9,,54.51,,9.68,,2021,3,0
393.21,,78.28,,32.75,,2023,2,1
448.92,,67.42,,40.0,,2023,3,1
423.45,,83.25,,8.0,,2021,1,0
433.33,,53.61,,56.41,,2024,1,0
397.98,,96.45,,20.69,,2023,1,1
303.59,,63.14,,8.0,,2022,0,0
369.24,,86.3,,20.56,,2019,0,0
438.3,,71.31,,8.0,,2022,1,0
377.17,,63.81,,91.95,,2023,1,0
407.67,,74.65,,25.63,,2020,0,1
362.47,,82.29,,8.0,,2024,2,0
323.36,,56.47,,12.2,,2021,2,0
373.22,,79.02,,54.17,,2020,1,0
397.0,,71.88,,64.77,,2022,0,0
343.94,,77.77,,8.0,,2022,1,0
367.04,,72.11,,8.0,,2023,1,0
328.33,,66.28,,104.63,,2020,2,1
441.56,,60.87,,16.88,,2018,0,0
363.8,,78.73,,9.02,,2022,1,0
459.9,,78.67,,8.0,,2020,1,0
464.08,,78.62,,27.14,,2020,0,0
375.54,,76.28,,61.92,,2023,2,0
324.54,,81.45,,30.92,,2021,3,0
265.28,,86.06,,8.0,,2024,1,0
299.04,,53.24,,27.78,,2022,0,1
304.44,,48.58,,15.69,,2023,0,1
455.82,,89.18,,48.23,,2021,0,0
386.37,,58.59,,31.13,,2020,2,1
401.43,,61.14,,141.21,,2020,1,0
257.88,,69.12,,38.29,,2023,0,0
314.11,,55.46,,42.04,,2023,2,0
428.79,,68.18,,30.85,,2022,2,1
395.77,,62.52,,15.65,,2023,2,0
371.9,,69.67,,41.83,,2024,2,1
411.07,,74.8,,17.0,,2022,1,0
469.97,,68.56,,53.07,,2023,0,1
367.84,,68.06,,11.35,,2024,0,0
383.82,,74.58,,19.25,,2019,1,0
390.59,,82.44,,36.8,,2018,0,0
511.57,,88.03,,41.59,,2022,0,0
264.54,,69.81,,46.39,,2021,2,0
417.58,,90.25,,50.61,,2019,1,0
373.69,,80.77,,16.09,,2020,1,0
411.17,,59.68,,93.7,,2021,2,1
343.84,,59.39,,8.0,,2019,2,0
377.31,,66.23,,8.77,,2021,2,0
419.13,,86.45,,8.0,,2020,5,1
551.21,,66.99,,46.76,,2023,1,0
424.44,,53.08,,13.43,,2023,1,0
333.36,,69.71,,9.33,,2023,0,0
356.69,,52.19,,27.52,,2024,1,0
355.06,,61.45,,40.53,,2018,2,0
281.24,,66.13,,40.56,,2020,1,1
361.85,,73.5,,34.24,,2024,3,0
420.31,,82.24,,202.72,,2018,3,0
309.92,,78.94,,82.64,,2023,1,0
437.67,,60.21,,11.46,,2020,2,0
406.83,,68.28,,59.71,,2022,1,0
339.62,,72.76,,35.38,,2024,2,1
372.22,,69.38,,8.0,,2023,2,1
467.91,,69.31,,8.0,,2021,0,0
420.35,,54.77,,67.52,,2023,3,0
380.48,,60.47,,33.07,,2018,1,1
366.93,,67.97,,35.58,,2024,0,1
384.21,,41.07,,17.21,,2021,0,0
351.85,,78.41,,111.9,,2024,0,0
264.24,,58.27,,52.48,,2023,0,1
492.32,,78.87,,110.37,,2021,0,1
388.54,,77.99,,8.0,,2023,2,1
401.9,,66.56,,36.81,,2021,1,1
376.82,,82.01,,42.62,,2023,1,0
339.57,,79.43,,8.0,,2023,2,0
369.77,,68.91,,17.85,,2022,0,0
292.03,,67.78,,10.16,,2020,2,0
505.24,,82.97,,174.9,,2024,1,1
312.1,,74.32,,32.93,,2022,0,0
323.24,,82.45,,15.91,,2020,1,0
355.79,,48.11,,45.87,,2023,2,1
450.84,,72.98,,45.25,,2023,0,0
380.8,,56.23,,17.92,,2024,2,1
312.01,,71.74,,214.34,,2018,1,1
448.99,,79.14,,69.52,,2021,0,1
420.21,,89.39,,21.48,,2021,3,0
409.61,,62.62,,45.32,,2024,0,1
419.37,,66.74,,52.07,,2021,0,0
511.69,,71.04,,8.02,,2022,1,0
500.18,,62.25,,88.41,,2018,1,0
342.23,,81.79,,73.45,,2024,0,1
469.31,,71.3,,59.19,,2019,1,0
401.07,,73.22,,10.58,,2024,0,0
407.45,,78.2,,8.0,,2023,0,0
286.93,,71.28,,8.36,,2022,3,0
370.63,,63.82,,8.0,,2023,1,0
335.29,,71.37,,118.37,,2023,1,0
425.54,,63.44,,80.1,,2023,0,1
438.91,,73.08,,8.0,,2023,3,0
265.9,,81.97,,47.59,,2024,2,1
378.79,,60.25,,11.84,,2022,3,0
441.7,,56.68,,8.0,,2022,1,1
369.73,,72.49,,14.53,,2024,1,0
420.1,,64.32,,24.35,,2021,1,1
399.31,,72.32,,8.0,,2023,5,1
398.79,,75.2,,16.43,,2021,2,1
365.08,,50.56,,50.62,,2022,2,1
313.09,,78.9,,10.89,,2021,2,0
318.32,,60.3,,27.86,,2020,0,0
419.01,,71.78,,91.79,,2024,0,0
381.07,,65.41,,8.0,,2022,0,0
372.38,,66.48,,64.68,,2021,1,0
356.69,,88.94,,20.34,,2023,1,0
363.21,,75.19,,32.72,,2019,1,0
437.58,,81.05,,11.02,,2022,0,1
361.56,,73.51,,36.33,,2022,1,1
306.24,,78.2,,55.1,,2020,0,0
420.9,,76.17,,9.45,,2024,0,0
368.73,,74.54,,17.66,,2022,2,0
381.73,,83.07,,35.19,,2020,1,0
468.42,,73.57,,22.65,,2024,1,1
378.87,,94.85,,14.57,,2021,2,0
395.91,,81.61,,25.24,,2023,1,0
315.16,,60.6,,14.43,,2023,1,1
367.92,,70.23,,15.09,,2020,1,0
413.52,,75.97,,39.62,,2019,1,1
294.45,,72.44,,27.23,,2023,1,1
391.05,,78.87,,47.47,,2023,2,1
385.54,,79.97,,76.3,,2020,2,0
382.27,,58.4,,120.29,,2020,0,0
437.04,,84.81,,8.0,,2019,0,0
398.39,,67.03,,41.33,,2020,1,0
461.29,,66.04,,36.68,,2022,0,1
325.35,,66.01,,84.71,,2020,2,1
387.48,,80.09,,95.02,,2021,1,0
384.65,,69.33,,60.03,,2022,1,0
321.19,,65.36,,38.01,,2022,1,1
432.6,,67.76,,9.33,,2024,1,0
507.86,,54.05,,13.6,,2022,0,1
379.06,,63.58,,38.78,,2020,2,1
407.78,,59.6,,8.0,,2021,3,0
384.65,,69.31,,8.54,,2021,2,0
340.75,,78.64,,101.81,,2021,3,0
279.86,,77.54,,131.49,,2021,1,1
341.18,,84.57,,8.0,,2022,1,0
303.44,,82.34,,83.33,,2020,2,0
473.73,,66.71,,116.8,,2021,2,0
373.67,,72.19,,31.33,,2023,1,1
360.97,,71.67,,25.03,,2024,1,1
428.9,,50.49,,105.46,,2018,1,0
318.3,,59.83,,8.0,,2019,2,0
337.82,,70.33,,77.1,,2024,3,0
383.74,,70.27,,14.78,,2020,2,0
436.58,,77.12,,43.05,,2021,1,1
407.59,,76.64,,16.4,,2021,2,0
393.66,,54.29,,31.09,,2024,1,0
384.3,,77.19,,69.38,,2020,2,0
402.01,,73.79,,8.4,,2024,2,0
391.09,,78.23,,45.8,,2022,1,1
323.35,,82.67,,96.02,,2023,1,0
382.53,,70.57,,97.15,,2023,0,1
320.95,,84.46,,94.31,,2023,3,0
384.46,,63.11,,30.69,,2019,0,1
353.56,,62.54,,61.31,,2021,1,0
519.67,,76.29,,24.87,,2020,1,1
377.81,,68.31,,25.89,,2019,0,0
302.77,,74.62,,14.02,,2023,1,1
372.62,,91.93,,14.1,,2023,0,1
408.56,,75.93,,8.0,,2020,1,0
472.04,,74.12,,31.84,,2023,1,1
347.58,,63.31,,15.51,,2021,1,0
292.97,,55.0,,8.73,,2021,0,0
424.93,,71.27,,8.0,,2024,0,0
304.07,,82.67,,17.9,,2020,1,0
356.01,,68.77,,96.3,,2019,1,0
365.83,,76.01,,30.51,,2021,2,0
376.17,,86.26,,34.19,,2024,0,0
417.9,,86.02,,8.0,,2019,1,0
342.4,,76.29,,30.81,,2023,0,0
364.94,,73.7,,46.26,,2023,1,0
379.22,,56.81,,8.0,,2024,1,1
388.23,,65.7,,172.52,,2022,0,1
385.38,,69.19,,103.59,,2022,0,0
403.98,,63.48,,209.02,,2024,2,0
426.41,,74.48,,18.76,,2020,2,0
401.59,,91.12,,72.56,,2022,2,1
404.95,,87.18,,16.74,,2023,1,1
292.98,,74.44,,58.08,,2023,0,1
382.76,,79.79,,124.04,,2019,0,1
406.37,,64.71,,8.0,,2024,3,0
420.09,,86.64,,8.0,,2024,1,0
341.92,,56.38,,8.0,,2021,3,0
343.75,,81.13,,67.25,,2022,1,0
348.42,,76.96,,46.14,,2021,1,0
409.5,,64.44,,31.03,,2024,2,1
436.86,,69.91,,62.45,,2022,1,1
357.59,,60.66,,79.66,,2021,1,0
429.94,,61.08,,125.43,,2023,3,1
386.79,,56.09,,9.44,,2024,2,0
373.16,,79.68,,24.48,,2023,2,0
368.37,,84.05,,107.69,,2019,3,0
421.06,,50.38,,25.98,,2021,2,0
397.91,,90.38,,28.09,,2021,3,0
505.17,,71.88,,119.91,,2020,0,0
333.13,,74.9,,55.73,,2022,1,0
408.5,,57.28,,33.73,,2021,0,1
350.89,,85.21,,18.57,,2018,3,0
332.19,,74.0,,103.71,,2023,1,1
379.4,,83.39,,8.0,,2022,0,0
387.55,,84.21,,16.26,,2018,1,0
540.5,,85.35,,122.65,,2024,1,0
369.87,,65.52,,28.96,,2023,1,1
317.84,,69.92,,41.07,,2019,1,0
395.02,,65.88,,31.95,,2024,0,0
265.89,,80.95,,21.27,,2022,0,0
374.94,,75.33,,45.97,,2020,1,1
380.88,,82.69,,61.09,,2018,0,0
423.7,,83.13,,19.04,,2023,0,0
433.55,,54.73,,37.5,,2024,1,1
352.3,,85.51,,8.0,,2020,1,0
371.72,,81.51,,33.31,,2022,2,1
337.86,,68.31,,57.85,,2020,3,1
317.96,,75.5,,36.96,,2022,1,0
397.04,,70.76,,88.51,,2024,3,0
309.95,,78.16,,14.16,,2020,4,1
357.2,,68.29,,28.43,,2021,0,0
325.27,,76.79,,8.0,,2020,3,1
410.23,,72.67,,50.57,,2020,1,1
479.08,,67.68,,24.57,,2019,1,0
308.41,,73.9,,31.74,,2023,2,0
278.08,,99.06,,8.0,,2018,0,0
373.13,,65.14,,240.0,,2023,1,0
380.86,,69.5,,62.08,,2020,1,1
392.03,,65.32,,21.5,,2021,0,1
355.45,,66.37,,35.44,,2021,2,0
368.96,,80.16,,40.5,,2021,1,1
400.21,,79.16,,136.0,,2020,0,1
437.22,,71.94,,61.43,,2022,0,0
272.47,,82.26,,18.07,,2024,1,0
359.71,,79.93,,159.74,,2022,0,1
391.76,,70.38,,15.09,,2018,1,0
329.51,,56.66,,36.13,,2021,0,0
475.21,,80.3,,50.66,,2022,1,0
345.05,,73.7,,13.28,,2021,2,0
377.73,,72.22,,131.54,,2021,0,0
410.58,,67.34,,10.23,,2020,2,0
347.48,,79.45,,24.49,,2024,0,0
278.44,,75.48,,8.33,,2022,1,0
356.42,,69.63,,87.33,,2022,1,1
436.62,,59.75,,10.52,,2022,1,0
361.47,,82.68,,8.0,,2023,0,1
333.45,,78.05,,8.0,,2022,2,0
430.91,,74.55,,22.43,,2023,0,1
361.81,,45.43,,31.07,,2019,3,0
351.94,,71.62,,8.0,,2018,0,1
388.22,,69.59,,8.0,,2022,0,0
422.39,,65.82,,8.0,,2023,3,0
510.99,,79.54,,46.37,,2023,0,0
425.5,,79.15,,14.97,,2021,0,0
443.79,,76.37,,34.73,,2018,4,0
352.17,,82.38,,8.0,,2019,0,0
323.58,,61.78,,93.52,,2021,2,0
383.43,,67.46,,15.25,,2023,1,1
385.89,,72.75,,63.25,,2021,1,0
320.68,,65.78,,73.62,,2022,1,0
370.36,,79.27,,185.44,,2020,2,0
401.96,,66.78,,56.75,,2020,2,0
399.82,,84.98,,24.56,,2023,1,1
407.74,,62.69,,8.0,,2022,0,0
396.0,,93.32,,8.0,,2024,1,0
352.11,,92.29,,91.3,,2020,0,0
351.74,,71.05,,24.86,,2022,0,0
314.06,,83.46,,58.22,,2020,1,0
478.16,,68.0,,28.81,,2021,2,0
380.74,,82.13,,88.93,,2023,1,0
367.63,,70.24,,58.17,,2024,1,0
328.92,,59.15,,8.0,,2019,3,0
541.46,,36.67,,58.59,,2019,0,0
320.97,,69.31,,13.03,,2024,1,1
356.41,,74.79,,62.29,,2023,0,0
402.87,,85.3,,124.59,,2021,1,0
413.01,,72.37,,111.77,,2022,0,1
432.69,,82.03,,8.0,,2023,2,1
479.42,,67.46,,8.0,,2023,0,1
407.84,,68.63,,63.02,,2023,1,0
321.92,,82.54,,51.99,,2024,1,0
365.87,,47.35,,8.14,,2021,3,0
396.93,,72.13,,48.46,,2020,1,1
493.75,,68.0,,8.0,,2022,3,1
303.12,,85.61,,41.89,,2018,2,1
446.14,,66.72,,75.0,,2022,1,0
389.9,,77.17,,43.12,,2021,1,0
426.08,,81.22,,8.0,,2020,0,0
374.39,,57.07,,197.71,,2024,0,0
333.67,,70.61,,18.49,,2020,1,0
421.3,,67.68,,20.11,,2023,1,1
415.99,,81.46,,8.0,,2023,4,0
433.46,,78.75,,8.0,,2018,1,0
379.27,,69.67,,13.29,,2022,0,0
347.01,,61.53,,67.43,,2022,0,1
294.27,,82.38,,49.43,,2024,1,0
425.07,,71.32,,36.8,,2023,0,0
403.31,,55.82,,83.76,,2019,3,0
326.88,,56.68,,240.0,,2022,1,0
350.38,,76.38,,20.4,,2021,2,1
354.33,,59.24,,20.84,,2020,3,0
298.44,,90.6,,55.95,,2021,0,1
335.03,,62.63,,43.42,,2024,2,0
317.64,,72.0,,8.0,,2023,4,0
357.31,,73.59,,44.75,,2022,0,0
339.37,,64.71,,53.41,,2023,1,1
290.51,,49.6,,179.1,,2024,1,1
491.24,,73.91,,37.12,,2024,0,0
448.89,,64.47,,48.44,,2019,0,1
337.15,,73.17,,65.3,,2021,0,1
394.98,,70.78,,8.0,,2021,2,1
402.96,,74.63,,55.72,,2022,0,0
445.51,,87.62,,33.25,,2019,2,0
334.98,,66.54,,8.0,,2024,1,1
440.07,,67.31,,46.55,,2023,2,1
349.87,,55.34,,11.22,,2019,1,0
306.53,,70.05,,32.42,,2021,2,1
419.83,,76.1,,13.85,,2020,1,1
450.99,,67.17,,8.0,,2022,0,1
522.33,,76.16,,12.13,,2024,1,1
314.02,,70.22,,24.26,,2023,4,0
418.44,,58.98,,28.62,,2023,1,0
357.46,,75.12,,8.0,,2019,1,0
423.08,,69.94,,16.26,,2024,1,1
299.12,,73.23,,82.39,,2021,1,0
310.55,,66.33,,101.31,,2024,3,0
337.33,,65.45,,32.18,,2022,0,0
384.34,,73.57,,28.31,,2022,2,0
344.74,,69.69,,36.58,,2023,1,1
416.25,,89.24,,10.14,,2021,1,0
436.48,,79.99,,211.97,,2024,2,1
412.98,,77.45,,57.44,,2024,2,0
469.03,,70.23,,11.46,,2021,1,0
402.87,,51.74,,13.34,,2018,1,0
313.07,,63.92,,43.9,,2022,0,0
454.99,,65.53,,16.37,,2022,0,1
346.72,,69.25,,18.44,,2019,5,1
430.07,,71.67,,63.77,,2023,3,0
466.56,,78.56,,13.04,,2021,0,1
405.12,,74.73,,51.31,,2024,1,1
297.71,,83.59,,114.73,,2023,2,0
329.5,,68.88,,8.0,,2019,0,1
452.75,,74.57,,8.0,,2024,2,0
370.7,,75.44,,120.22,,2020,0,0
384.38,,74.46,,9.56,,2023,2,0
421.74,,84.82,,8.0,,2023,1,1
418.3,,80.04,,85.21,,2022,1,0
395.33,,58.81,,13.93,,2024,1,0
368.52,,70.86,,14.88,,2023,1,1
362.8,,71.86,,10.81,,2024,1,1
427.18,,93.52,,104.87,,2024,1,0
410.45,,68.7,,62.54,,2023,0,0
365.85,,62.18,,38.15,,2022,1,0
439.52,,76.38,,25.36,,2019,2,1
372.9,,76.97,,8.0,,2020,1,0
333.16,,71.26,,109.35,,2022,0,0
338.26,,69.8,,58.17,,2021,1,1
326.17,,81.49,,13.73,,2020,2,0
365.02,,63.46,,123.77,,2024,1,0
447.85,,68.59,,114.93,,2024,1,0
335.72,,66.78,,45.25,,2022,1,1
390.37,,82.94,,176.4,,2024,0,0
343.88,,74.85,,8.71,,2019,0,1
365.68,,61.35,,55.21,,2019,1,1
296.95,,62.35,,8.0,,2024,3,1
367.87,,90.73,,49.42,,2023,5,0
369.35,,82.83,,106.0,,2023,5,0
409.72,,80.42,,32.26,,2024,3,0
392.28,,72.12,,60.48,,2019,0,1
314.09,,87.08,,8.0,,2023,1,1
439.63,,60.97,,42.12,,2021,0,0
391.57,,79.53,,8.0,,2024,2,1
390.91,,67.57,,8.0,,2021,3,0
379.49,,69.51,,42.22,,2023,1,0
351.52,,79.26,,35.72,,2024,0,1
391.98,,70.56,,16.77,,2021,1,0
406.16,,67.65,,30.21,,2022,0,1
283.92,,67.05,,48.43,,2022,2,1
350.37,,52.14,,43.46,,2023,0,0
365.98,,79.63,,8.0,,2024,0,0
394.09,,61.93,,47.61,,2020,3,1
445.63,,90.58,,45.25,,2024,0,1
337.55,,69.12,,46.51,,2023,0,0
352.61,,85.09,,78.94,,2020,1,0
351.81,,53.91,,36.11,,2021,1,0
335.92,,79.31,,116.72,,2021,1,0
360.9,,81.89,,164.32,,2020,1,0
422.39,,85.04,,58.54,,2023,0,0
322.04,,56.72,,18.66,,2019,1,0
403.53,,64.97,,8.0,,2022,0,0
286.4,,77.77,,72.05,,2024,1,0
349.13,,73.48,,8.0,,2021,1,0
361.88,,74.93,,8.0,,2022,1,1
472.12,,68.4,,105.58,,2020,1,0
364.89,,87.51,,34.47,,2023,2,0
258.93,,98.08,,14.58,,2024,1,0
270.06,,73.04,,138.45,,2023,1,0
381.87,,76.53,,51.61,,2019,0,0
413.76,,72.56,,32.15,,2021,1,1
400.65,,84.84,,16.79,,2020,0,0
389.22,,80.29,,47.41,,2022,2,1
443.92,,61.34,,55.13,,2023,1,0
350.32,,65.87,,52.3,,2024,1,1
429.22,,61.91,,9.13,,2022,1,0
290.24,,98.95,,50.18,,2023,1,1
330.23,,78.35,,36.58,,2019,0,0
280.61,,66.04,,79.7,,2020,4,1
364.88,,65.24,,41.17,,2020,0,0
377.46,,80.05,,8.0,,2019,1,0
386.28,,81.05,,16.11,,2022,1,0
383.4,,79.98,,57.2,,2024,0,0
328.98,,67.74,,56.57,,2023,2,0
369.54,,75.06,,10.58,,2022,1,0
297.64,,73.11,,18.39,,2022,1,0
454.98,,62.64,,8.0,,2020,2,0
363.3,,62.74,,16.93,,2019,2,0
353.11,,76.12,,8.0,,2021,0,0
467.39,,73.96,,86.63,,2021,1,1
311.68,,77.53,,46.14,,2019,0,1
318.09,,79.91,,146.1,,2023,0,0
319.71,,86.99,,93.45,,2024,0,0
376.27,,64.24,,38.85,,2020,1,0
403.74,,78.3,,29.36,,2024,0,0
420.68,,79.49,,90.38,,2021,1,0
521.46,,68.88,,14.89,,2023,0,0
256.28,,73.22,,10.63,,2019,0,0
413.48,,69.13,,22.16,,2020,0,0
349.36,,93.09,,8.0,,2020,2,0
347.75,,73.05,,15.1,,2020,3,1
345.91,,76.52,,8.0,,2024,1,0
330.02,,69.36,,8.0,,2021,2,0
472.65,,67.2,,33.66,,2020,1,1
426.33,,58.98,,51.73,,2020,2,0
381.28,,83.0,,32.31,,2023,1,0
454.31,,79.68,,8.0,,2023,1,0
296.81,,68.99,,21.1,,2024,0,0
306.81,,63.0,,8.0,,2023,0,0
260.21,,73.8,,44.1,,2022,1,1
341.53,,67.02,,73.54,,2020,1,1
388.89,,69.78,,8.0,,2018,1,1
385.66,,59.36,,8.0,,2024,0,1
388.21,,74.17,,21.87,,2023,2,0
302.39,,74.37,,15.19,,2023,1,0
424.17,,82.95,,12.69,,2021,1,1
393.18,,70.49,,9.97,,2021,0,0
420.32,,68.66,,16.01,,2023,0,1
275.9,,56.43,,141.25,,2023,0,1
397.13,,83.01,,81.88,,2023,3,0
314.67,,80.93,,38.63,,2022,2,0
358.15,,72.29,,67.7,,2021,1,1
409.39,,58.71,,8.0,,2023,0,0
385.01,,59.85,,8.0,,2021,1,1
333.17,,66.53,,14.53,,2023,5,0
380.35,,81.65,,43.37,,2020,1,1
295.77,,74.9,,90.26,,2022,2,1
443.26,,57.07,,11.04,,2021,2,0
368.71,,76.04,,8.0,,2024,4,1
441.52,,63.61,,79.1,,2022,3,1
351.04,,66.78,,22.1,,2023,1,1
351.2,,81.72,,50.5,,2019,0,1
337.97,,79.66,,33.35,,2022,3,0
428.19,,82.93,,8.13,,2023,3,1
340.98,,71.77,,50.65,,2024,0,1
415.45,,80.83,,22.93,,2023,2,0
358.97,,66.14,,14.25,,2022,2,0
271.32,,69.42,,97.86,,2021,1,0
348.63,,68.74,,8.0,,2021,3,1
315.15,,72.24,,21.8,,2022,0,0
381.86,,59.14,,15.01,,2018,2,1
314.53,,69.75,,8.0,,2024,0,0
430.93,,86.52,,8.0,,2021,2,0
374.99,,61.07,,8.0,,2023,2,0
370.23,,58.71,,29.53,,2022,2,0
416.07,,59.51,,13.95,,2023,1,1
433.01,,98.62,,76.41,,2023,1,1
378.89,,76.65,,11.53,,2021,1,1
337.58,,69.3,,53.5,,2023,2,1
282.43,,72.68,,9.92,,2023,1,1
342.27,,74.28,,8.0,,2023,0,0
346.05,,65.6,,12.91,,2022,2,1
385.89,,66.83,,76.33,,2023,2,0
361.02,,70.42,,8.0,,2021,3,0
417.84,,64.75,,17.74,,2019,2,0
346.29,,68.03,,8.0,,2019,0,0
376.86,,75.53,,41.79,,2022,5,1
445.12,,62.03,,120.14,,2021,3,0
398.8,,98.1,,20.37,,2020,5,0
376.7,,79.53,,36.13,,2021,0,1
346.89,,59.3,,25.28,,2022,5,0
345.17,,47.22,,152.22,,2022,3,0
333.22,,65.12,,55.94,,2019,1,1
350.24,,78.84,,8.0,,2024,0,0
421.56,,76.9,,8.0,,2021,3,1
367.8,,70.89,,26.7,,2023,2,1
305.76,,65.99,,41.96,,2021,0,0
477.25,,62.96,,14.41,,2023,3,1
397.6,,67.97,,47.16,,2022,3,1
302.62,,61.88,,36.09,,2021,2,0
355.7,,68.01,,23.99,,2024,2,0
386.1,,85.31,,36.67,,2024,2,0
473.75,,64.29,,104.26,,2020,2,0
319.05,,78.11,,11.7,,2023,0,0
433.68,,79.63,,65.79,,2023,4,0
456.97,,61.2,,8.0,,2018,1,0
345.42,,63.57,,8.0,,2024,0,1
364.74,,82.69,,125.56,,2020,2,0
323.0,,62.74,,50.25,,2024,1,0
368.81,,71.43,,42.14,,2023,0,0
377.99,,92.4,,17.08,,2022,0,0
416.28,,81.8,,8.56,,2023,0,0
439.96,,72.85,,20.07,,2023,0,0
338.85,,80.41,,38.32,,2023,0,1
271.8,,71.44,,42.26,,2024,3,0
378.83,,82.18,,8.0,,2022,3,1
396.14,,51.54,,24.77,,2022,1,1
393.72,,70.61,,35.13,,2024,0,1
362.03,,51.14,,135.15,,2023,0,1
386.86,,73.61,,33.48,,2018,1,0
463.35,,69.64,,36.5,,2023,3,0
401.0,,85.61,,60.86,,2024,4,0
359.46,,79.12,,22.8,,2023,3,0
352.49,,66.74,,20.34,,2022,1,0
370.66,,67.94,,37.54,,2020,1,0
470.02,,75.81,,64.23,,2024,0,0
369.92,,66.27,,42.63,,2023,0,0
378.91,,71.68,,8.65,,2019,3,0
353.47,,85.17,,21.29,,2024,2,0
440.44,,63.71,,30.18,,2022,1,0
487.79,,67.52,,31.16,,2020,0,0
404.78,,68.93,,17.43,,2020,1,0
384.55,,103.58,,31.04,,2024,1,0
382.02,,78.08,,46.94,,2022,0,1
248.86,,83.32,,26.5,,2022,2,0
420.98,,79.68,,25.21,,2022,0,0
387.38,,80.35,,67.93,,2023,2,0
403.56,,76.74,,59.39,,2021,0,0
340.87,,75.65,,23.05,,2022,0,0
358.85,,57.49,,232.04,,2023,0,1
357.39,,75.58,,8.0,,2022,2,0
436.19,,70.92,,16.57,,2023,0,0
359.17,,77.45,,8.0,,2024,3,0
494.55,,71.29,,76.83,,2024,1,0
403.7,,79.63,,59.18,,2022,1,0
309.84,,81.4,,48.34,,2020,0,0
372.93,,42.88,,10.14,,2021,2,1
344.16,,67.66,,51.66,,2024,0,0
259.31,,53.43,,18.44,,2019,0,0
467.97,,74.39,,85.23,,2018,2,0
418.67,,68.99,,9.35,,2023,0,0
409.33,,85.56,,10.32,,2024,1,0
389.1,,74.07,,135.81,,2020,2,0
303.99,,67.14,,30.57,,2019,2,1
353.4,,81.39,,24.83,,2024,2,1
426.3,,68.82,,18.21,,2021,2,0
322.18,,67.02,,74.72,,2022,0,1
240.75,,75.94,,18.27,,2024,2,0
367.51,,88.13,,18.49,,2021,0,0
372.2,,80.54,,8.0,,2023,0,0
387.46,,77.67,,30.89,,2024,3,0
420.07,,99.51,,108.1,,2023,1,1
415.07,,64.68,,132.69,,2021,1,0
394.23,,64.45,,227.1,,2023,3,0
445.75,,73.46,,26.91,,2018,1,0
296.46,,87.15,,62.64,,2020,4,0
407.75,,62.58,,33.77,,2023,0,1
414.46,,89.55,,33.35,,2021,1,1
311.82,,57.61,,68.93,,2019,1,0
297.34,,70.79,,75.77,,2021,0,0
338.97,,73.73,,8.0,,2020,1,1
343.62,,63.17,,120.16,,2022,1,1
421.44,,65.79,,72.72,,2019,2,1
346.2,,79.97,,53.63,,2024,0,0
332.9,,86.42,,80.25,,2023,0,0
346.36,,50.85,,32.37,,2021,0,1
441.52,,73.8,,62.33,,2022,2,0
380.72,,70.87,,38.34,,2024,4,0
370.14,,73.07,,32.88,,2024,0,0
373.95,,68.83,,9.99,,2019,0,1
451.06,,59.1,,78.96,,2023,2,1
338.8,,87.42,,90.43,,2020,3,0
452.35,,83.59,,148.98,,2018,0,1
391.58,,70.96,,8.0,,2019,3,1
371.18,,67.12,,14.48,,2022,1,0
517.55,,65.91,,48.57,,2021,1,0
321.94,,46.14,,81.17,,2019,1,1
360.55,,75.54,,58.44,,2022,1,1
312.22,,79.8,,25.54,,2022,3,0
432.39,,73.38,,54.37,,2023,1,0
472.91,,71.14,,8.0,,2023,1,0
471.85,,73.33,,45.62,,2022,0,1
447.32,,63.47,,8.0,,2021,2,0
369.13,,67.0,,8.0,,2018,1,0
359.91,,70.34,,59.47,,2024,2,0
288.09,,78.97,,27.27,,2021,0,0
491.97,,85.79,,8.0,,2020,0,0
405.79,,69.71,,27.62,,2023,0,0
352.94,,61.55,,8.0,,2019,1,1
453.04,,72.36,,17.84,,2021,1,0
326.5,,92.11,,8.0,,2022,2,0
402.36,,62.42,,10.4,,2022,3,1
370.51,,80.86,,9.14,,2020,2,0
415.13,,85.36,,19.52,,2018,2,0
376.5,,68.4,,8.0,,2022,2,0
300.2,,64.99,,31.51,,2021,0,0
384.16,,77.75,,21.95,,2021,0,0
437.69,,75.53,,76.93,,2021,1,1
378.39,,78.95,,73.43,,2022,2,0
422.63,,92.74,,73.03,,2018,3,1
322.5,,73.67,,26.64,,2019,2,0
378.56,,60.08,,14.43,,2021,1,0
345.65,,72.67,,22.55,,2022,0,0
421.08,,74.42,,48.84,,2023,3,1
381.73,,84.67,,31.69,,2021,1,1
417.95,,70.03,,41.12,,2023,1,0
439.82,,67.91,,49.7,,2021,2,1
418.04,,58.29,,105.23,,2023,2,0
395.02,,77.47,,121.04,,2022,0,1
325.1,,105.48,,77.09,,2022,0,1
379.85,,69.77,,8.0,,2022,1,1
350.68,,76.52,,162.93,,2020,1,0
361.08,,66.52,,51.08,,2020,1,0
359.4,,59.19,,49.65,,2022,0,0
326.1,,76.34,,8.0,,2019,1,1
272.35,,72.28,,27.42,,2020,0,1
343.25,,48.14,,41.36,,2023,3,1
390.64,,88.1,,13.71,,2023,1,0
305.85,,76.16,,8.0,,2019,1,0
380.86,,72.74,,31.93,,2024,0,0
484.51,,67.78,,24.83,,2024,1,1
436.27,,76.05,,8.0,,2021,0,1
470.39,,76.51,,30.78,,2022,1,0
401.51,,76.01,,8.0,,2024,1,0
444.21,,82.68,,23.21,,2023,1,0
340.18,,84.95,,13.24,,2021,2,1
344.56,,92.06,,147.94,,2021,2,0
229.35,,63.63,,8.0,,2023,1,1
445.24,,66.27,,34.48,,2021,1,1
464.72,,75.61,,8.0,,2023,1,0
349.58,,64.21,,16.15,,2019,1,0
366.03,,65.82,,8.54,,2023,2,0
338.54,,76.75,,223.78,,2023,1,1
401.05,,81.01,,8.0,,2024,1,1
441.87,,84.76,,32.74,,2022,1,0
284.15,,70.07,,39.34,,2022,3,0
402.52,,76.63,,62.12,,2021,2,1
364.78,,74.43,,41.31,,2020,1,1
386.24,,72.18,,11.05,,2020,1,1
405.24,,63.84,,38.28,,2024,2,1
369.65,,62.57,,154.88,,2022,3,1
374.3,,78.67,,79.25,,2021,2,0
368.24,,63.67,,25.38,,2024,4,0
433.37,,54.23,,27.26,,2019,0,1
403.03,,71.68,,8.0,,2022,2,0
392.13,,86.55,,35.44,,2023,1,0
310.1,,44.05,,13.81,,2019,1,0
359.18,,69.12,,8.0,,2019,1,0
429.43,,78.75,,27.0,,2018,1,0
382.07,,53.77,,8.0,,2024,1,0
416.27,,69.87,,8.0,,2023,1,1
477.16,,60.61,,10.38,,2019,1,1
437.12,,61.93,,196.17,,2023,1,0
385.12,,67.98,,69.42,,2021,1,0
351.9,,60.77,,32.78,,2019,2,0
239.55,,59.94,,11.12,,2024,1,0
370.74,,71.41,,30.73,,2020,1,0
362.07,,94.27,,43.97,,2023,1,0
401.47,,79.58,,8.0,,2024,1,0
371.54,,82.11,,185.39,,2022,2,0
362.38,,79.97,,41.39,,2024,4,0
282.13,,65.02,,186.63,,2019,0,0
328.3,,75.11,,26.59,,2024,2,1
406.22,,82.98,,41.03,,2019,1,0
474.37,,80.28,,25.99,,2022,2,0
374.64,,73.95,,8.0,,2024,3,0
398.03,,77.2,,79.65,,2022,1,0
432.39,,96.63,,25.03,,2022,0,0
335.4,,80.39,,26.74,,2020,2,1
400.17,,68.85,,18.74,,2024,2,0
339.27,,71.26,,23.81,,2020,1,0
427.57,,61.46,,54.31,,2024,1,0
388.33,,95.47,,50.65,,2024,2,1
396.41,,88.04,,69.39,,2021,2,1
336.96,,72.83,,154.38,,2023,3,1
418.89,,93.81,,20.84,,2019,0,0
494.66,,78.32,,17.39,,2023,0,1
324.56,,67.69,,28.57,,2022,0,1
361.31,,81.06,,8.0,,2019,0,0
392.74,,75.99,,59.6,,2024,2,0
423.25,,80.38,,36.55,,2023,0,0
349.22,,58.31,,9.97,,2020,0,1
224.18,,63.9,,83.81,,2022,1,0
454.76,,86.88,,40.54,,2021,1,1
421.83,,88.93,,8.0,,2023,3,0
284.14,,86.15,,9.19,,2023,0,0
346.58,,94.19,,93.13,,2020,1,0
466.25,,77.77,,20.15,,2020,2,0
459.63,,77.07,,174.61,,2023,0,0
431.63,,62.87,,31.69,,2023,3,0
370.31,,66.19,,9.79,,2021,0,1
384.56,,52.12,,37.85,,2022,0,0
372.8,,68.79,,8.0,,2022,0,0
442.05,,51.41,,69.2,,2019,3,0
331.83,,82.81,,41.51,,2023,4,1
335.68,,75.88,,139.56,,2021,1,0
435.57,,51.74,,49.2,,2022,2,0
377.56,,70.1,,8.0,,2019,2,1
455.82,,91.68,,27.18,,2023,1,0
343.07,,70.74,,31.83,,2024,2,0
376.99,,62.02,,104.42,,2022,0,1
329.27,,54.14,,23.79,,2022,1,0
380.4,,54.44,,37.81,,2023,2,0
298.68,,77.36,,8.64,,2020,1,1
353.18,,67.66,,11.78,,2019,2,0
301.01,,68.49,,33.41,,2024,2,0
418.17,,67.7,,50.15,,2024,1,0
419.41,,70.6,,24.01,,2022,1,1
284.84,,59.73,,23.81,,2020,2,1
453.36,,75.16,,12.42,,2024,3,0
517.36,,57.77,,50.31,,2020,2,0
382.53,,64.44,,8.0,,2024,0,0
344.74,,82.11,,30.2,,2022,1,0
535.34,,75.76,,8.0,,2019,0,1
307.46,,78.86,,37.8,,2024,1,1
381.11,,93.5,,8.0,,2022,2,0
389.88,,71.4,,118.21,,2021,0,0
453.98,,72.21,,27.3,,2022,2,0
399.79,,69.36,,48.39,,2024,1,0
352.58,,67.57,,80.7,,2020,1,1
327.68,,61.89,,11.27,,2019,1,0
361.2,,72.84,,32.62,,2023,1,0
324.62,,75.55,,83.62,,2023,2,0
382.63,,76.11,,32.41,,2024,3,0
348.97,,72.64,,20.95,,2021,1,1
297.83,,81.26,,19.33,,2022,1,0
449.03,,72.29,,20.36,,2018,1,0
352.63,,67.91,,40.14,,2024,0,1
310.25,,62.73,,8.0,,2020,1,1
370.75,,56.51,,22.55,,2019,1,0
383.76,,86.6,,34.54,,2022,2,1
283.94,,65.01,,64.83,,2023,2,0
398.24,,62.74,,31.71,,2020,2,0
322.41,,67.82,,109.45,,2020,1,1
474.11,,69.22,,24.64,,2021,1,1
408.82,,88.39,,44.19,,2024,1,0
358.01,,68.72,,8.0,,2023,1,0
339.02,,98.33,,11.44,,2021,0,0
374.23,,72.64,,70.97,,2021,1,0
413.7,,92.57,,37.06,,2024,1,1
378.6,,80.94,,122.72,,2023,0,0
368.06,,75.61,,58.71,,2020,0,0
383.21,,87.78,,25.08,,2020,0,0
346.79,,83.22,,63.35,,2019,2,0
361.12,,78.35,,26.49,,2020,0,0
265.28,,95.18,,16.83,,2023,1,0
433.55,,67.02,,8.0,,2021,4,1
396.43,,62.05,,84.3,,2024,1,0
337.46,,65.24,,22.8,,2021,2,1
484.43,,89.52,,48.54,,2020,1,0
384.79,,86.51,,8.0,,2020,0,1
323.01,,66.75,,74.17,,2022,0,1
427.12,,48.45,,73.01,,2024,1,1
401.89,,69.94,,27.64,,2024,1,0
401.7,,61.87,,46.84,,2020,1,0
356.58,,67.06,,30.95,,2023,2,1
404.78,,61.46,,33.75,,2023,2,1
365.6,,55.9,,92.25,,2020,2,0
410.58,,90.83,,143.17,,2021,3,1
275.23,,65.16,,19.24,,2019,1,0
356.14,,86.13,,16.93,,2019,3,1
474.72,,69.79,,15.21,,2022,0,0
337.81,,60.69,,61.87,,2022,0,0
346.79,,77.09,,53.9,,2018,0,0
355.36,,68.09,,8.0,,2024,1,1
313.19,,69.93,,8.0,,2022,3,0
258.54,,73.45,,43.64,,2023,2,1
367.32,,63.88,,13.5,,2023,0,0
387.47,,55.79,,8.0,,2023,1,1
377.11,,71.49,,22.42,,2021,1,0
372.03,,81.64,,88.18,,2024,0,1
382.37,,62.98,,19.16,,2021,0,0
436.26,,73.54,,49.96,,2024,2,1
369.53,,87.06,,96.95,,2018,0,0
348.43,,71.1,,8.0,,2019,2,0
364.54,,72.86,,39.52,,2023,2,1
411.86,,72.55,,100.06,,2023,1,0
457.66,,65.18,,9.03,,2023,1,0
345.45,,62.07,,188.33,,2023,0,0
385.44,,62.11,,19.08,,2022,0,0
398.61,,75.68,,10.3,,2018,2,1
325.41,,79.58,,76.4,,2024,1,0
381.12,,80.05,,26.5,,2022,5,1
299.39,,68.21,,46.65,,2019,0,1
282.7,,82.93,,28.25,,2020,2,1
400.17,,75.07,,43.32,,2023,2,0
358.89,,72.71,,8.0,,2019,1,0
391.13,,38.61,,18.1,,2024,3,0
379.02,,63.83,,44.98,,2023,0,1
326.3,,56.79,,18.14,,2021,3,1
377.51,,78.27,,62.79,,2024,0,1
312.18,,72.95,,136.13,,2024,0,1
456.5,,61.28,,8.0,,2024,2,0
305.42,,75.04,,81.2,,2021,1,1
369.23,,57.77,,8.0,,2023,0,1
322.68,,61.56,,104.71,,2022,2,0
411.37,,64.9,,123.21,,2022,0,0
361.77,,77.4,,35.37,,2022,2,0
351.47,,85.99,,27.39,,2018,0,0
426.93,,66.14,,59.68,,2018,1,1
381.62,,85.22,,105.05,,2023,0,0
408.42,,72.47,,11.11,,2024,1,0
326.03,,74.36,,20.24,,2020,1,0
302.74,,71.36,,22.7,,2022,2,1
385.9,,70.03,,78.52,,2021,1,0
362.46,,76.39,,8.0,,2022,1,0
414.45,,79.4,,40.98,,2019,1,1
375.61,,63.15,,18.15,,2023,1,0
391.28,,70.11,,91.03,,2022,2,0
290.71,,88.69,,17.44,,2021,1,0
483.86,,73.77,,160.2,,2023,1,0
370.97,,74.87,,8.0,,2022,4,0
418.37,,83.67,,11.5,,2022,2,1
334.01,,66.99,,25.67,,2022,0,0
396.94,,71.66,,12.44,,2024,0,0
308.34,,80.17,,56.16,,2019,0,0
404.86,,84.39,,70.77,,2024,2,0
360.42,,48.35,,50.22,,2019,1,1
381.61,,64.63,,147.84,,2020,1,1
418.39,,62.02,,25.57,,2024,0,0
312.21,,70.76,,163.82,,2024,2,0
342.35,,62.77,,8.0,,2021,0,0
405.15,,78.64,,78.56,,2022,1,0
495.4,,73.72,,8.0,,2021,1,0
372.41,,80.89,,31.88,,2020,4,0
412.51,,81.53,,27.83,,2019,0,0
374.12,,78.79,,81.48,,2018,0,0
486.82,,68.64,,50.67,,2022,0,0
283.9,,73.04,,24.43,,2022,1,0
385.2,,67.39,,94.93,,2023,2,0
290.6,,58.35,,91.16,,2019,0,1
242.14,,81.54,,8.0,,2022,0,1
396.36,,71.16,,86.02,,2024,2,0
387.67,,56.97,,31.41,,2024,0,1
364.33,,77.37,,76.7,,2022,0,0
374.16,,69.76,,8.4,,2020,0,0
550.41,,51.4,,8.0,,2020,3,0
365.8,,58.26,,53.8,,2022,2,0
408.06,,64.99,,13.53,,2023,2,0
344.28,,74.11,,34.37,,2024,1,0
396.24,,79.88,,49.03,,2024,0,1
366.9,,79.54,,39.59,,2022,1,0
357.42,,78.03,,50.42,,2021,0,1
480.04,,71.66,,40.68,,2018,0,1
444.75,,89.22,,20.02,,2018,2,0
387.52,,79.0,,8.0,,2022,0,1
253.27,,74.22,,81.2,,2019,2,1
360.14,,77.67,,78.58,,2020,1,0
528.67,,68.01,,8.0,,2024,1,0
367.31,,71.43,,77.2,,2023,2,0
440.68,,51.18,,8.0,,2022,1,0
459.31,,68.13,,17.0,,2024,2,0
392.04,,89.6,,22.4,,2020,1,0
333.7,,73.48,,47.81,,2021,1,1
246.06,,73.07,,8.0,,2021,1,0
417.63,,81.99,,73.6,,2024,1,0
335.19,,75.58,,120.13,,2024,0,0
389.69,,64.14,,128.15,,2022,1,0
311.26,,72.24,,8.0,,2022,3,1
365.41,,60.65,,105.76,,2024,3,0
381.85,,73.84,,35.24,,2020,2,0
394.77,,63.62,,54.52,,2022,0,1
318.68,,81.28,,112.05,,2023,0,1
445.83,,66.9,,45.43,,2023,1,0
347.17,,63.75,,25.63,,2022,3,1
287.9,,70.87,,31.28,,2024,2,0
374.0,,75.65,,48.45,,2020,1,1
381.89,,59.93,,121.59,,2022,1,0
388.83,,66.79,,92.63,,2024,4,0
454.92,,73.05,,36.14,,2020,1,0
367.0,,85.38,,9.95,,2024,1,1
373.42,,46.71,,17.88,,2023,3,0
319.32,,78.15,,18.86,,2021,3,1
425.13,,68.16,,14.34,,2023,7,0
390.14,,67.05,,57.68,,2024,0,1
356.9,,65.19,,75.93,,2024,0,0
275.24,,68.36,,16.19,,2021,0,1
459.44,,78.21,,78.61,,2024,2,0
312.48,,66.63,,55.69,,2018,0,1
347.48,,88.59,,24.44,,2018,1,0
399.71,,78.24,,50.38,,2023,1,0
314.19,,73.98,,61.61,,2022,1,0
297.86,,70.34,,34.58,,2022,0,0
263.18,,83.9,,24.59,,2020,4,0
419.65,,85.36,,8.0,,2022,0,1
350.01,,60.39,,8.0,,2018,1,0
541.0,,64.98,,116.28,,2022,2,1
325.31,,78.35,,13.07,,2021,0,0
329.32,,81.37,,45.68,,2020,2,0
348.9,,69.0,,120.58,,2022,1,0
393.37,,64.58,,71.62,,2023,0,0
354.14,,72.79,,8.0,,2024,1,1
413.68,,86.77,,68.0,,2022,3,1
326.18,,72.41,,54.43,,2020,2,0
304.01,,59.36,,16.78,,2020,1,0
281.1,,73.1,,49.14,,2022,0,0
257.7,,79.83,,73.42,,2021,2,0
351.51,,70.99,,14.47,,2021,1,0
363.45,,84.58,,85.38,,2022,2,1
345.27,,80.66,,8.0,,2022,0,1
448.39,,71.38,,31.48,,2020,1,0
447.54,,72.43,,11.15,,2021,0,0
361.59,,53.58,,54.68,,2023,0,1
281.33,,84.1,,8.07,,2021,2,0
348.83,,68.7,,17.54,,2022,0,1
347.01,,68.0,,8.0,,2023,2,0
343.86,,66.5,,70.18,,2020,0,0
341.63,,76.57,,8.0,,2024,3,0
344.06,,60.71,,53.94,,2021,1,0
358.74,,62.16,,51.59,,2023,2,1
345.05,,71.47,,8.0,,2021,0,0
391.46,,65.73,,35.06,,2023,0,1
399.82,,75.35,,28.85,,2021,0,0
329.91,,66.1,,37.91,,2023,1,0
449.91,,87.95,,116.27,,2019,1,0
326.1,,78.93,,8.0,,2021,1,1
291.02,,78.81,,72.14,,2022,3,0
400.94,,65.95,,83.21,,2023,3,1
335.04,,96.06,,8.0,,2020,1,0
397.67,,67.61,,44.83,,2021,0,0
247.8,,64.86,,50.87,,2019,1,0
456.59,,79.07,,33.41,,2024,2,0
416.98,,73.95,,29.36,,2024,0,1
297.47,,63.82,,16.06,,2021,0,1
298.67,,93.96,,49.07,,2022,0,1
471.97,,81.76,,14.12,,2022,2,1
339.44,,72.04,,25.88,,2020,1,0
334.12,,96.01,,81.79,,2023,1,0
255.37,,80.11,,8.0,,2022,0,0
360.71,,71.88,,31.57,,2022,1,1
367.48,,94.81,,27.96,,2019,0,1
419.35,,78.59,,19.97,,2019,1,1
303.05,,78.15,,38.23,,2024,3,0
296.38,,68.14,,8.0,,2024,1,0
404.8,,72.49,,28.48,,2018,2,1
435.37,,67.89,,27.93,,2022,0,0
293.59,,86.4,,30.49,,2019,1,0
439.48,,55.91,,10.03,,2023,0,1
382.06,,85.66,,9.77,,2018,0,1
440.05,,63.23,,43.76,,2022,1,0
376.14,,71.42,,8.0,,2023,1,1
241.27,,69.05,,15.34,,2019,1,0
371.64,,66.8,,74.62,,2022,1,1
438.31,,78.9,,8.0,,2024,0,0
330.84,,71.95,,26.51,,2019,0,0
358.66,,65.32,,46.39,,2023,0,0
370.31,,73.54,,8.0,,2021,0,0
220.53,,65.04,,15.73,,2021,2,1
471.92,,66.62,,34.36,,2022,1,0
330.42,,57.03,,16.65,,2024,1,0
407.82,,67.5,,8.0,,2020,3,1
375.23,,76.94,,11.11,,2024,3,0
449.17,,72.37,,8.0,,2019,0,1
402.33,,90.15,,172.53,,2024,1,0
367.08,,98.13,,11.29,,2018,1,1
330.86,,67.36,,31.76,,2020,0,0
423.88,,63.67,,23.5,,2024,2,1
276.96,,83.3,,35.4,,2021,4,1
415.52,,75.35,,28.95,,2018,0,0
319.55,,83.36,,54.55,,2024,1,0
448.88,,75.99,,86.67,,2024,1,0
388.87,,70.06,,14.11,,2023,0,0
415.43,,70.11,,8.52,,2024,0,1
384.51,,76.33,,174.58,,2021,1,0
283.62,,69.89,,84.44,,2023,0,1
332.66,,84.2,,19.0,,2023,1,0
416.98,,58.98,,94.57,,2024,1,0
389.17,,84.14,,46.63,,2024,0,1
444.95,,53.27,,24.16,,2019,0,0
402.18,,73.45,,86.81,,2021,1,0
326.83,,68.69,,47.24,,2023,0,1
336.22,,56.84,,73.55,,2024,2,1
385.66,,51.4,,22.72,,2021,0,0
252.73,,61.02,,67.33,,2018,1,0
472.04,,72.46,,19.2,,2020,2,0
404.3,,65.98,,55.79,,2022,2,1
447.49,,61.59,,24.02,,2019,1,0
293.07,,85.52,,21.82,,2018,1,0
448.45,,59.68,,66.9,,2022,2,0
502.73,,78.79,,8.0,,2023,3,0
307.35,,63.11,,110.63,,2023,4,0
422.43,,60.77,,29.85,,2022,2,1
380.06,,65.96,,42.45,,2022,1,0
295.06,,78.2,,21.82,,2018,4,0
407.11,,58.29,,43.6,,2021,0,0
425.85,,74.87,,51.97,,2023,1,0
346.94,,62.39,,85.2,,2022,1,0
444.13,,64.19,,80.92,,2021,1,1
288.33,,76.01,,18.6,,2020,0,1
297.79,,93.73,,40.18,,2018,2,0
387.51,,62.89,,63.7,,2024,0,1
381.4,,79.2,,60.8,,2024,0,0
340.59,,68.87,,93.06,,2021,1,0
424.53,,67.25,,74.91,,2023,1,0
409.2,,82.71,,53.14,,2019,0,0
427.2,,63.56,,58.03,,2024,0,0
373.23,,60.46,,69.19,,2024,2,0
413.14,,76.6,,76.42,,2020,0,1
355.49,,87.95,,18.27,,2023,1,1
492.96,,79.5,,63.94,,2022,1,0
335.31,,57.93,,125.16,,2023,1,0
495.79,,65.85,,11.14,,2022,1,0
381.92,,81.8,,8.0,,2019,1,0
304.35,,87.81,,8.0,,2024,1,0
455.24,,74.29,,10.26,,2019,3,0
386.92,,66.21,,105.97,,2021,2,1
426.81,,88.46,,8.0,,2024,1,0
447.31,,71.25,,57.82,,2022,1,1
398.59,,65.94,,84.74,,2024,1,0
347.43,,64.25,,88.19,,2020,1,0
433.66,,60.05,,22.64,,2024,2,1
380.04,,100.34,,28.72,,2022,0,0
417.72,,86.21,,16.4,,2022,2,1
261.54,,65.44,,8.0,,2024,0,0
404.58,,89.32,,10.02,,2024,2,1
344.88,,77.33,,8.0,,2021,2,1
470.93,,76.74,,21.98,,2024,4,1
414.27,,64.82,,8.0,,2019,2,0
393.19,,66.86,,21.69,,2018,3,1
406.75,,71.58,,80.01,,2022,1,1
325.09,,52.34,,44.64,,2023,1,0
469.28,,67.13,,45.65,,2020,0,0
489.53,,72.04,,70.17,,2019,1,1
401.61,,85.1,,8.0,,2024,3,1
467.47,,65.83,,66.46,,2024,0,0
348.7,,80.12,,9.18,,2023,1,1
336.16,,51.4,,17.83,,2024,1,0
382.25,,83.67,,15.47,,2024,1,0
403.92,,63.0,,8.0,,2021,2,1
358.33,,73.3,,8.01,,2019,3,1
409.58,,76.06,,131.52,,2024,0,0
396.85,,74.1,,38.51,,2023,0,0
325.09,,70.93,,26.98,,2024,1,0
408.53,,59.58,,59.55,,2023,0,1
427.49,,63.1,,70.59,,2022,1,0
389.43,,81.96,,8.0,,2024,0,1
443.4,,66.03,,56.72,,2023,0,1
313.04,,70.97,,113.15,,2018,1,0
405.74,,57.08,,36.98,,2023,1,0
315.63,,80.59,,40.0,,2022,0,0
318.73,,58.81,,85.82,,2020,1,0
345.3,,81.16,,47.79,,2022,1,1
328.19,,61.37,,224.84,,2022,1,1
349.86,,82.15,,13.95,,2022,0,0
368.22,,72.1,,78.43,,2022,1,1
426.04,,66.41,,39.81,,2023,2,0
362.34,,88.0,,19.12,,2023,2,0
292.79,,71.31,,90.14,,2023,0,0
442.7,,68.38,,234.57,,2023,0,0
333.96,,81.09,,8.0,,2024,0,0
376.77,,57.2,,109.08,,2022,0,0
404.56,,46.73,,9.54,,2019,0,1
390.98,,83.58,,9.65,,2021,2,0
440.18,,63.64,,8.0,,2018,3,0
406.35,,80.65,,107.25,,2022,2,1
332.63,,72.46,,59.83,,2024,1,1
499.82,,60.36,,8.0,,2024,1,1
390.69,,78.07,,42.16,,2022,1,0
371.9,,67.9,,8.0,,2023,2,1
433.02,,61.23,,58.46,,2023,1,0
393.72,,61.49,,22.09,,2022,2,0
401.96,,54.67,,8.0,,2024,3,0
517.07,,76.03,,74.28,,2021,2,0
364.87,,62.65,,35.68,,2023,2,0
362.52,,71.65,,62.25,,2019,1,0
386.41,,70.18,,47.14,,2020,2,0
438.93,,62.58,,23.93,,2024,1,0
297.14,,56.77,,50.38,,2022,3,0
271.89,,97.34,,8.0,,2023,4,0
347.71,,71.51,,17.43,,2024,0,0
290.13,,90.23,,63.19,,2024,1,0
356.63,,83.65,,60.48,,2019,0,1
407.64,,68.79,,91.73,,2023,1,0
331.01,,73.81,,39.66,,2023,3,1
301.52,,73.52,,119.73,,2023,1,0
383.81,,90.44,,34.26,,2020,0,0
427.44,,80.3,,29.15,,2023,3,0
286.78,,63.93,,9.23,,2021,1,0
425.11,,75.52,,63.37,,2020,1,1
424.95,,80.04,,49.47,,2023,4,1
432.47,,60.25,,25.94,,2020,0,1
447.02,,76.94,,8.0,,2022,3,0
501.11,,85.45,,8.0,,2021,0,0
360.41,,63.43,,8.0,,2024,2,0
386.03,,64.81,,19.78,,2024,1,0
357.1,,83.6,,8.0,,2024,2,0
380.11,,68.46,,82.83,,2021,1,0
464.31,,62.18,,96.43,,2020,1,0
306.02,,80.82,,81.62,,2023,1,0
332.64,,77.77,,39.42,,2024,0,0
455.74,,72.94,,38.1,,2022,0,0
436.1,,83.25,,93.06,,2018,0,0
360.03,,83.96,,21.9,,2019,2,0
426.99,,71.17,,8.0,,2021,1,0
398.77,,91.74,,26.7,,2022,1,0
462.52,,87.83,,33.89,,2021,2,0
384.1,,52.16,,33.49,,2022,1,0
436.41,,61.7,,8.0,,2024,0,0
525.31,,49.45,,64.25,,2019,2,0
412.9,,68.75,,55.3,,2024,1,0
382.71,,59.89,,10.97,,2022,2,1
419.73,,63.86,,33.65,,2023,2,1
359.91,,82.91,,65.61,,2024,0,1
511.34,,54.45,,8.0,,2022,1,0
389.9,,73.3,,13.52,,2019,0,1
364.99,,73.24,,26.83,,2024,0,1
334.04,,71.18,,78.31,,2021,1,0
440.35,,73.31,,67.38,,2024,1,0
427.7,,49.68,,8.0,,2019,2,0
352.65,,63.9,,26.09,,2020,0,0
411.7,,87.43,,15.26,,2024,1,0
297.03,,60.03,,21.56,,2024,2,0
390.17,,88.67,,32.67,,2020,0,1
404.9,,57.93,,29.06,,2023,1,0
473.9,,56.73,,8.0,,2019,3,0
337.6,,62.48,,8.0,,2020,3,1
309.69,,83.29,,8.0,,2020,1,0
330.75,,66.54,,77.31,,2018,2,1
306.49,,75.45,,8.0,,2022,1,0
453.52,,72.74,,9.5,,2021,0,1
465.18,,71.46,,131.09,,2022,3,0
397.61,,84.74,,8.0,,2023,0,0
447.17,,79.72,,8.0,,2022,0,1
387.37,,60.57,,20.58,,2021,1,0
374.77,,69.24,,8.0,,2019,2,0
361.68,,89.43,,35.03,,2023,1,1
362.93,,75.2,,17.36,,2021,1,0
294.87,,56.92,,9.85,,2020,1,0
394.53,,57.63,,240.0,,2023,0,1
377.78,,80.9,,17.52,,2022,0,0
420.99,,79.02,,43.03,,2020,3,0
385.14,,62.79,,87.04,,2023,1,1
371.05,,79.48,,107.35,,2024,0,1
332.08,,87.99,,22.17,,2024,1,0
383.97,,86.58,,156.92,,2022,0,0
420.6,,88.04,,54.16,,2018,1,1
317.12,,77.55,,36.76,,2022,2,0
384.81,,70.22,,49.64,,2018,1,1
392.82,,67.98,,18.75,,2024,1,0
340.51,,71.83,,23.2,,2020,0,1
347.67,,63.24,,37.07,,2024,0,1
392.68,,68.41,,16.62,,2024,2,0
317.66,,84.75,,61.51,,2023,1,1
399.25,,55.91,,12.14,,2019,3,0
330.76,,56.59,,66.93,,2022,0,0
438.46,,80.31,,8.0,,2021,2,1
508.58,,68.5,,10.3,,2024,0,1
332.66,,52.74,,58.75,,2021,2,0
409.38,,71.39,,12.83,,2022,0,1
340.03,,69.96,,66.64,,2022,0,1
437.25,,67.69,,64.34,,2018,0,0
310.41,,78.86,,12.49,,2023,2,1
406.43,,58.67,,8.0,,2021,1,0
331.99,,72.13,,8.0,,2022,0,0
368.62,,69.89,,58.65,,2019,4,0
323.29,,72.38,,78.85,,2021,1,0
425.23,,54.68,,20.29,,2022,2,1
333.97,,66.77,,8.0,,2022,1,0
410.36,,72.2,,8.0,,2020,0,0
361.07,,77.41,,10.21,,2022,1,0
373.7,,90.46,,163.65,,2022,3,1
388.13,,80.06,,8.0,,2019,1,0
338.1,,76.61,,8.0,,2022,1,0
391.57,,84.71,,64.65,,2020,2,0
464.17,,68.96,,40.13,,2024,0,0
337.2,,87.54,,32.14,,2021,1,0
444.45,,83.19,,24.95,,2023,1,0
462.4,,67.54,,50.83,,2022,2,0
335.11,,91.24,,50.34,,2023,2,0
299.97,,76.47,,23.2,,2024,1,0
396.61,,93.93,,11.21,,2024,0,0
349.89,,75.03,,77.3,,2019,1,0
482.77,,66.38,,8.0,,2024,0,1
381.91,,64.32,,32.07,,2020,2,0
335.88,,68.44,,49.55,,2021,1,1
316.91,,66.29,,42.78,,2022,1,0
439.94,,84.71,,40.51,,2024,0,1
348.58,,71.71,,45.62,,2023,2,0
382.41,,55.86,,87.56,,2024,2,0
432.57,,74.13,,19.1,,2024,1,0
353.37,,73.26,,41.47,,2023,2,0
377.47,,67.31,,50.14,,2022,0,0
379.09,,74.68,,37.48,,2021,0,0
417.58,,71.56,,97.99,,2021,1,0
412.49,,78.34,,44.67,,2022,1,1
367.89,,77.75,,23.2,,2018,0,0
383.5,,75.65,,78.46,,2020,2,1
359.55,,59.01,,28.24,,2021,0,0
298.73,,93.19,,31.73,,2024,1,0
394.17,,56.44,,36.66,,2021,4,0
484.07,,70.71,,16.37,,2020,2,1
331.4,,61.06,,53.85,,2023,1,0
337.48,,75.96,,8.0,,2024,0,1
332.11,,73.38,,85.32,,2023,2,0
419.85,,70.31,,58.99,,2019,2,0
404.67,,87.18,,18.33,,2021,4,0
371.28,,83.08,,10.78,,2023,1,0
329.51,,68.73,,20.62,,2020,3,1
385.08,,80.04,,68.67,,2023,2,0
293.95,,87.65,,8.0,,2020,1,0
387.89,,83.01,,26.5,,2022,2,0
427.93,,70.64,,12.31,,2023,1,0
311.18,,56.1,,87.32,,2023,0,1
295.71,,75.25,,22.43,,2024,3,1
466.87,,78.69,,50.27,,2023,4,1
346.35,,64.3,,18.61,,2020,0,1
442.48,,72.23,,16.8,,2024,0,1
371.53,,71.17,,16.56,,2023,2,0
371.09,,85.88,,47.62,,2019,0,0
404.11,,90.54,,139.9,,2023,4,1
331.38,,83.75,,9.8,,2022,2,1
387.29,,71.14,,43.37,,2022,2,0
359.02,,83.48,,12.96,,2023,0,0
307.37,,78.49,,33.48,,2020,0,0
398.56,,71.25,,32.76,,2024,3,1
365.52,,92.92,,25.11,,2022,2,0
371.36,,64.62,,29.0,,2022,0,1
313.44,,78.04,,89.13,,2022,2,0
467.53,,80.4,,8.0,,2023,2,0
428.22,,69.13,,74.49,,2023,2,0
433.03,,77.59,,26.06,,2021,2,1
363.2,,81.45,,17.05,,2022,3,0
284.89,,74.45,,8.19,,2021,1,1
487.41,,76.72,,70.83,,2023,2,0
376.64,,73.05,,37.66,,2023,2,1
338.82,,79.98,,54.74,,2024,1,0
402.92,,69.71,,15.89,,2023,1,0
444.19,,68.88,,20.96,,2018,2,1
378.73,,72.21,,102.87,,2020,3,0
450.32,,83.84,,136.45,,2021,0,0
439.56,,54.53,,56.55,,2020,0,0
320.8,,62.91,,58.13,,2022,2,0
342.94,,94.76,,49.79,,2024,1,0
432.66,,74.75,,37.16,,2023,4,0
230.81,,67.93,,37.97,,2021,3,0
371.78,,79.95,,139.39,,2021,1,0
301.3,,64.15,,58.38,,2019,1,0
353.79,,50.97,,44.74,,2018,1,1
363.56,,75.55,,8.8,,2022,0,1
360.3,,64.69,,158.57,,2023,1,1
349.63,,73.01,,30.85,,2024,1,1
319.66,,75.29,,120.85,,2022,2,1
506.06,,73.42,,52.51,,2020,0,0
482.71,,54.91,,8.0,,2021,2,0
316.09,,72.26,,32.52,,2022,2,1
467.02,,76.45,,93.74,,2023,0,0
358.03,,58.0,,8.0,,2022,0,1
387.11,,56.81,,84.65,,2024,1,0
376.52,,61.31,,39.91,,2018,1,0
343.71,,79.47,,8.0,,2024,1,0
434.11,,52.02,,19.65,,2024,2,0
386.92,,80.3,,8.0,,2020,2,0
353.79,,75.92,,8.0,,2018,1,0
308.25,,69.42,,95.23,,2023,2,0
330.85,,57.19,,57.99,,2023,1,0
289.72,,64.04,,14.35,,2022,4,0
380.67,,79.82,,8.0,,2021,1,1
314.18,,84.57,,8.0,,2023,3,0
365.39,,61.69,,104.65,,2023,1,0
455.36,,83.42,,41.26,,2020,1,0
445.96,,78.86,,8.0,,2023,0,1
378.22,,71.93,,48.05,,2023,1,1
375.21,,64.62,,240.0,,2019,3,0
483.39,,66.19,,65.15,,2022,0,0
408.64,,90.23,,24.85,,2021,2,1
361.97,,73.78,,70.68,,2022,1,1
301.57,,85.3,,57.28,,2022,1,0
401.66,,74.42,,8.0,,2022,1,1
425.61,,67.47,,109.18,,2021,0,0
345.26,,77.84,,90.51,,2022,0,1
396.02,,93.58,,37.5,,2019,2,1
360.0,,65.56,,29.8,,2020,0,1
369.88,,81.14,,10.85,,2019,1,0
243.17,,73.91,,75.54,,2020,1,0
367.8,,57.5,,23.75,,2018,0,1
433.32,,57.28,,36.37,,2018,2,0
345.27,,67.48,,8.0,,2023,2,0
382.89,,75.47,,10.1,,2020,1,0
338.42,,80.78,,176.96,,2022,0,0
399.82,,56.29,,28.61,,2021,3,1
368.09,,78.53,,71.04,,2021,0,1
328.34,,70.82,,74.36,,2024,2,1
453.29,,72.03,,167.6,,2022,0,0
431.09,,77.89,,170.89,,2022,1,0
346.73,,89.46,,25.64,,2022,2,0
407.38,,75.04,,126.09,,2021,2,1
409.56,,58.43,,19.1,,2023,0,0
415.33,,70.13,,39.29,,2018,0,0
286.82,,80.52,,72.42,,2021,2,0
435.36,,80.85,,102.94,,2023,0,0
348.67,,78.66,,31.16,,2018,0,1
360.32,,66.9,,22.72,,2018,3,1
525.08,,58.32,,54.76,,2021,4,0
396.6,,77.9,,25.56,,2021,1,0
358.75,,59.86,,46.79,,2023,2,0
258.71,,78.93,,68.49,,2023,0,0
456.44,,78.93,,77.27,,2018,1,0
306.01,,67.32,,12.32,,2022,1,1
324.81,,70.88,,35.59,,2024,0,0
361.78,,73.99,,8.0,,2021,1,0
457.9,,65.85,,67.13,,2020,2,0
422.53,,58.18,,8.0,,2022,0,0
371.32,,71.61,,86.24,,2022,2,0
396.96,,72.65,,21.93,,2020,1,1
346.98,,85.61,,8.0,,2020,1,0
387.68,,64.18,,66.73,,2023,0,0
384.03,,82.68,,9.39,,2021,1,0
433.28,,60.53,,21.07,,2024,1,1
433.19,,58.55,,35.14,,2021,2,1
407.17,,68.99,,18.75,,2022,2,0
360.07,,62.59,,8.29,,2019,2,0
420.8,,58.41,,21.88,,2022,2,0
374.94,,91.44,,8.0,,2022,2,1
320.49,,67.48,,53.34,,2021,0,0
357.82,,95.11,,8.0,,2022,0,0
384.65,,62.05,,27.66,,2020,1,0
430.06,,54.91,,34.52,,2024,1,0
369.91,,84.91,,121.87,,2024,2,0
313.49,,64.73,,8.0,,2024,1,0
383.12,,73.39,,111.96,,2024,2,0
386.24,,58.44,,9.81,,2022,0,0
390.22,,71.62,,77.21,,2021,4,0
430.59,,58.28,,8.0,,2020,1,0
436.04,,71.26,,188.29,,2024,0,1
347.32,,67.26,,69.23,,2018,0,1
346.11,,74.3,,8.0,,2020,0,0
322.79,,78.26,,10.12,,2022,1,1
418.43,,74.41,,33.4,,2020,1,1
459.69,,76.51,,31.14,,2022,3,1
362.67,,70.91,,41.68,,2023,4,0
366.72,,67.65,,26.15,,2024,1,1
460.67,,76.7,,55.64,,2020,2,0
407.81,,70.89,,18.0,,2021,1,1
403.99,,71.27,,8.15,,2023,0,0
314.5,,75.98,,8.0,,2020,3,0
417.33,,61.67,,16.49,,2021,3,1
328.9,,86.3,,23.38,,2023,2,1
317.63,,69.51,,45.2,,2021,0,0
360.93,,73.24,,68.97,,2020,0,0
347.78,,71.55,,11.53,,2021,0,1
367.81,,78.53,,28.55,,2019,0,0
300.75,,75.39,,11.18,,2023,1,0
432.73,,71.5,,126.81,,2018,2,0
442.02,,86.49,,43.8,,2022,0,0
272.9,,39.97,,47.58,,2024,0,0
433.82,,84.43,,31.82,,2024,3,0
335.42,,81.2,,13.9,,2019,0,0
427.13,,53.64,,9.39,,2023,0,0
376.24,,81.29,,44.9,,2023,3,0
381.58,,82.58,,106.99,,2021,1,0
369.82,,77.62,,10.05,,2019,4,0
446.67,,56.41,,35.62,,2024,0,1
311.82,,78.83,,31.65,,2022,2,0
413.43,,82.07,,43.1,,2023,1,1
440.57,,66.28,,37.22,,2022,1,0
419.4,,76.41,,13.38,,2020,0,0
507.86,,68.47,,49.39,,2021,4,1
350.91,,80.85,,13.37,,2022,1,1
432.65,,68.86,,44.45,,2020,2,1
374.17,,66.2,,14.98,,2021,3,0
447.84,,71.61,,8.0,,2019,3,0
379.58,,58.58,,8.0,,2024,2,0
358.67,,70.61,,75.45,,2023,2,1
451.83,,75.62,,8.0,,2020,0,0
352.96,,80.7,,16.85,,2020,0,0
302.3,,74.49,,14.25,,2022,2,0
351.57,,57.67,,8.0,,2018,0,0
414.05,,85.52,,38.43,,2022,1,0
456.56,,86.36,,67.34,,2024,0,1
386.11,,73.13,,204.56,,2024,2,0
452.5,,64.48,,115.47,,2024,3,0
305.3,,66.68,,8.0,,2019,0,0
355.62,,69.96,,12.51,,2021,0,1
364.13,,74.79,,22.31,,2022,0,0
373.7,,68.96,,87.34,,2023,0,0
384.63,,63.42,,18.75,,2021,1,1
418.0,,82.23,,35.48,,2021,1,0
355.54,,74.57,,45.26,,2021,2,0
387.65,,61.48,,14.86,,2023,0,1
377.52,,74.91,,36.63,,2021,1,0
329.08,,73.62,,8.0,,2018,3,0
373.75,,64.82,,27.48,,2023,1,0
372.1,,83.95,,19.98,,2020,1,1
370.92,,73.35,,18.47,,2023,2,0
381.75,,69.83,,11.25,,2018,2,1
384.16,,71.17,,71.5,,2021,2,0
356.22,,76.44,,89.73,,2022,3,0
450.0,,71.28,,92.0,,2024,2,0
315.68,,71.19,,21.18,,2019,1,0
340.35,,82.66,,12.6,,2023,1,0
532.9,,57.82,,8.0,,2024,0,1
322.91,,59.48,,46.87,,2021,0,0
305.54,,79.77,,16.83,,2020,1,0
420.4,,96.16,,13.6,,2024,0,0
265.76,,80.76,,19.5,,2022,3,1
367.06,,90.64,,33.98,,2024,0,0
498.02,,67.66,,8.0,,2023,1,1
295.03,,65.63,,136.62,,2021,2,0
270.99,,76.57,,55.4,,2020,0,0
297.55,,81.54,,8.0,,2023,0,1
429.41,,58.88,,15.39,,2022,0,0
441.86,,69.87,,8.0,,2022,1,0
351.81,,71.73,,10.95,,2022,1,1
417.58,,65.21,,14.18,,2018,0,0
456.46,,66.38,,53.16,,2018,2,0
478.3,,80.43,,53.28,,2021,1,1
366.45,,76.7,,8.0,,2021,0,1
253.42,,79.98,,37.26,,2023,0,0
334.85,,75.37,,136.16,,2021,0,1
356.53,,63.27,,41.57,,2021,4,0
365.76,,76.23,,135.77,,2022,0,1
369.67,,62.48,,20.12,,2022,2,0
441.54,,68.88,,25.86,,2021,2,0
450.09,,61.64,,28.73,,2022,1,0
370.56,,65.89,,108.21,,2023,1,1
440.42,,72.9,,20.1,,2021,0,0
399.67,,67.43,,172.18,,2020,4,1
383.55,,63.17,,32.9,,2024,1,1
429.86,,83.38,,10.33,,2023,1,1
383.97,,70.8,,8.0,,2021,1,1
493.18,,66.72,,8.0,,2022,1,0
300.89,,61.18,,8.0,,2023,3,0
351.67,,53.28,,49.5,,2018,0,1
373.04,,69.78,,30.56,,2024,0,1
404.17,,58.22,,56.24,,2023,2,0
449.74,,79.12,,64.03,,2021,0,0
378.66,,72.29,,112.51,,2024,0,0
301.78,,87.58,,8.0,,2019,2,1
426.34,,74.23,,8.65,,2023,0,0
421.52,,64.73,,33.38,,2022,2,1
273.2,,53.2,,8.0,,2023,1,1
379.79,,80.07,,8.0,,2022,0,0
292.54,,59.01,,46.1,,2020,1,0
343.44,,67.92,,54.18,,2021,1,0
330.35,,88.74,,77.87,,2022,2,0
424.51,,78.11,,103.9,,2024,1,1
386.43,,75.9,,24.54,,2019,1,0
309.29,,81.44,,164.04,,2019,1,0
428.4,,81.07,,8.0,,2020,2,0
301.14,,87.81,,85.73,,2023,0,0
398.16,,65.98,,16.29,,2021,0,0
335.23,,68.23,,106.99,,2020,2,1
359.89,,62.78,,10.58,,2019,2,0
407.73,,71.67,,56.74,,2023,3,0
408.68,,70.68,,23.28,,2022,2,0
453.53,,54.45,,20.18,,2024,0,0
375.48,,65.46,,8.0,,2022,1,1
396.85,,86.39,,51.4,,2023,0,1
355.92,,74.44,,8.1,,2023,0,0
390.01,,79.15,,26.11,,2024,0,1
404.17,,70.79,,8.0,,2024,2,0
374.59,,53.13,,38.96,,2023,0,1
280.79,,70.71,,11.04,,2022,0,0
398.23,,82.42,,37.9,,2024,0,0
400.05,,60.14,,123.07,,2021,2,0
342.59,,79.47,,106.57,,2023,0,0
309.36,,54.98,,9.4,,2020,1,0
461.17,,72.2,,8.0,,2023,3,0
407.03,,77.45,,8.0,,2023,2,0
367.4,,68.88,,74.05,,2019,1,0
317.46,,96.72,,12.04,,2021,1,0
334.8,,67.07,,14.03,,2023,2,1
451.64,,66.22,,10.77,,2023,1,0
387.57,,74.04,,76.99,,2023,1,0
349.72,,64.45,,162.06,,2019,1,1
408.03,,57.59,,59.1,,2022,2,1
335.21,,61.02,,72.86,,2024,0,0
462.55,,79.58,,40.69,,2024,0,0
454.4,,68.95,,31.6,,2019,1,0
354.34,,89.02,,53.7,,2024,2,0
345.42,,67.59,,8.0,,2022,1,1
236.0,,79.11,,8.0,,2023,0,0
298.51,,77.11,,48.82,,2020,1,0
306.33,,67.44,,17.14,,2023,2,1
387.44,,63.21,,28.18,,2019,2,0
362.06,,54.68,,63.98,,2023,0,0
306.01,,77.53,,36.15,,2023,1,0
364.54,,83.98,,68.72,,2023,4,0
407.79,,56.1,,22.82,,2019,1,1
409.03,,68.3,,14.23,,2021,2,0
275.52,,65.33,,11.24,,2023,1,1
372.95,,77.51,,8.0,,2023,0,1
303.92,,68.71,,8.0,,2022,0,1
429.6,,85.23,,8.0,,2020,1,0
423.13,,68.16,,13.28,,2022,0,0
330.61,,59.64,,13.7,,2023,2,0
337.87,,67.31,,20.2,,2024,1,0
354.63,,68.41,,37.61,,2023,0,1
256.1,,77.26,,59.82,,2024,0,0
398.48,,68.26,,9.25,,2021,0,1
364.99,,76.4,,59.81,,2024,2,0
433.36,,64.1,,8.0,,2023,3,0
319.59,,69.05,,188.26,,2022,0,0
345.95,,64.15,,14.09,,2021,2,0
297.14,,63.53,,76.27,,2020,0,0
324.76,,84.75,,8.87,,2022,0,0
314.99,,64.85,,126.36,,2024,0,0
434.78,,68.52,,73.6,,2020,1,0
341.6,,82.45,,18.7,,2021,1,0
386.83,,79.5,,22.99,,2024,0,1
359.06,,88.41,,8.0,,2018,0,1
310.18,,76.83,,12.16,,2022,1,0
370.74,,66.0,,14.34,,2022,1,1
412.95,,92.57,,25.32,,2023,0,1
313.57,,77.82,,8.0,,2020,0,1
424.5,,70.45,,27.37,,2022,2,1
333.27,,72.57,,46.37,,2019,1,0
353.44,,73.79,,19.49,,2021,0,1
409.19,,69.63,,11.1,,2018,1,0
343.51,,58.24,,33.32,,2022,0,0
382.07,,88.27,,8.0,,2020,5,1
362.69,,71.78,,17.5,,2019,1,0
387.12,,73.83,,31.5,,2021,0,0
249.06,,92.78,,17.19,,2019,0,1
279.37,,65.17,,17.8,,2023,1,1
413.88,,78.55,,79.2,,2020,1,0
437.04,,64.08,,114.15,,2023,0,1
329.92,,75.21,,73.78,,2024,2,0
366.58,,74.02,,8.0,,2023,1,1
396.21,,79.91,,14.37,,2023,1,1
418.13,,84.08,,52.18,,2023,0,0
268.48,,66.2,,153.93,,2021,2,0
331.27,,86.17,,11.65,,2021,2,1
361.71,,86.87,,95.96,,2022,1,0
418.67,,69.5,,56.42,,2020,0,0
517.41,,71.93,,172.26,,2021,1,1
367.46,,67.06,,8.0,,2020,3,1
302.62,,68.95,,21.09,,2023,2,1
402.12,,59.97,,27.31,,2023,2,0
452.65,,79.78,,46.83,,2022,1,0
385.94,,51.5,,44.57,,2021,2,1
330.13,,65.03,,99.46,,2023,0,0
432.69,,71.54,,76.62,,2019,2,0
416.5,,85.0,,8.0,,2018,1,1
323.57,,66.55,,28.0,,2023,0,0
400.98,,76.28,,21.95,,2022,1,1
434.85,,71.19,,240.0,,2023,3,1
445.0,,81.45,,23.41,,2021,1,0
376.35,,75.76,,48.2,,2019,1,0
360.31,,80.3,,14.06,,2022,0,0
447.5,,66.49,,40.05,,2022,1,0
313.44,,61.86,,9.72,,2023,0,0
404.12,,75.67,,38.86,,2019,0,0
304.65,,67.12,,85.11,,2024,2,0
438.6,,72.3,,8.0,,2019,4,0
365.81,,75.17,,29.5,,2021,1,1
449.77,,84.42,,169.6,,2023,1,1
407.03,,79.87,,8.0,,2023,1,0
312.72,,65.19,,8.51,,2022,3,0
458.35,,60.55,,26.73,,2019,2,1
465.32,,89.07,,86.01,,2024,2,0
428.53,,56.17,,34.75,,2023,2,0
338.11,,67.47,,29.85,,2023,0,0
363.17,,78.45,,8.0,,2021,2,0
388.0,,88.39,,137.33,,2020,2,1
341.3,,70.1,,17.91,,2023,2,1
473.08,,72.27,,12.18,,2024,2,1
387.94,,63.25,,22.28,,2024,1,0
231.32,,73.27,,22.46,,2023,0,0
398.66,,60.5,,25.77,,2020,1,0
360.85,,64.5,,48.99,,2020,1,1
375.88,,79.64,,85.03,,2022,1,1
359.73,,67.66,,8.0,,2022,3,0
424.39,,81.17,,28.34,,2022,0,0
441.58,,70.46,,22.44,,2024,0,1
395.57,,58.31,,8.0,,2019,0,1
361.34,,83.68,,71.21,,2023,1,1
377.73,,58.85,,8.0,,2018,2,1
381.08,,65.98,,8.0,,2021,2,0
335.87,,70.0,,8.0,,2020,2,1
411.84,,82.06,,9.39,,2022,2,0
405.3,,66.74,,8.17,,2022,0,0
464.72,,62.73,,17.96,,2022,1,0
449.04,,73.63,,45.22,,2021,0,0
342.29,,69.86,,8.0,,2022,0,0
425.12,,67.33,,82.66,,2023,1,0
327.7,,74.16,,16.61,,2021,3,0
418.28,,59.96,,39.18,,2024,1,1
351.59,,54.78,,8.0,,2019,1,1
323.72,,93.39,,19.13,,2024,1,1
395.4,,73.04,,8.0,,2023,1,0
232.9,,73.74,,8.0,,2022,3,0
283.7,,64.18,,24.95,,2020,2,0
370.24,,80.98,,32.17,,2023,0,1
384.53,,66.67,,8.0,,2024,3,0
359.69,,44.14,,57.43,,2021,1,0
293.13,,66.33,,8.8,,2018,1,1
335.02,,69.19,,8.0,,2022,1,1
401.52,,70.3,,17.04,,2021,1,0
412.0,,70.01,,33.67,,2021,2,0
379.11,,65.55,,189.04,,2023,0,0
443.63,,64.58,,22.79,,2020,1,0
401.86,,69.02,,23.32,,2023,0,0
338.89,,55.55,,8.0,,2019,1,0
364.57,,52.42,,60.97,,2024,2,0
302.84,,72.98,,8.43,,2022,0,0
374.05,,73.15,,57.36,,2024,1,0
441.17,,80.79,,101.42,,2024,1,0
417.69,,69.44,,61.4,,2024,1,1
457.11,,60.06,,43.2,,2019,1,1
363.34,,52.6,,38.9,,2023,1,1
454.04,,63.1,,25.39,,2022,2,0
369.37,,76.23,,8.0,,2022,1,1
460.94,,86.41,,63.37,,2021,3,0
378.8,,72.54,,27.25,,2020,0,0
418.9,,59.86,,41.27,,2021,0,1
461.13,,63.2,,19.67,,2022,1,0
369.36,,63.51,,9.41,,2022,0,0
392.01,,67.94,,68.99,,2023,1,1
450.89,,83.21,,17.6,,2024,0,0
372.68,,83.99,,84.63,,2020,1,1
307.35,,70.28,,141.68,,2019,3,0
497.87,,73.83,,74.42,,2024,1,1
354.16,,64.02,,8.0,,2024,1,1
388.73,,54.9,,81.11,,2021,0,0
443.58,,89.88,,30.77,,2020,3,0
346.53,,48.78,,11.6,,2024,1,0
324.57,,53.64,,8.0,,2020,2,0
393.96,,89.96,,13.71,,2020,2,1
281.38,,72.17,,8.0,,2019,0,1
364.17,,60.74,,8.0,,2021,1,1
393.48,,78.83,,184.94,,2024,2,1
365.15,,79.73,,74.8,,2022,3,0
295.11,,58.67,,56.41,,2019,1,0
467.68,,66.67,,9.01,,2024,3,1
385.69,,80.76,,8.0,,2022,2,0
458.71,,63.83,,27.89,,2022,0,0
365.7,,74.82,,56.85,,2023,1,0
331.6,,86.25,,138.28,,2022,0,1
394.8,,48.08,,78.0,,2024,0,1
368.13,,68.59,,94.06,,2023,0,0
315.22,,74.62,,11.45,,2023,2,0
460.84,,54.08,,8.0,,2021,2,0
345.78,,66.7,,11.96,,2024,0,0
278.79,,82.44,,8.0,,2023,2,0
453.05,,64.96,,67.28,,2022,1,0
352.26,,57.16,,98.01,,2020,0,1
346.57,,83.31,,15.42,,2022,3,1
282.9,,76.45,,87.99,,2023,1,0
475.75,,71.31,,8.0,,2021,1,0
309.08,,71.02,,47.51,,2019,0,1
383.21,,82.28,,31.49,,2023,0,1
430.19,,74.95,,13.61,,2023,3,1
403.19,,78.46,,61.4,,2023,2,1
376.72,,65.07,,10.01,,2020,1,1
286.41,,52.83,,22.6,,2020,1,0
335.47,,78.22,,51.97,,2022,0,1
390.33,,83.01,,17.34,,2020,3,1
336.71,,69.75,,81.21,,2023,0,0
391.18,,80.88,,84.24,,2022,1,1
417.5,,68.65,,9.51,,2020,2,1
432.94,,71.09,,24.38,,2020,0,0
312.56,,89.52,,23.76,,2024,2,0
500.82,,69.08,,22.16,,2023,2,1
422.21,,68.49,,29.28,,2022,2,1
379.91,,53.3,,8.0,,2023,1,1
439.92,,78.9,,85.71,,2024,4,1
510.1,,64.9,,14.38,,2019,0,0
300.87,,73.47,,8.0,,2024,1,0
367.61,,68.85,,48.53,,2024,0,0
249.19,,67.54,,44.15,,2019,0,0
390.6,,70.82,,171.53,,2021,2,0
400.1,,71.59,,53.35,,2020,0,0
377.85,,83.76,,16.99,,2022,2,0
344.0,,87.2,,128.08,,2020,4,0
267.28,,78.51,,19.1,,2021,0,1
400.54,,84.72,,72.31,,2020,1,1
460.05,,80.54,,17.18,,2018,0,1
347.49,,76.95,,8.0,,2018,1,1
404.2,,86.55,,55.58,,2022,0,0
293.75,,58.92,,18.11,,2022,2,1
405.15,,65.16,,17.38,,2018,0,1
358.36,,63.79,,52.85,,2023,0,0
338.07,,68.99,,16.32,,2018,0,1
338.18,,78.86,,8.0,,2022,1,0
358.35,,60.85,,21.77,,2021,0,1
401.03,,77.03,,72.93,,2024,0,0
307.83,,66.13,,8.0,,2022,2,0
358.16,,68.53,,33.96,,2024,2,0
377.72,,74.0,,8.0,,2024,0,1
319.55,,88.81,,8.0,,2020,0,1
478.82,,64.88,,19.99,,2019,1,0
333.06,,71.2,,45.05,,2023,0,1
343.18,,61.22,,13.51,,2023,0,1
326.19,,64.78,,24.78,,2023,0,1
478.92,,61.13,,28.39,,2021,1,0
410.41,,74.45,,77.31,,2019,1,0
328.49,,76.25,,71.78,,2023,0,0
440.84,,78.87,,8.0,,2022,0,0
391.04,,64.46,,22.44,,2022,4,0
394.15,,77.08,,44.83,,2023,0,0
361.05,,73.13,,80.36,,2024,0,1
338.78,,71.42,,8.0,,2023,3,0
398.58,,59.59,,41.56,,2024,0,0
350.02,,73.53,,77.5,,2021,1,1
479.92,,73.85,,12.37,,2024,1,1
310.19,,73.02,,9.65,,2023,2,1
464.49,,76.0,,26.49,,2021,1,1
373.88,,78.95,,137.99,,2022,2,1
396.45,,61.02,,49.58,,2020,2,1
425.82,,69.83,,23.2,,2019,3,0
345.34,,77.16,,8.0,,2022,2,0
427.53,,69.32,,34.17,,2024,3,1
231.09,,81.59,,18.01,,2024,1,1
340.4,,72.9,,8.63,,2018,4,1
329.18,,52.45,,29.12,,2024,0,1
311.06,,80.39,,17.54,,2022,4,1
368.18,,70.83,,8.0,,2020,3,0
401.22,,54.3,,54.3,,2024,1,0
418.65,,69.48,,55.4,,2024,1,0
393.25,,59.32,,40.51,,2024,0,0
343.39,,79.53,,77.18,,2023,2,0
400.3,,71.64,,9.54,,2020,1,0
386.84,,62.76,,14.16,,2020,0,0
431.48,,80.11,,25.78,,2024,1,0
422.73,,76.59,,8.0,,2021,3,1
381.68,,69.64,,90.31,,2022,2,1
330.65,,59.54,,28.33,,2023,1,0
344.09,,63.58,,16.49,,2024,1,1
349.76,,63.43,,27.3,,2022,0,0
362.66,,79.46,,16.52,,2021,1,1
394.74,,55.19,,14.16,,2021,2,0
419.33,,71.53,,24.96,,2021,0,0
377.19,,69.5,,27.62,,2023,1,0
380.89,,82.36,,23.86,,2019,2,0
387.88,,74.33,,33.34,,2024,1,0
351.63,,77.35,,64.24,,2020,1,1
329.1,,66.75,,8.0,,2020,1,0
283.45,,59.69,,70.09,,2019,2,1
341.77,,68.75,,10.9,,2020,0,1
406.02,,79.77,,12.2,,2024,0,1
341.34,,79.75,,38.43,,2022,2,1
366.92,,67.69,,156.08,,2021,3,1
405.65,,63.39,,8.0,,2020,1,0
408.64,,61.43,,46.96,,2023,0,0
320.63,,70.63,,50.13,,2022,0,0
434.84,,73.37,,35.8,,2019,3,0
442.0,,86.73,,8.0,,2021,0,1
317.86,,73.23,,39.16,,2022,1,1
334.69,,78.14,,8.0,,2021,2,0
445.51,,64.2,,8.0,,2021,1,1
371.92,,72.42,,50.02,,2021,1,0
257.91,,73.4,,50.6,,2023,2,0
303.02,,70.59,,92.67,,2024,0,1
366.28,,71.78,,8.0,,2018,1,0
316.03,,73.26,,19.99,,2023,0,0
357.26,,76.81,,8.0,,2019,0,1
381.78,,83.69,,19.05,,2020,2,0
460.42,,49.34,,28.42,,2022,1,0
364.03,,83.14,,31.69,,2023,0,1
438.99,,54.89,,18.48,,2022,0,0
458.58,,75.09,,54.27,,2024,2,0
458.89,,95.56,,22.56,,2023,1,1
395.66,,71.57,,30.58,,2020,2,0
272.02,,73.8,,67.61,,2023,2,1
405.35,,68.9,,8.04,,2021,0,1
437.66,,78.67,,16.25,,2023,1,0
375.54,,75.62,,30.95,,2020,0,1
475.95,,65.24,,61.29,,2020,1,0
427.29,,70.86,,23.27,,2023,0,1
411.26,,60.82,,8.0,,2023,4,0
439.75,,70.81,,188.77,,2022,1,0
398.34,,67.81,,51.69,,2020,0,0
242.9,,73.37,,53.88,,2020,2,0
352.55,,64.9,,26.28,,2024,0,0
445.84,,69.86,,33.26,,2022,4,0
335.58,,72.09,,215.21,,2022,0,0
367.71,,72.78,,37.97,,2024,6,0
322.53,,74.74,,10.38,,2019,0,0
478.12,,70.26,,140.06,,2023,0,1
472.48,,64.13,,32.41,,2020,2,1
331.39,,72.82,,8.0,,2020,1,1
388.1,,70.21,,35.78,,2023,0,1
342.57,,82.25,,8.0,,2021,1,1
413.82,,83.51,,31.5,,2023,1,0
408.03,,58.28,,73.28,,2022,0,1
424.64,,78.17,,32.51,,2021,1,0
398.26,,80.18,,19.64,,2024,1,0
541.45,,58.54,,89.97,,2023,1,0
323.46,,77.79,,110.27,,2022,2,1
285.92,,80.96,,17.93,,2022,1,0
358.38,,62.5,,29.02,,2021,0,1
293.76,,69.64,,170.94,,2019,2,0
297.91,,73.86,,8.24,,2021,3,1
324.93,,77.7,,14.87,,2021,1,0
329.28,,62.12,,23.49,,2021,2,0
327.5,,83.57,,8.0,,2022,2,0
408.5,,51.71,,13.34,,2019,1,1
352.16,,85.24,,33.04,,2019,1,0
370.13,,77.5,,10.9,,2023,1,1
429.18,,65.78,,48.69,,2020,0,0
337.85,,80.64,,17.94,,2021,0,0
365.45,,61.52,,8.0,,2023,0,0
400.12,,73.15,,60.74,,2024,2,0
273.21,,74.39,,35.2,,2020,0,1
248.83,,74.36,,73.17,,2023,1,0
399.04,,63.6,,18.75,,2022,1,1
407.06,,67.04,,8.0,,2019,0,0
493.53,,73.27,,8.0,,2020,4,0
388.7,,64.73,,66.65,,2023,3,1
425.09,,74.71,,22.21,,2024,2,0
369.25,,65.86,,157.33,,2018,0,0
396.35,,82.0,,74.5,,2020,3,0
471.7,,87.63,,8.0,,2021,1,0
263.18,,69.03,,85.68,,2024,3,0
402.75,,81.2,,10.05,,2023,0,0
497.46,,69.88,,27.97,,2021,2,1
395.51,,62.64,,29.63,,2020,0,1
470.78,,67.74,,8.0,,2020,1,0
345.39,,72.86,,8.0,,2018,1,1
378.24,,54.13,,23.1,,2024,2,1
381.84,,78.26,,43.22,,2024,0,0
258.03,,72.86,,12.9,,2018,5,1
315.75,,82.01,,31.39,,2021,1,1
319.67,,78.08,,20.02,,2018,2,0
425.21,,73.2,,41.8,,2021,0,0
427.97,,68.44,,23.2,,2024,0,1
397.82,,87.23,,80.14,,2024,0,1
425.33,,93.7,,173.01,,2023,0,0
370.97,,68.61,,102.58,,2024,2,0
446.11,,82.42,,8.0,,2023,3,0
380.48,,64.93,,25.66,,2020,3,1
383.18,,66.12,,25.79,,2024,2,1
365.39,,68.14,,77.09,,2022,1,0
417.64,,78.85,,18.56,,2022,0,0
356.83,,61.25,,33.5,,2024,3,0
433.7,,87.5,,39.47,,2022,1,0
317.73,,81.38,,8.0,,2021,1,0
319.56,,78.62,,34.29,,2024,1,1
417.81,,69.06,,11.91,,2019,4,0
375.13,,80.29,,9.72,,2023,0,0
355.04,,42.83,,12.1,,2023,3,0
428.95,,76.41,,8.0,,2019,2,0
346.6,,73.6,,8.0,,2020,2,0
368.99,,53.14,,43.72,,2020,3,0
456.96,,76.06,,118.85,,2024,0,0
464.65,,77.91,,48.92,,2023,1,1
466.48,,53.46,,15.7,,2020,0,0
364.48,,60.13,,17.14,,2024,4,1
447.69,,92.64,,32.74,,2020,1,0
327.81,,70.14,,84.51,,2023,1,0
330.12,,81.76,,9.5,,2022,2,0
250.72,,83.27,,26.55,,2019,2,0
472.01,,75.94,,29.02,,2023,3,0
332.48,,82.17,,112.43,,2021,0,0
373.04,,50.87,,32.26,,2021,3,0
329.93,,69.69,,63.76,,2020,4,0
418.23,,41.19,,8.0,,2024,1,0
359.34,,54.54,,16.63,,2020,1,1
308.24,,66.54,,39.7,,2020,0,0
404.29,,65.35,,47.55,,2022,2,0
301.14,,72.41,,90.92,,2020,2,0
333.94,,71.79,,37.49,,2019,1,1
264.12,,73.34,,14.36,,2022,0,0
301.68,,73.75,,32.53,,2024,0,1
389.82,,75.33,,52.21,,2024,2,1
271.95,,62.41,,64.43,,2020,2,1
298.54,,64.75,,121.5,,2022,0,0
379.87,,71.63,,8.89,,2023,3,0
350.1,,71.79,,45.43,,2020,2,0
489.56,,61.18,,9.39,,2019,1,0
480.86,,82.82,,16.07,,2024,0,0
332.26,,79.25,,8.0,,2020,1,1
410.64,,63.4,,62.28,,2022,2,1
421.21,,69.92,,103.04,,2020,4,1
347.14,,92.1,,8.0,,2018,0,0
297.75,,73.61,,70.53,,2022,1,1
379.32,,75.96,,11.62,,2022,2,1
370.49,,65.91,,28.03,,2023,2,0
356.03,,68.87,,57.93,,2024,2,0
404.33,,87.11,,29.69,,2020,4,0
338.71,,73.13,,11.05,,2020,0,0
316.64,,71.29,,99.38,,2024,0,0
386.0,,72.08,,37.82,,2022,0,1
401.23,,97.45,,112.45,,2024,1,0
315.28,,72.4,,78.75,,2021,1,0
431.04,,63.7,,87.87,,2021,2,0
282.62,,65.45,,18.86,,2023,1,1
348.2,,79.81,,183.43,,2019,1,1
365.81,,57.72,,80.35,,2022,3,0
345.01,,76.51,,17.3,,2021,1,0
348.92,,64.76,,95.23,,2018,1,0
482.91,,53.41,,59.12,,2021,3,0
333.2,,62.2,,54.24,,2021,1,1
514.27,,72.28,,8.0,,2019,2,0
404.04,,85.95,,8.0,,2018,1,0
385.06,,81.13,,49.84,,2022,0,1
406.19,,69.06,,13.72,,2020,2,1
519.15,,81.72,,8.0,,2021,0,1
325.35,,68.43,,14.15,,2019,1,0
318.38,,57.33,,76.42,,2019,1,0
338.48,,72.21,,26.71,,2020,1,1
381.77,,56.94,,40.15,,2018,0,0
285.08,,79.91,,67.7,,2023,3,0
381.23,,80.06,,16.41,,2024,2,0
473.15,,63.2,,8.0,,2022,0,0
388.33,,73.46,,16.4,,2024,1,0
363.9,,73.36,,131.84,,2020,1,0
346.0,,80.72,,27.65,,2022,1,0
429.42,,59.55,,35.43,,2020,0,1
334.58,,77.99,,60.01,,2024,0,0
481.55,,58.83,,8.0,,2019,1,0
486.33,,79.77,,55.61,,2022,1,1
394.12,,82.63,,14.85,,2019,3,1
379.37,,65.3,,20.63,,2019,2,0
436.69,,84.19,,13.19,,2023,0,0
440.21,,56.26,,8.0,,2019,4,1
335.67,,83.0,,18.84,,2018,1,1
351.04,,86.38,,8.0,,2024,1,0
307.27,,75.46,,78.24,,2020,1,0
402.5,,70.04,,15.34,,2024,2,1
416.66,,75.12,,44.53,,2024,0,0
305.75,,65.96,,14.78,,2023,0,0
354.96,,98.25,,9.94,,2019,0,0
305.9,,66.13,,52.52,,2020,3,0
330.57,,85.17,,41.08,,2020,0,0
410.31,,64.59,,10.33,,2023,1,0
339.66,,87.97,,39.77,,2020,1,1
363.45,,92.12,,8.0,,2018,4,1
290.5,,75.86,,8.18,,2022,2,0
390.28,,74.87,,54.64,,2022,1,1
377.56,,62.43,,22.17,,2022,1,0
339.91,,61.24,,9.56,,2022,0,1
369.6,,74.98,,29.61,,2022,1,0
389.92,,86.58,,26.29,,2021,0,0
335.18,,66.52,,42.21,,2024,2,0
298.81,,94.08,,8.0,,2024,1,0
479.31,,65.9,,71.87,,2021,2,0
345.17,,74.29,,8.0,,2018,1,1
374.68,,74.32,,25.4,,2024,1,1
435.6,,70.98,,52.06,,2023,3,0
574.1,,51.56,,17.76,,2019,0,1
311.55,,65.81,,101.19,,2023,1,1
404.74,,74.0,,59.11,,2022,0,0
341.08,,71.04,,23.32,,2020,1,1
350.37,,78.36,,8.53,,2023,2,0
340.39,,79.57,,8.0,,2021,2,1
318.09,,69.6,,67.95,,2024,2,0
377.73,,62.38,,9.07,,2018,0,0
,185.73,87.48,,13.2,,2024,3,0
432.07,,58.45,,8.0,,2019,0,0
383.03,,66.05,,8.0,,2018,1,0
403.23,,63.5,,11.0,,2022,1,0
354.36,,79.46,,86.63,,2023,0,0
359.8,,85.17,,63.75,,2020,2,1
395.82,,70.26,,61.7,,2024,1,0
315.98,,74.3,,73.7,,2024,1,0
360.31,,76.29,,8.68,,2021,1,0
332.72,,90.04,,162.39,,2022,1,0
331.02,,54.26,,11.1,,2023,0,0
263.96,,79.44,,8.0,,2024,2,1
453.66,,75.77,,14.66,,2023,1,0
342.24,,68.29,,31.75,,2021,1,1
443.99,,75.26,,8.0,,2023,2,0
438.78,,79.41,,56.35,,2023,1,1
309.27,,77.83,,19.51,,2022,1,0
320.14,,93.59,,35.29,,2024,0,0
520.83,,73.27,,55.66,,2022,1,0
476.3,,72.27,,97.51,,2024,1,0
378.27,,70.19,,71.87,,2023,2,1
394.16,,77.53,,32.38,,2018,2,0
345.3,,71.68,,198.66,,2021,1,0
403.78,,72.13,,31.69,,2023,3,1
340.55,,72.18,,32.25,,2022,1,0
268.22,,70.65,,8.0,,2024,0,0
307.31,,65.91,,8.0,,2022,1,0
381.16,,76.18,,8.0,,2024,0,0
317.79,,69.15,,37.63,,2020,1,0
376.3,,78.14,,22.53,,2024,1,0
320.89,,73.11,,20.48,,2022,0,0
336.97,,68.13,,8.0,,2020,2,0
426.92,,87.65,,20.15,,2021,0,0
393.61,,70.98,,19.94,,2024,1,1
379.47,,78.23,,40.73,,2024,0,0
428.34,,65.0,,20.65,,2018,4,0
406.43,,51.74,,22.79,,2021,1,1
459.56,,66.33,,13.36,,2024,1,1
354.71,,50.63,,8.0,,2018,2,1
356.37,,69.63,,14.98,,2024,2,0
308.44,,86.69,,8.0,,2021,0,1
356.41,,62.95,,9.57,,2019,0,0
433.06,,50.94,,16.5,,2021,1,1
451.5,,87.0,,8.0,,2024,2,0
432.82,,67.25,,45.93,,2024,0,1
281.32,,71.84,,13.84,,2020,1,0
439.57,,79.88,,40.15,,2023,2,0
278.88,,77.23,,43.37,,2024,3,0
429.4,,79.51,,24.9,,2024,0,0
359.77,,81.0,,25.04,,2021,2,1
418.64,,54.54,,36.58,,2024,1,1
306.72,,57.86,,12.79,,2020,1,0
444.41,,83.71,,8.0,,2023,3,1
299.43,,64.18,,43.5,,2022,1,0
343.23,,65.27,,39.39,,2023,0,1
325.1,,59.37,,27.17,,2020,2,0
283.51,,67.95,,87.59,,2023,3,1
385.2,,68.51,,29.84,,2023,2,0
479.33,,62.63,,15.19,,2019,0,1
526.68,,61.47,,52.51,,2021,1,1
385.34,,75.19,,137.8,,2020,5,0
441.42,,63.92,,56.08,,2024,4,0
392.77,,65.94,,100.6,,2024,1,0
407.44,,50.14,,8.0,,2021,0,0
361.18,,91.38,,8.0,,2024,2,0
390.73,,81.42,,8.0,,2024,2,0
409.56,,67.05,,50.97,,2024,0,0
348.18,,63.01,,20.74,,2019,1,0
375.74,,72.11,,27.28,,2023,0,1
376.79,,71.83,,12.76,,2020,3,1
425.45,,59.24,,55.95,,2023,0,0
321.37,,46.49,,78.4,,2024,3,0
377.17,,66.74,,8.0,,2019,4,1
485.16,,56.37,,8.99,,2023,1,0
444.02,,73.71,,17.41,,2022,0,0
454.2,,73.78,,13.81,,2020,3,1
381.34,,62.27,,31.85,,2020,1,0
397.65,,66.65,,58.66,,2022,0,0
435.12,,89.63,,66.21,,2024,0,1
465.81,,79.75,,9.82,,2023,0,0
272.66,,67.48,,8.11,,2018,4,0
307.65,,94.92,,18.99,,2019,1,1
452.02,,60.03,,8.0,,2024,0,1
364.77,,63.87,,8.0,,2023,0,0
343.06,,70.89,,11.67,,2018,2,0
311.02,,56.69,,21.03,,2022,2,0
349.47,,89.9,,37.23,,2020,1,1
302.87,,73.83,,53.96,,2024,0,1
495.01,,64.1,,10.59,,2019,0,0
378.77,,76.48,,71.71,,2019,2,0
376.81,,73.46,,8.0,,2023,1,0
412.34,,68.95,,24.66,,2023,3,1
432.93,,59.91,,42.11,,2021,3,0
432.02,,57.64,,14.46,,2021,0,0
439.05,,93.87,,48.34,,2021,1,0
345.3,,58.47,,84.75,,2023,2,0
363.62,,88.98,,8.0,,2021,0,1
422.3,,63.55,,30.18,,2019,2,0
350.99,,79.9,,8.0,,2021,1,0
379.72,,76.65,,13.77,,2024,2,0
401.93,,78.65,,8.0,,2022,0,0
423.19,,79.32,,41.11,,2022,1,0
282.23,,55.88,,12.01,,2023,2,1
419.31,,65.24,,13.94,,2022,2,0
367.15,,58.32,,9.67,,2023,2,0
418.91,,73.89,,11.74,,2024,0,0
422.73,,58.77,,10.71,,2021,1,1
468.44,,52.19,,50.27,,2019,0,0
454.44,,69.63,,131.01,,2019,4,0
454.06,,49.91,,28.3,,2023,2,1
459.4,,74.59,,38.52,,2023,2,0
396.03,,59.42,,71.58,,2022,1,0
381.77,,63.59,,27.15,,2024,2,0
428.0,,49.2,,15.1,,2023,2,0
420.26,,88.5,,126.65,,2018,5,0
363.0,,57.37,,99.38,,2022,0,0
402.27,,68.36,,10.45,,2020,0,1
378.07,,54.08,,51.0,,2023,0,1
333.03,,63.64,,43.75,,2020,2,1
450.98,,89.52,,44.05,,2023,2,1
383.04,,74.97,,74.57,,2024,1,0
492.68,,64.76,,47.09,,2019,0,0
290.6,,71.66,,30.65,,2021,0,0
349.38,,66.39,,78.59,,2023,2,1
381.8,,71.08,,12.92,,2023,1,1
442.56,,79.44,,47.75,,2022,1,0
401.97,,68.69,,50.78,,2020,0,0
397.08,,74.2,,85.79,,2020,2,1
318.0,,74.36,,240.0,,2024,3,0
316.37,,68.74,,34.25,,2024,1,0
397.74,,64.64,,27.82,,2024,1,0
304.97,,66.75,,38.56,,2022,2,0
350.75,,78.99,,45.15,,2022,0,0
407.55,,79.82,,52.43,,2021,0,1
325.97,,60.62,,13.87,,2022,0,1
468.29,,69.39,,28.04,,2024,0,0
447.32,,64.47,,19.47,,2020,2,1
293.57,,80.0,,8.0,,2020,0,0
328.72,,67.29,,39.5,,2023,3,1
254.28,,94.01,,87.27,,2023,1,0
336.96,,74.18,,106.86,,2024,1,0
422.15,,83.82,,30.6,,2023,1,0
357.24,,61.85,,60.98,,2022,1,0
405.34,,72.12,,52.34,,2020,1,1
296.27,,78.16,,10.92,,2023,1,1
423.89,,61.67,,8.0,,2024,1,0
349.47,,72.2,,57.87,,2020,0,0
380.67,,82.52,,13.95,,2022,1,1
374.89,,68.73,,33.48,,2021,1,0
310.06,,63.48,,31.18,,2022,1,1
316.58,,90.03,,71.53,,2018,4,1
433.23,,60.28,,43.45,,2021,2,0
401.94,,73.56,,78.89,,2022,0,0
437.75,,64.92,,58.6,,2020,0,1
397.86,,62.63,,240.0,,2022,0,0
387.86,,79.42,,83.76,,2020,0,0
285.07,,69.94,,9.96,,2020,1,0
365.13,,76.06,,136.68,,2024,1,0
378.49,,49.45,,17.46,,2023,1,0
487.42,,77.03,,39.32,,2021,0,0
417.78,,64.79,,119.12,,2022,0,0
464.48,,53.21,,10.12,,2021,2,1
412.86,,90.85,,81.77,,2023,2,0
340.88,,78.01,,128.56,,2018,1,0
386.44,,74.27,,80.74,,2020,0,0
392.99,,84.49,,71.83,,2024,0,0
328.35,,74.48,,12.91,,2019,2,0
358.86,,64.01,,21.95,,2019,1,0
368.68,,70.25,,60.0,,2022,3,1
468.31,,65.22,,8.0,,2021,1,1
265.56,,67.0,,92.09,,2022,0,1
446.32,,59.42,,9.91,,2024,2,0
328.48,,62.3,,34.94,,2019,2,0
304.54,,80.95,,8.0,,2022,2,0
444.9,,75.32,,8.6,,2023,1,1
420.25,,66.97,,36.99,,2020,1,0
449.0,,61.72,,42.29,,2023,0,0
424.04,,67.95,,13.2,,2022,1,0
493.29,,55.16,,8.0,,2023,1,1
410.73,,73.27,,33.5,,2022,3,1
371.39,,81.45,,77.14,,2022,0,0
398.86,,95.67,,9.45,,2022,0,1
448.39,,60.97,,49.4,,2020,0,0
337.13,,81.04,,20.48,,2022,0,0
344.15,,64.93,,120.38,,2023,1,0
363.01,,60.72,,8.0,,2024,1,0
264.25,,60.71,,8.0,,2023,1,0
387.59,,73.41,,8.0,,2024,0,0
276.26,,62.69,,64.06,,2022,0,1
382.92,,65.93,,107.56,,2020,0,1
427.59,,67.6,,72.6,,2023,1,1
353.77,,64.6,,53.14,,2023,0,0
472.24,,63.87,,8.0,,2018,0,0
299.67,,47.71,,10.1,,2022,2,0
445.52,,72.87,,115.05,,2024,2,0
417.13,,72.68,,40.95,,2024,2,0
285.62,,64.03,,26.53,,2022,1,0
529.09,,75.6,,44.37,,2023,1,0
376.49,,85.97,,8.26,,2018,1,0
331.74,,72.24,,93.82,,2021,1,1
302.61,,85.3,,44.86,,2023,1,0
367.9,,94.38,,26.76,,2023,2,1
372.99,,97.31,,25.68,,2023,1,0
385.65,,60.12,,72.58,,2023,3,0
363.62,,60.17,,15.46,,2022,0,0
414.83,,67.56,,8.0,,2024,0,0
358.68,,73.29,,8.63,,2021,3,1
273.58,,87.87,,8.0,,2024,1,1
371.79,,78.27,,29.78,,2019,3,1
249.79,,59.97,,47.5,,2024,0,0
399.46,,65.88,,114.15,,2021,1,1
326.14,,71.58,,58.36,,2023,1,1
388.98,,57.11,,36.75,,2019,0,0
452.27,,72.14,,83.78,,2019,2,0
327.82,,60.12,,93.56,,2019,0,0
438.37,,55.49,,52.34,,2022,1,0
356.16,,62.53,,8.0,,2022,0,0
476.43,,76.11,,14.49,,2021,1,0
359.92,,76.04,,17.21,,2022,0,0
333.77,,72.97,,240.0,,2021,3,0
417.8,,81.92,,26.2,,2024,2,0
356.03,,80.86,,60.27,,2022,0,1
333.72,,74.04,,70.6,,2021,0,0
353.72,,72.66,,44.49,,2022,1,0
377.55,,73.3,,8.0,,2024,2,0
453.82,,70.52,,8.0,,2022,0,1
273.63,,50.26,,71.74,,2022,0,0
381.27,,83.35,,56.45,,2021,1,1
414.37,,75.98,,32.26,,2021,1,0
390.64,,59.84,,12.02,,2022,2,0
452.04,,86.28,,8.0,,2023,1,0
375.91,,66.1,,8.0,,2021,1,0
369.85,,70.92,,36.47,,2020,1,0
412.58,,82.24,,33.15,,2023,0,0
385.46,,74.2,,119.06,,2024,2,1
358.53,,85.35,,132.43,,2018,1,0
408.39,,68.48,,36.04,,2023,2,0
344.11,,88.91,,77.35,,2024,1,0
346.39,,64.22,,70.25,,2019,2,1
350.96,,85.18,,58.63,,2024,0,0
454.42,,49.35,,24.15,,2019,0,1
202.84,,61.0,,20.72,,2024,1,0
401.76,,74.98,,12.88,,2022,2,0
381.88,,68.0,,116.18,,2023,0,0
287.55,,71.25,,75.53,,2019,2,0
397.03,,72.42,,8.19,,2019,0,1
406.17,,60.09,,12.22,,2024,1,0
412.43,,60.84,,36.57,,2024,1,1
234.15,,74.32,,22.42,,2021,0,0
455.15,,65.34,,10.11,,2021,2,1
339.42,,85.41,,65.78,,2018,1,1
417.76,,70.08,,8.0,,2024,3,1
420.76,,79.19,,17.66,,2024,0,0
331.78,,76.43,,111.3,,2019,1,0
416.33,,65.99,,60.07,,2021,2,0
358.8,,52.2,,21.54,,2024,1,0
266.07,,83.85,,110.93,,2019,0,0
444.23,,62.21,,97.05,,2024,2,0
337.37,,67.96,,8.0,,2020,1,0
333.0,,70.49,,8.0,,2019,2,0
357.83,,71.49,,20.57,,2020,0,0
394.97,,81.62,,111.33,,2023,2,0
376.85,,72.06,,78.09,,2020,2,1
410.14,,70.73,,8.0,,2018,0,0
306.33,,82.18,,30.16,,2023,2,1
339.17,,78.01,,53.5,,2023,3,0
373.62,,64.64,,13.56,,2024,1,0
484.38,,60.53,,53.84,,2022,1,0
373.74,,63.76,,19.39,,2018,1,1
439.69,,71.51,,13.45,,2018,2,0
382.12,,59.54,,20.94,,2023,1,0
353.4,,72.91,,126.5,,2024,1,0
366.43,,70.71,,98.99,,2024,2,0
370.74,,46.57,,103.02,,2021,1,1
413.2,,57.94,,104.73,,2023,0,1
455.6,,43.14,,8.25,,2019,2,1
399.78,,68.56,,95.09,,2023,2,0
445.29,,82.74,,10.02,,2020,2,0
326.94,,53.09,,76.48,,2024,3,0
357.2,,58.78,,32.79,,2021,1,0
340.16,,70.36,,11.52,,2021,0,0
397.29,,61.36,,21.35,,2021,0,0
360.26,,61.31,,23.86,,2023,1,0
420.14,,77.42,,55.49,,2019,2,0
328.79,,67.05,,39.12,,2019,1,0
382.37,,57.13,,71.28,,2023,0,0
417.78,,51.12,,21.23,,2024,2,0
266.41,,94.08,,57.16,,2023,3,0
496.69,,83.28,,66.11,,2020,3,0
364.43,,67.48,,8.0,,2021,1,1
268.62,,72.88,,19.78,,2020,1,0
388.7,,67.11,,91.2,,2023,0,0
381.84,,77.1,,51.27,,2020,0,1
375.5,,63.46,,22.77,,2022,1,0
434.52,,66.57,,8.49,,2024,1,0
421.11,,76.55,,8.0,,2022,2,0
396.38,,86.54,,10.94,,2022,0,0
404.76,,79.41,,11.79,,2024,0,0
374.26,,84.34,,19.45,,2021,1,0
477.65,,68.88,,8.18,,2023,3,0
298.64,,65.77,,8.0,,2023,0,1
387.68,,52.62,,78.03,,2019,1,0
383.58,,72.72,,12.06,,2024,0,0
424.73,,75.79,,34.63,,2023,0,0
333.59,,69.0,,9.34,,2018,0,0
284.1,,64.23,,28.43,,2023,1,0
388.63,,84.43,,13.61,,2020,1,0
395.47,,78.32,,8.0,,2021,2,0
461.93,,85.13,,169.14,,2021,2,0
310.13,,62.46,,25.71,,2021,3,0
443.51,,64.92,,20.97,,2023,1,1
510.21,,84.03,,9.33,,2023,1,1
359.22,,71.53,,28.72,,2022,2,0
309.0,,66.31,,42.36,,2022,4,0
357.62,,67.0,,15.26,,2021,1,1
380.77,,71.89,,27.5,,2018,0,1
411.01,,82.03,,11.37,,2021,1,1
347.47,,70.39,,31.51,,2018,1,1
465.54,,79.91,,64.99,,2024,1,0
318.7,,76.67,,8.0,,2023,0,1
284.34,,63.22,,30.64,,2024,0,0
440.87,,63.21,,21.41,,2020,1,0
254.9,,67.5,,8.0,,2023,0,0
368.77,,58.63,,118.52,,2020,0,0
551.47,,66.86,,12.64,,2023,1,1
379.34,,87.13,,34.92,,2022,1,1
318.36,,71.69,,19.58,,2023,0,0
376.84,,64.34,,13.28,,2023,0,0
377.21,,91.16,,31.46,,2022,3,0
388.84,,62.69,,49.06,,2022,1,1
416.42,,62.38,,64.66,,2019,1,0
322.85,,84.29,,42.21,,2021,1,1
472.82,,78.61,,31.38,,2021,0,0
393.48,,70.7,,63.07,,2023,0,0
419.97,,80.32,,30.6,,2021,3,0
345.45,,75.01,,153.65,,2020,1,1
450.75,,60.14,,31.42,,2024,4,0
365.86,,48.02,,16.03,,2024,2,1
395.27,,66.33,,24.83,,2021,1,0
328.68,,82.85,,28.28,,2019,2,0
325.17,,67.72,,14.0,,2022,3,0
417.85,,76.6,,8.0,,2022,1,0
355.6,,73.84,,23.71,,2024,0,0
333.04,,55.06,,95.48,,2022,0,0
344.62,,67.94,,12.39,,2024,2,1
418.44,,75.59,,18.86,,2022,2,0
345.4,,64.13,,59.54,,2023,1,0
373.53,,68.37,,8.0,,2022,0,1
380.83,,75.92,,73.22,,2021,3,1
274.55,,72.73,,53.51,,2018,0,0
299.09,,82.47,,33.52,,2023,0,0
398.5,,75.84,,9.87,,2024,0,0
339.46,,62.44,,8.0,,2023,0,1
438.12,,67.22,,11.07,,2021,3,1
433.17,,72.2,,60.2,,2024,0,1
419.55,,85.38,,113.84,,2023,1,0
480.09,,67.26,,56.24,,2023,3,1
375.43,,54.67,,31.5,,2019,0,0
415.69,,76.41,,126.4,,2022,0,1
347.86,,64.44,,74.07,,2022,2,0
514.88,,59.15,,44.8,,2023,1,0
489.1,,72.19,,8.0,,2023,1,1
380.65,,81.73,,14.25,,2022,3,0
401.26,,66.26,,15.48,,2020,1,0
454.76,,76.97,,17.92,,2024,2,0
371.91,,78.82,,20.72,,2023,2,1
343.89,,79.92,,117.72,,2022,2,1
428.07,,64.68,,56.88,,2021,3,1
384.31,,60.79,,49.45,,2024,1,0
390.06,,62.15,,23.35,,2019,1,0
334.12,,79.91,,17.3,,2024,3,1
285.53,,78.67,,8.0,,2022,0,0
392.99,,62.43,,25.38,,2019,0,0
429.77,,93.33,,9.65,,2021,1,0
367.58,,61.24,,20.83,,2023,1,1
459.0,,81.99,,8.0,,2022,1,0
341.28,,87.2,,17.71,,2022,2,0
321.99,,73.1,,8.0,,2024,2,0
376.3,,64.3,,8.0,,2023,1,0
375.46,,64.52,,85.66,,2023,2,1
422.35,,69.38,,43.06,,2020,1,0
337.38,,82.81,,37.21,,2021,4,1
455.25,,60.0,,30.29,,2022,1,0
488.18,,53.61,,54.49,,2019,1,0
377.85,,75.62,,55.96,,2021,1,0
448.73,,77.82,,114.96,,2024,1,0
321.89,,91.68,,11.77,,2018,0,0
439.14,,58.18,,64.6,,2019,1,1
437.6,,70.65,,198.58,,2023,1,0
427.49,,83.62,,8.0,,2021,4,1
379.14,,73.21,,19.67,,2023,0,0
217.52,,70.05,,24.06,,2024,1,0
344.71,,79.9,,72.45,,2021,1,0
345.57,,66.01,,8.0,,2018,3,0
326.2,,80.51,,38.34,,2022,2,1
386.72,,59.46,,93.7,,2024,0,0
356.96,,56.81,,8.0,,2022,0,1
334.65,,69.26,,8.0,,2021,2,1
321.77,,46.37,,240.0,,2022,1,0
340.65,,72.85,,73.44,,2020,1,0
441.68,,54.67,,50.21,,2023,1,1
343.64,,74.82,,21.38,,2023,1,0
351.68,,73.85,,80.8,,2023,2,1
354.88,,71.32,,107.56,,2021,3,0
398.64,,76.36,,55.37,,2024,1,0
405.09,,74.04,,21.32,,2024,2,1
212.54,,69.07,,36.79,,2024,2,0
436.19,,90.31,,8.0,,2023,2,0
459.0,,75.93,,8.0,,2021,1,1
322.24,,79.72,,64.18,,2021,1,1
326.52,,82.73,,8.0,,2022,1,1
355.24,,78.68,,8.0,,2022,4,1
338.42,,92.63,,29.79,,2023,2,1
392.32,,73.66,,8.0,,2019,1,0
272.94,,71.93,,14.6,,2022,1,0
318.51,,65.5,,21.37,,2021,0,0
464.66,,69.44,,31.02,,2024,2,1
328.95,,64.69,,14.0,,2021,1,0
448.39,,78.77,,27.75,,2022,0,0
399.54,,62.88,,19.45,,2020,3,1
280.49,,72.74,,8.0,,2021,1,0
414.94,,77.6,,84.77,,2022,1,0
373.53,,73.5,,13.88,,2022,2,1
354.95,,63.04,,39.48,,2020,2,0
393.47,,78.99,,35.43,,2022,1,0
406.1,,71.15,,9.33,,2020,2,0
418.92,,43.27,,8.0,,2024,1,0
444.8,,62.17,,81.67,,2024,2,1
402.45,,86.01,,28.92,,2020,2,1
304.34,,86.84,,22.48,,2019,2,1
353.95,,77.26,,60.45,,2024,1,0
541.87,,79.84,,8.0,,2021,0,0
419.85,,64.22,,60.86,,2020,1,1
510.31,,69.4,,22.08,,2024,3,0
456.75,,84.35,,33.69,,2024,1,0
393.3,,76.26,,58.64,,2019,3,0
396.58,,72.65,,33.24,,2020,3,1
377.99,,70.13,,8.0,,2024,1,0
284.42,,83.74,,54.77,,2021,1,0
380.99,,83.22,,64.82,,2023,5,1
446.59,,78.5,,26.03,,2018,1,0
347.02,,72.66,,24.28,,2024,1,0
402.66,,68.43,,12.19,,2022,2,0
426.84,,78.93,,43.4,,2022,0,0
329.97,,60.98,,89.75,,2024,0,0
355.18,,63.05,,44.81,,2022,0,1
324.01,,57.49,,61.97,,2019,1,0
334.78,,84.35,,76.31,,2022,2,0
309.18,,64.79,,10.77,,2022,1,1
330.48,,76.04,,21.6,,2022,2,0
458.07,,70.74,,24.05,,2020,0,0
329.65,,100.98,,34.38,,2020,0,1
386.96,,76.42,,8.0,,2023,2,1
352.34,,53.38,,37.28,,2023,1,0
444.84,,83.75,,8.0,,2018,0,0
452.11,,68.13,,69.0,,2024,0,1
427.52,,69.99,,138.49,,2019,2,1
396.84,,65.27,,14.37,,2023,2,0
367.29,,73.96,,29.67,,2019,1,0
314.45,,73.83,,72.77,,2024,2,0
486.89,,65.55,,15.87,,2024,2,0
338.22,,66.92,,8.0,,2020,1,0
416.5,,73.01,,56.43,,2018,0,0
438.28,,48.57,,50.34,,2019,0,0
349.46,,57.59,,35.44,,2024,1,0
437.09,,88.7,,121.39,,2019,2,0
422.03,,75.28,,130.36,,2023,1,0
475.04,,66.75,,83.04,,2024,1,0
354.19,,55.04,,14.56,,2021,0,0
309.28,,71.44,,10.73,,2023,0,0
352.2,,81.85,,75.86,,2024,3,0
391.49,,98.39,,44.26,,2023,1,1
383.2,,90.92,,21.18,,2020,4,0
358.36,,63.13,,22.14,,2022,0,0
274.99,,67.04,,80.62,,2019,3,0
405.88,,57.29,,8.0,,2022,1,1
488.48,,63.58,,121.04,,2022,0,0
405.53,,69.87,,42.13,,2024,1,0
413.5,,68.33,,65.82,,2018,2,1
411.48,,92.55,,19.46,,2022,1,0
401.84,,58.85,,37.13,,2023,1,1
431.24,,71.55,,58.22,,2022,1,0
401.75,,51.37,,23.99,,2020,2,1
362.8,,75.31,,28.11,,2023,1,1
336.22,,58.58,,36.64,,2024,1,0
366.31,,83.03,,8.0,,2018,2,0
397.28,,69.09,,83.54,,2020,1,0
362.62,,57.98,,84.63,,2022,2,0
397.29,,50.97,,13.88,,2022,2,0
404.15,,62.21,,88.99,,2023,2,0
425.82,,74.39,,57.42,,2019,3,0
450.55,,76.22,,27.72,,2019,3,0
384.29,,67.02,,17.95,,2024,0,0
308.07,,81.26,,21.41,,2019,1,1
361.02,,60.64,,32.11,,2022,1,1
382.42,,42.73,,22.34,,2022,2,0
279.03,,74.83,,22.9,,2021,0,0
456.38,,84.9,,9.54,,2021,1,1
387.83,,84.99,,51.68,,2021,0,1
400.97,,59.0,,39.5,,2021,2,0
455.1,,66.55,,202.28,,2021,6,0
345.34,,79.24,,8.0,,2019,1,0
411.57,,65.73,,8.0,,2024,0,1
373.96,,73.05,,30.47,,2023,0,0
369.88,,64.84,,8.0,,2018,1,0
337.53,,61.11,,39.61,,2023,1,1
471.61,,63.04,,9.17,,2024,1,1
359.35,,81.56,,27.71,,2024,3,0
418.47,,72.14,,39.69,,2023,1,1
276.87,,84.72,,25.73,,2024,0,0
444.9,,77.2,,16.2,,2023,0,0
437.87,,88.06,,64.04,,2018,3,0
385.36,,80.18,,81.0,,2024,0,1
367.52,,79.59,,13.68,,2022,1,0
402.0,,70.8,,70.51,,2023,0,1
505.88,,102.09,,20.87,,2024,1,0
283.02,,73.13,,28.09,,2018,1,0
423.01,,52.27,,11.07,,2019,2,0
329.86,,74.68,,41.28,,2022,2,1
378.9,,62.18,,8.0,,2022,0,1
366.37,,82.17,,37.62,,2022,0,1
356.44,,79.26,,192.25,,2021,2,0
379.42,,70.08,,58.81,,2024,1,0
317.62,,63.12,,94.68,,2019,0,1
436.6,,73.46,,26.21,,2022,1,0
281.32,,65.59,,8.0,,2022,0,1
409.69,,79.88,,14.29,,2022,1,1
362.04,,77.56,,8.0,,2019,1,0
315.6,,101.36,,29.26,,2023,1,0
391.13,,67.55,,44.05,,2018,1,1
294.37,,68.97,,23.2,,2022,1,0
382.18,,70.45,,34.79,,2021,1,1
301.74,,70.89,,16.24,,2021,1,1
405.37,,82.27,,8.0,,2023,2,0
329.16,,69.24,,23.76,,2024,3,0
355.2,,91.72,,33.33,,2022,4,0
396.17,,77.82,,170.24,,2023,0,0
337.51,,67.14,,17.92,,2020,2,1
376.81,,64.59,,47.56,,2022,1,1
296.74,,82.41,,72.64,,2019,1,0
414.7,,72.29,,17.16,,2024,2,0
477.07,,72.09,,111.65,,2022,0,0
533.57,,66.02,,17.38,,2021,2,0
385.01,,71.39,,147.0,,2022,2,0
423.35,,65.61,,8.0,,2024,0,0
282.07,,85.62,,42.24,,2023,2,0
462.65,,79.17,,65.53,,2020,2,1
422.69,,70.25,,13.8,,2023,1,1
353.38,,70.11,,8.0,,2021,1,0
448.04,,72.92,,8.0,,2021,2,0
366.0,,71.94,,8.0,,2023,1,0
354.81,,62.43,,32.89,,2022,1,1
406.14,,52.99,,76.75,,2019,1,0
321.52,,64.02,,8.0,,2020,4,0
436.19,,70.71,,8.0,,2024,0,1
321.92,,64.62,,8.0,,2022,4,1
322.25,,80.19,,13.93,,2024,0,0
329.97,,69.71,,106.74,,2021,2,1
421.77,,90.74,,13.58,,2023,2,1
346.08,,66.39,,24.41,,2023,2,0
305.86,,73.41,,8.28,,2020,2,0
346.69,,69.11,,8.0,,2018,0,1
378.24,,76.4,,8.46,,2023,0,0
315.05,,82.66,,9.92,,2022,1,1
316.66,,78.08,,8.0,,2018,1,0
496.12,,51.69,,65.86,,2022,1,0
332.67,,77.0,,27.24,,2022,2,0
362.23,,61.89,,32.59,,2020,0,0
359.8,,68.9,,19.72,,2019,0,0
356.83,,78.89,,9.94,,2024,2,0
414.17,,60.8,,8.0,,2024,1,1
432.15,,83.56,,8.0,,2022,4,1
363.17,,68.47,,8.6,,2020,1,0
311.99,,93.71,,79.73,,2022,2,0
450.09,,72.69,,10.25,,2021,0,1
374.76,,89.05,,18.41,,2022,2,0
475.17,,83.98,,35.72,,2018,1,0
256.49,,65.89,,30.08,,2024,1,1
390.75,,58.98,,46.04,,2019,1,0
485.52,,73.14,,9.07,,2022,1,0
360.57,,66.17,,31.18,,2023,2,1
367.6,,87.8,,61.32,,2023,1,0
396.25,,69.53,,20.59,,2021,0,0
349.27,,69.0,,150.02,,2022,1,0
362.84,,58.04,,36.23,,2022,0,1
361.42,,76.19,,47.18,,2020,1,1
345.49,,60.26,,25.81,,2021,1,1
447.59,,76.42,,81.94,,2019,2,1
405.36,,77.8,,25.22,,2019,0,0
393.78,,64.5,,119.79,,2019,0,1
424.47,,81.57,,15.43,,2022,4,0
365.46,,69.25,,84.36,,2023,0,0
337.42,,57.29,,42.83,,2024,2,0
346.86,,87.45,,67.4,,2022,2,0
380.1,,62.77,,8.0,,2021,2,1
321.74,,77.07,,13.64,,2020,1,0
352.49,,76.26,,78.87,,2023,1,0
351.61,,75.89,,16.1,,2019,0,0
496.85,,75.72,,52.38,,2021,0,0
227.44,,62.3,,203.79,,2023,2,1
370.12,,88.91,,8.19,,2022,0,0
474.91,,81.56,,22.7,,2022,1,0
386.7,,76.75,,8.0,,2024,2,1
421.44,,58.67,,8.0,,2022,1,0
385.49,,62.22,,42.11,,2022,0,0
343.3,,78.57,,8.92,,2024,0,1
256.69,,51.96,,27.68,,2023,2,0
391.3,,75.39,,160.19,,2022,0,1
337.34,,58.69,,17.02,,2021,0,1
335.98,,63.32,,86.88,,2024,2,0
352.56,,57.89,,21.2,,2021,3,0
475.97,,74.46,,12.81,,2019,4,1
512.27,,83.16,,17.21,,2024,1,1
391.95,,75.48,,8.0,,2021,0,1
354.44,,76.58,,47.72,,2022,2,0
315.25,,73.68,,29.88,,2023,0,0
405.77,,78.83,,39.96,,2021,2,0
478.06,,76.67,,15.17,,2022,1,1
366.4,,44.85,,44.51,,2020,2,0
249.16,,81.06,,8.0,,2024,2,1
416.85,,80.01,,44.39,,2022,2,0
434.2,,68.38,,8.0,,2024,1,1
292.78,,52.26,,21.47,,2021,3,1
389.71,,74.42,,39.52,,2023,3,1
404.82,,75.27,,81.19,,2020,1,0
375.98,,67.6,,70.29,,2021,0,0
336.51,,73.87,,31.44,,2021,1,0
435.88,,82.72,,90.25,,2022,2,1
357.81,,95.98,,29.61,,2022,1,0
298.31,,73.47,,30.58,,2020,2,0
267.28,,75.34,,53.55,,2018,5,1
449.35,,63.76,,88.28,,2023,1,1
413.92,,66.99,,38.77,,2022,0,1
384.84,,70.64,,121.21,,2021,1,0
355.78,,83.78,,11.12,,2019,1,0
350.91,,80.19,,108.41,,2019,2,1
320.83,,91.29,,10.52,,2022,3,1
356.27,,57.1,,31.39,,2022,1,0
263.4,,58.76,,66.77,,2021,0,1
339.52,,83.02,,67.93,,2022,3,0
362.9,,86.49,,13.69,,2024,0,0
413.54,,72.33,,178.97,,2023,2,0
377.8,,30.0,,8.0,,2024,2,0
423.72,,64.56,,8.0,,2023,1,0
454.2,,75.35,,77.37,,2019,0,0
438.2,,63.01,,71.79,,2020,0,0
405.88,,73.85,,52.4,,2021,1,0
380.65,,90.99,,79.9,,2021,2,1
326.06,,86.26,,8.0,,2023,2,1
420.7,,80.09,,8.0,,2023,0,0
472.39,,71.36,,146.45,,2022,1,0
398.82,,67.05,,41.11,,2023,0,0
485.45,,79.58,,106.0,,2024,1,0
296.09,,72.25,,99.51,,2022,3,1
316.52,,72.6,,44.47,,2021,3,0
427.04,,56.49,,41.59,,2022,0,1
394.54,,64.85,,18.74,,2020,2,0
452.26,,79.52,,8.0,,2019,3,0
379.15,,60.99,,48.73,,2022,3,0
332.26,,74.66,,71.53,,2024,1,1
368.25,,76.13,,33.04,,2024,1,1
295.7,,76.71,,8.0,,2023,1,0
317.93,,77.6,,8.0,,2023,1,1
433.48,,78.28,,8.0,,2024,0,1
428.0,,65.76,,45.04,,2024,2,0
399.97,,57.32,,34.94,,2023,1,0
285.34,,63.26,,26.39,,2021,0,1
360.29,,79.3,,32.93,,2020,0,1
312.63,,59.99,,13.56,,2018,0,0
444.71,,61.59,,68.6,,2023,2,1
,216.17,61.54,,16.73,,2021,1,0
320.28,,53.54,,43.41,,2019,1,0
381.64,,60.53,,20.82,,2021,1,0
344.79,,82.0,,8.0,,2022,2,0
461.61,,64.83,,12.47,,2023,0,0
339.59,,54.51,,140.92,,2021,3,0
303.04,,66.88,,8.88,,2023,2,0
261.59,,77.11,,8.0,,2018,0,0
378.31,,53.69,,14.45,,2024,1,0
349.09,,81.53,,88.33,,2024,1,1
301.41,,57.59,,15.34,,2022,2,0
445.41,,68.05,,22.69,,2023,3,0
416.7,,67.92,,15.59,,2023,1,1
378.45,,66.39,,189.31,,2024,0,0
455.04,,71.35,,240.0,,2022,2,1
416.44,,79.79,,27.69,,2023,4,1
334.74,,71.59,,64.52,,2020,0,0
322.84,,65.94,,10.44,,2020,0,0
424.99,,76.57,,19.69,,2023,3,0
401.8,,74.07,,47.77,,2024,2,0
389.34,,65.3,,14.17,,2022,1,0
333.44,,72.42,,10.69,,2022,1,1
413.44,,64.48,,107.27,,2022,0,0
338.45,,63.34,,11.76,,2024,2,0
374.39,,80.06,,8.0,,2024,0,0
459.58,,76.47,,58.41,,2024,3,1
343.65,,79.7,,11.71,,2019,1,0
293.49,,78.35,,25.12,,2023,0,0
322.11,,63.13,,8.0,,2023,2,1
434.69,,82.01,,8.0,,2020,0,0
394.01,,69.02,,25.91,,2022,1,1
372.91,,81.29,,17.27,,2019,1,0
352.0,,70.75,,29.61,,2021,0,1
406.69,,75.13,,141.75,,2023,1,0
333.3,,75.43,,21.98,,2020,0,1
396.81,,80.13,,38.76,,2020,2,0
339.78,,55.65,,8.0,,2023,1,0
330.63,,56.24,,91.18,,2024,0,0
344.94,,78.72,,68.85,,2020,0,1
359.35,,75.56,,31.04,,2024,1,0
377.31,,64.24,,8.51,,2023,2,0
392.95,,75.64,,23.31,,2023,1,0
177.14,,57.92,,14.82,,2019,3,1
335.58,,104.64,,218.65,,2024,1,0
358.46,,85.12,,28.35,,2022,1,0
462.78,,78.22,,23.04,,2022,1,0
320.6,,72.76,,8.0,,2022,3,0
388.95,,65.81,,11.48,,2022,0,1
462.23,,58.9,,52.22,,2024,0,1
307.79,,70.86,,32.15,,2019,1,0
401.67,,63.4,,18.62,,2022,0,0
335.88,,63.99,,14.8,,2023,2,0
352.25,,57.83,,9.41,,2019,1,0
335.83,,74.5,,8.0,,2022,1,0
339.75,,68.23,,158.71,,2022,0,1
529.71,,77.35,,58.75,,2020,0,1
426.45,,76.57,,110.43,,2021,0,0
440.6,,74.29,,22.34,,2019,0,0
407.06,,98.59,,85.49,,2023,0,0
291.66,,80.24,,12.43,,2020,1,0
401.72,,59.39,,29.95,,2023,2,1
439.01,,76.59,,9.5,,2024,0,1
333.06,,71.46,,61.79,,2020,0,0
433.09,,58.58,,28.91,,2021,0,0
418.74,,57.78,,32.28,,2019,2,0
481.86,,76.53,,82.41,,2022,1,0
357.02,,78.98,,56.45,,2024,2,1
319.63,,61.54,,142.35,,2020,0,0
360.11,,81.7,,21.83,,2020,1,1
458.96,,74.85,,25.99,,2023,1,1
279.44,,83.96,,40.13,,2024,0,0
266.24,,82.9,,25.36,,2024,2,1
384.92,,70.42,,22.85,,2021,1,0
355.66,,88.36,,17.49,,2023,2,0
380.43,,60.76,,74.89,,2022,1,0
431.99,,95.9,,32.02,,2023,2,0
349.61,,63.21,,39.27,,2023,1,0
276.98,,71.52,,9.59,,2019,0,0
492.45,,66.33,,12.18,,2021,0,0
325.15,,68.23,,17.44,,2023,1,1
321.75,,101.24,,26.3,,2023,3,0
440.7,,67.37,,8.0,,2019,3,0
358.85,,80.51,,92.1,,2022,1,1
376.51,,69.65,,98.3,,2024,0,0
406.55,,81.37,,45.52,,2023,1,1
439.6,,66.56,,15.95,,2022,1,1
361.66,,74.56,,20.44,,2020,1,0
463.6,,78.29,,55.63,,2021,2,1
262.53,,64.78,,14.17,,2023,0,0
421.79,,99.58,,39.43,,2023,0,1
333.83,,78.81,,99.43,,2023,0,0
455.47,,69.74,,22.19,,2021,1,0
387.81,,65.03,,37.15,,2022,0,1
342.99,,72.92,,110.85,,2018,4,1
416.46,,59.84,,17.49,,2023,0,1
429.13,,89.82,,59.88,,2024,0,0
415.3,,76.31,,59.09,,2018,4,0
323.37,,71.12,,110.8,,2021,2,0
353.38,,82.46,,82.16,,2024,1,0
379.78,,64.78,,58.03,,2022,4,1
377.73,,60.44,,42.5,,2022,0,0
421.24,,70.7,,11.59,,2019,2,0
269.18,,73.28,,46.65,,2023,1,0
398.39,,77.31,,13.59,,2023,1,0
364.05,,57.24,,24.35,,2022,1,0
333.88,,67.44,,51.95,,2019,3,0
339.16,,41.17,,47.19,,2023,1,1
368.2,,60.18,,21.54,,2019,2,0
181.94,,79.15,,8.47,,2024,1,0
341.43,,81.61,,27.8,,2024,1,1
331.83,,60.58,,13.22,,2022,1,0
409.3,,68.75,,12.39,,2024,0,1
335.7,,72.26,,16.62,,2022,0,0
368.17,,82.78,,51.45,,2021,1,1
464.83,,87.29,,28.88,,2022,4,0
434.69,,73.53,,19.62,,2022,0,0
429.62,,69.39,,96.96,,2023,4,1
352.51,,57.56,,51.53,,2023,1,0
409.87,,73.08,,28.67,,2024,1,0
367.14,,92.75,,22.97,,2024,2,0
369.21,,84.9,,71.76,,2022,1,0
402.53,,73.75,,8.0,,2023,2,0
347.17,,75.03,,45.83,,2022,2,0
462.12,,65.11,,8.0,,2024,1,0
371.19,,68.43,,8.0,,2018,0,0
414.01,,73.48,,112.77,,2023,1,1
460.06,,73.51,,30.3,,2022,1,0
436.74,,82.11,,15.9,,2019,2,1
302.51,,81.62,,66.5,,2023,4,1
404.47,,77.21,,175.91,,2021,2,0
426.79,,62.01,,8.0,,2022,0,0
429.05,,62.39,,8.0,,2023,1,0
318.77,,63.12,,81.04,,2021,2,0
343.86,,74.36,,34.17,,2021,1,1
434.7,,51.74,,90.02,,2021,1,1
338.1,,71.94,,49.82,,2023,1,1
363.52,,86.09,,26.71,,2024,1,0
466.67,,78.67,,8.0,,2021,0,0
377.37,,68.49,,20.75,,2023,0,1
340.03,,65.02,,64.98,,2021,1,0
331.73,,80.06,,11.19,,2024,1,0
398.3,,75.06,,52.33,,2024,3,0
306.68,,69.54,,11.93,,2020,3,1
366.4,,66.11,,26.16,,2023,1,0
398.33,,72.76,,8.0,,2024,1,1
451.45,,68.97,,25.49,,2022,0,0
416.72,,79.84,,39.84,,2021,1,0
340.73,,84.41,,34.8,,2024,1,1
444.81,,58.33,,21.91,,2021,4,1
363.53,,59.74,,19.39,,2020,0,0
312.04,,85.48,,13.53,,2024,1,1
370.54,,73.66,,61.2,,2023,0,0
459.1,,60.68,,64.1,,2020,0,0
389.09,,81.83,,27.71,,2023,1,1
380.69,,75.42,,20.25,,2024,0,1
470.05,,94.03,,42.61,,2019,4,1
301.28,,69.65,,34.27,,2021,1,0
309.29,,83.09,,46.22,,2023,2,1
291.13,,57.51,,15.34,,2019,0,0
400.5,,85.96,,65.22,,2024,2,0
389.16,,81.44,,16.0,,2022,0,0
464.85,,88.04,,22.79,,2022,2,1
393.39,,83.11,,8.0,,2019,0,0
357.77,,71.01,,81.21,,2022,2,0
380.1,,60.29,,43.41,,2020,0,0
386.47,,65.98,,11.27,,2024,2,0
288.05,,54.39,,80.16,,2021,0,0
529.07,,62.79,,51.24,,2022,3,1
408.59,,76.26,,24.52,,2023,2,1
391.55,,71.52,,192.76,,2023,2,0
413.83,,69.76,,17.27,,2023,2,0
419.02,,64.07,,8.0,,2020,5,1
372.27,,54.28,,55.53,,2021,1,0
345.28,,73.82,,59.43,,2019,2,1
412.97,,75.79,,8.0,,2024,3,0
401.21,,62.08,,71.89,,2021,3,0
335.46,,66.67,,62.83,,2019,1,0
458.05,,87.42,,111.45,,2021,0,1
396.13,,83.59,,8.0,,2019,2,1
420.14,,57.16,,38.57,,2024,2,0
456.56,,71.15,,10.4,,2021,0,1
381.2,,86.55,,21.42,,2021,2,0
397.43,,69.84,,12.94,,2024,2,0
424.55,,69.31,,25.06,,2020,4,0
340.13,,82.93,,8.0,,2020,1,0
382.97,,81.87,,15.19,,2022,0,0
386.91,,81.35,,8.0,,2024,1,0
327.42,,69.38,,28.43,,2024,1,0
507.47,,78.63,,14.78,,2022,0,0
302.6,,86.95,,37.48,,2024,2,0
308.6,,71.5,,25.6,,2022,1,1
452.28,,67.97,,11.74,,2022,0,0
419.23,,84.3,,8.0,,2022,0,1
323.57,,92.45,,58.79,,2022,1,1
413.4,,93.15,,42.12,,2023,2,0
460.73,,68.25,,8.0,,2024,2,0
378.34,,69.26,,190.83,,2022,0,0
522.94,,61.71,,43.2,,2024,1,0
285.18,,73.18,,9.75,,2023,1,0
418.16,,61.26,,77.1,,2024,3,0
444.16,,66.73,,89.79,,2023,0,0
429.02,,79.01,,35.81,,2023,1,1
368.76,,75.9,,91.05,,2018,0,1
364.03,,53.89,,8.0,,2024,1,0
404.43,,87.7,,121.95,,2024,0,0
424.87,,61.13,,8.0,,2024,1,0
413.14,,62.39,,43.19,,2023,3,0
437.2,,59.61,,17.83,,2023,2,0
323.96,,65.39,,8.0,,2020,0,0
367.47,,63.03,,111.26,,2018,2,1
328.3,,63.28,,8.0,,2021,0,1
358.76,,47.36,,80.74,,2022,3,0
435.84,,73.3,,16.84,,2021,0,0
385.94,,74.32,,56.77,,2024,0,0
523.38,,94.44,,12.32,,2024,3,0
390.64,,76.86,,36.78,,2023,0,0
383.28,,67.03,,67.5,,2022,0,0
385.84,,59.99,,35.08,,2020,1,0
344.92,,71.04,,15.38,,2024,0,0
376.82,,76.49,,11.17,,2024,3,1
442.03,,66.97,,8.07,,2020,0,0
386.27,,72.61,,76.66,,2018,1,1
336.36,,90.97,,39.65,,2024,2,1
329.12,,68.16,,29.85,,2024,0,0
355.24,,53.13,,12.06,,2024,1,0
384.06,,80.73,,23.89,,2021,1,1
445.65,,75.14,,40.65,,2023,1,0
306.27,,54.91,,8.0,,2024,1,0
362.41,,76.28,,18.79,,2021,2,0
387.94,,62.02,,11.5,,2022,0,0
279.15,,76.41,,43.68,,2022,1,1
334.15,,91.07,,39.15,,2018,1,0
342.61,,70.23,,14.95,,2024,0,0
336.22,,82.83,,8.0,,2024,0,1
390.55,,59.72,,8.48,,2022,2,0
371.17,,56.81,,8.0,,2023,1,0
349.46,,92.17,,35.29,,2022,1,0
403.54,,75.08,,8.0,,2021,1,1
474.77,,78.37,,27.65,,2019,2,0
470.16,,83.52,,40.04,,2022,0,0
274.25,,66.72,,88.9,,2020,1,0
411.74,,80.25,,11.81,,2023,1,1
370.21,,78.74,,8.64,,2022,0,0
388.53,,59.05,,8.0,,2022,1,0
358.09,,87.13,,18.77,,2023,0,1
386.47,,85.07,,43.99,,2024,0,0
388.33,,59.16,,46.8,,2020,0,0
348.16,,74.0,,9.95,,2024,3,0
330.7,,69.69,,8.0,,2024,1,1
355.32,,86.18,,25.01,,2023,1,1
392.88,,57.89,,8.0,,2020,0,1
412.94,,108.02,,70.4,,2024,1,0
426.93,,70.26,,8.0,,2023,0,0
352.82,,79.38,,58.58,,2024,2,0
395.61,,85.87,,8.0,,2022,0,0
432.94,,70.04,,69.09,,2024,0,0
444.11,,70.85,,41.44,,2020,2,0
376.76,,66.97,,16.34,,2022,1,0
367.85,,63.15,,21.84,,2022,0,0
390.51,,74.72,,47.03,,2024,3,0
316.77,,70.65,,8.62,,2024,2,0
369.35,,66.91,,92.83,,2023,1,0
420.95,,67.49,,27.7,,2020,0,0
415.31,,77.76,,59.96,,2024,2,1
365.14,,64.02,,29.68,,2023,1,1
391.97,,69.53,,25.28,,2024,1,0
334.64,,80.99,,26.63,,2024,2,0
418.69,,74.47,,18.95,,2022,1,0
375.72,,61.5,,55.42,,2023,1,0
364.82,,71.76,,78.62,,2024,0,0
360.11,,76.37,,80.93,,2020,2,0
376.54,,81.89,,8.0,,2024,1,0
355.37,,64.45,,60.18,,2020,1,0
416.2,,66.41,,9.37,,2018,0,0
358.26,,65.05,,8.0,,2024,2,0
467.61,,65.54,,13.53,,2024,1,1
460.59,,76.05,,14.55,,2018,2,0
330.97,,77.94,,69.7,,2024,1,0
383.83,,82.51,,56.97,,2023,0,1
344.21,,71.09,,8.0,,2023,0,1
362.03,,57.95,,16.57,,2022,1,0
490.13,,78.69,,12.16,,2022,1,0
363.08,,73.59,,38.01,,2021,4,0
399.81,,72.6,,32.75,,2021,2,1
409.77,,59.17,,47.71,,2024,2,0
324.97,,70.04,,101.48,,2024,1,0
332.97,,60.06,,22.96,,2021,0,0
313.67,,76.82,,44.81,,2023,1,1
331.27,,67.7,,105.22,,2023,1,1
223.25,,66.8,,32.77,,2024,2,1
409.95,,56.63,,15.48,,2019,1,1
492.98,,82.27,,21.66,,2023,0,0
388.13,,69.41,,59.01,,2020,1,0
302.11,,72.87,,53.47,,2020,3,0
344.65,,64.65,,57.96,,2023,3,1
354.76,,55.49,,57.11,,2024,0,1
324.03,,66.68,,106.32,,2022,2,0
427.31,,68.28,,60.65,,2022,2,0
424.56,,74.93,,81.23,,2024,0,0
316.45,,68.45,,35.81,,2018,2,0
419.88,,64.82,,43.4,,2023,1,0
463.97,,56.97,,144.2,,2019,0,0
484.64,,72.48,,85.79,,2020,2,0
537.59,,64.03,,63.09,,2023,0,1
330.39,,85.21,,48.59,,2021,3,0
535.33,,73.5,,18.65,,2021,1,0
360.52,,77.62,,33.36,,2022,3,0
347.41,,69.51,,8.0,,2024,2,0
397.99,,74.01,,22.6,,2022,2,0
347.99,,63.09,,8.0,,2022,1,0
401.95,,60.22,,54.78,,2020,2,1
307.4,,72.15,,93.6,,2022,0,1
366.87,,77.7,,8.03,,2018,1,1
450.71,,52.54,,11.84,,2024,1,0
376.86,,67.01,,81.68,,2020,1,1
387.79,,90.42,,37.02,,2024,1,0
406.14,,76.79,,37.27,,2021,2,1
444.39,,87.38,,34.76,,2024,1,0
288.96,,65.66,,10.34,,2021,2,1
412.15,,67.42,,11.71,,2020,1,0
365.25,,81.67,,125.52,,2022,3,0
389.17,,78.24,,53.99,,2021,1,0
438.3,,71.06,,8.0,,2021,0,0
314.32,,59.37,,10.59,,2021,1,0
324.3,,83.57,,41.43,,2021,0,1
273.55,,97.1,,14.0,,2022,1,1
349.8,,56.28,,12.18,,2019,1,0
453.17,,86.04,,9.5,,2021,1,0
373.37,,67.32,,8.63,,2023,1,0
306.29,,68.67,,39.91,,2023,1,0
353.29,,74.7,,99.24,,2020,1,0
298.17,,59.94,,18.82,,2021,2,1
318.11,,71.63,,8.0,,2022,1,0
401.39,,55.89,,8.0,,2024,0,0
315.44,,76.76,,113.96,,2022,2,0
441.19,,94.34,,31.6,,2024,1,0
376.09,,65.6,,26.37,,2024,1,0
384.71,,70.31,,92.99,,2023,1,0
364.69,,70.81,,29.71,,2022,1,1
422.51,,81.86,,27.51,,2023,2,1
423.07,,76.06,,109.73,,2021,0,0
398.43,,81.2,,27.02,,2024,1,0
411.06,,66.94,,20.83,,2022,3,0
368.34,,76.34,,36.6,,2024,0,0
409.82,,38.32,,158.86,,2023,0,0
361.42,,78.67,,139.42,,2020,1,1
380.12,,59.82,,62.76,,2020,0,1
364.89,,68.72,,29.05,,2021,0,0
354.85,,79.45,,89.57,,2021,0,1
342.1,,56.64,,22.83,,2018,0,0
405.72,,82.89,,42.93,,2024,2,0
452.08,,70.76,,8.31,,2020,2,0
444.41,,86.53,,45.47,,2024,0,1
310.89,,62.97,,13.57,,2022,1,0
450.91,,53.87,,62.05,,2022,0,0
362.5,,71.71,,22.45,,2022,1,1
413.04,,77.87,,21.34,,2024,1,1
330.16,,78.71,,57.65,,2022,1,0
387.81,,60.65,,23.27,,2021,2,0
397.25,,55.75,,52.58,,2023,1,0
298.35,,68.88,,81.12,,2021,2,0
413.45,,77.16,,8.0,,2023,2,0
454.03,,76.66,,27.39,,2022,1,0
370.39,,87.72,,121.75,,2023,2,0
454.81,,68.27,,70.24,,2024,0,1
369.57,,53.55,,152.66,,2024,1,0
426.73,,83.97,,82.67,,2019,1,0
257.98,,73.95,,15.6,,2022,0,0
513.03,,74.82,,8.29,,2022,4,0
462.25,,79.67,,9.93,,2020,2,0
364.35,,84.64,,10.27,,2023,3,0
271.54,,71.77,,8.0,,2024,3,1
395.84,,83.77,,99.66,,2020,1,0
300.58,,77.52,,29.33,,2021,0,0
404.47,,65.44,,8.0,,2024,0,0
402.64,,69.67,,60.4,,2021,1,1
328.22,,78.17,,16.55,,2022,1,0
441.65,,64.91,,8.0,,2023,3,0
424.31,,80.86,,8.84,,2019,0,0
433.67,,73.58,,45.01,,2022,1,0
380.49,,75.82,,66.36,,2019,1,0
302.15,,86.41,,12.29,,2021,1,0
433.78,,75.57,,36.14,,2020,0,1
365.13,,72.71,,8.0,,2023,3,1
303.56,,71.17,,13.7,,2020,2,0
454.36,,70.65,,8.42,,2023,2,0
495.47,,75.12,,8.0,,2022,3,0
377.73,,85.63,,27.78,,2023,0,0
498.75,,65.88,,41.87,,2024,1,0
385.02,,65.13,,8.0,,2022,1,1
359.07,,84.85,,8.0,,2023,0,1
345.32,,66.34,,113.09,,2024,4,0
470.04,,74.16,,10.6,,2023,4,1
337.09,,66.08,,59.94,,2021,2,0
420.44,,55.21,,57.85,,2024,3,0
349.25,,73.98,,16.3,,2019,0,1
354.68,,83.15,,9.59,,2021,0,0
436.66,,71.38,,11.75,,2024,1,0
359.1,,57.18,,35.05,,2021,1,0
357.74,,73.09,,20.16,,2022,0,0
442.3,,64.44,,28.74,,2020,1,0
467.86,,45.8,,70.11,,2024,0,0
415.46,,71.19,,29.31,,2024,2,0
343.99,,77.18,,224.5,,2024,5,0
351.92,,83.78,,46.04,,2019,0,0
384.4,,89.57,,9.75,,2020,0,1
397.65,,78.51,,29.07,,2022,1,1
325.67,,81.34,,70.51,,2021,0,0
419.77,,59.15,,10.34,,2023,2,0
384.7,,88.22,,54.9,,2024,0,0
285.64,,84.67,,8.0,,2019,3,0
328.91,,68.33,,120.05,,2018,0,1
352.27,,78.82,,45.73,,2024,0,0
375.99,,77.81,,8.0,,2022,1,1
483.91,,86.7,,87.1,,2019,3,0
393.1,,70.49,,8.0,,2022,1,0
333.76,,64.54,,21.87,,2023,0,1
392.13,,67.1,,56.09,,2024,1,0
360.64,,80.97,,116.39,,2022,0,0
397.86,,52.8,,18.02,,2023,2,0
411.93,,42.03,,74.55,,2022,2,0
446.51,,80.94,,9.2,,2023,0,1
378.66,,74.75,,8.0,,2024,1,0
470.14,,72.18,,8.0,,2024,1,0
429.94,,58.94,,45.08,,2023,2,0
341.09,,54.9,,8.0,,2022,1,0
501.54,,65.65,,8.0,,2021,2,0
397.98,,75.62,,157.98,,2021,0,0
334.07,,66.14,,11.64,,2024,0,1
470.91,,81.0,,26.08,,2023,2,0
494.28,,62.46,,39.88,,2022,1,1
378.18,,66.81,,8.0,,2023,1,1
352.3,,79.03,,18.56,,2019,0,0
370.52,,68.23,,43.82,,2024,1,0
419.31,,68.73,,42.88,,2022,1,0
450.28,,65.57,,77.51,,2021,1,1
411.38,,63.71,,24.16,,2018,1,0
385.59,,75.54,,92.64,,2023,1,1
462.39,,76.84,,48.15,,2024,1,1
362.79,,74.27,,34.68,,2022,2,0
436.7,,65.84,,8.0,,2021,3,0
364.16,,69.99,,35.91,,2022,0,0
403.71,,87.96,,37.93,,2022,3,0
373.75,,57.79,,59.73,,2023,0,1
376.93,,90.86,,53.34,,2020,0,0
359.24,,73.0,,31.71,,2024,2,0
453.97,,70.2,,37.74,,2022,2,0
339.69,,81.53,,62.16,,2023,1,0
339.29,,51.33,,18.19,,2024,1,0
496.65,,85.8,,8.0,,2022,3,1
433.78,,90.58,,87.1,,2023,0,0
248.82,,82.88,,140.82,,2023,2,0
348.91,,50.98,,23.56,,2020,2,0
280.34,,79.64,,194.74,,2024,0,1
327.71,,88.46,,16.36,,2022,0,1
207.38,,87.43,,8.0,,2019,1,0
372.47,,57.92,,35.69,,2024,1,0
317.19,,82.16,,85.11,,2023,4,0
383.29,,89.96,,40.36,,2023,0,1
290.62,,72.29,,8.0,,2024,0,1
384.56,,57.47,,8.0,,2022,1,0
357.18,,80.29,,54.12,,2021,3,0
462.61,,82.54,,78.39,,2020,0,1
457.62,,70.61,,12.25,,2024,2,0
423.19,,60.09,,26.68,,2021,3,0
362.04,,81.82,,136.35,,2022,1,0
489.2,,64.31,,25.92,,2022,1,1
294.58,,75.97,,8.0,,2023,1,0
302.8,,87.58,,101.91,,2023,2,0
375.39,,55.41,,28.71,,2022,1,1
503.97,,81.08,,17.73,,2022,1,0
368.87,,69.93,,8.0,,2021,1,0
369.92,,70.19,,25.75,,2021,0,0
300.69,,77.14,,61.67,,2023,2,0
432.03,,64.29,,53.04,,2022,2,0
432.42,,60.25,,28.83,,2019,0,0
423.4,,54.16,,53.39,,2022,0,0
345.39,,84.32,,18.14,,2024,3,0
341.13,,68.28,,55.82,,2019,0,0
308.88,,77.7,,8.0,,2019,1,0
384.61,,67.15,,9.33,,2023,2,1
320.58,,60.38,,88.26,,2024,2,0
315.24,,78.52,,14.6,,2018,2,0
356.7,,75.28,,9.69,,2021,0,0
353.1,,69.63,,8.0,,2019,0,1
350.41,,75.02,,20.96,,2021,2,0
405.65,,62.4,,8.0,,2022,0,1
384.35,,82.61,,28.86,,2022,0,1
364.15,,84.92,,105.67,,2021,1,0
390.07,,79.59,,64.98,,2020,5,0
325.47,,68.28,,8.0,,2023,0,1
385.79,,72.59,,14.97,,2022,1,1
388.28,,87.69,,8.73,,2023,0,1
297.33,,84.81,,8.0,,2023,2,1
434.76,,91.94,,8.0,,2023,3,0
331.52,,64.19,,100.28,,2024,1,1
384.97,,63.3,,15.59,,2020,1,0
444.04,,73.34,,20.91,,2024,1,0
430.91,,76.07,,27.93,,2020,1,0
381.89,,70.58,,57.38,,2024,2,0
360.06,,68.1,,67.26,,2023,1,0
432.11,,84.67,,139.3,,2023,0,1
417.11,,71.09,,9.94,,2023,2,1
345.99,,59.85,,15.04,,2023,2,0
336.28,,61.0,,15.77,,2022,1,0
266.02,,74.47,,24.75,,2018,1,0
388.47,,102.03,,69.18,,2022,1,0
375.45,,62.24,,11.5,,2021,1,0
442.49,,68.85,,64.15,,2021,0,0
399.75,,96.05,,9.58,,2022,0,0
453.38,,67.16,,52.01,,2024,5,0
341.64,,76.55,,67.39,,2022,0,1
442.6,,90.76,,80.75,,2024,1,0
350.91,,62.49,,29.99,,2022,0,0
422.77,,68.91,,16.74,,2020,1,0
299.77,,67.16,,62.16,,2021,3,0
392.93,,56.82,,16.25,,2020,1,0
270.84,,87.69,,8.0,,2023,3,0
365.31,,66.15,,75.6,,2020,0,1
404.22,,63.24,,22.25,,2022,0,0
351.35,,67.56,,35.53,,2024,0,0
322.23,,81.29,,105.27,,2022,1,1
426.54,,73.13,,8.0,,2022,3,0
374.31,,64.08,,34.21,,2020,0,1
353.07,,76.09,,34.36,,2023,1,0
382.3,,80.13,,83.15,,2021,3,0
525.02,,71.76,,17.53,,2024,1,1
443.44,,69.65,,21.54,,2020,1,0
443.94,,82.16,,30.76,,2018,1,1
403.96,,70.21,,8.0,,2022,2,0
389.16,,88.08,,26.72,,2019,2,0
248.22,,64.42,,24.06,,2021,1,1
342.66,,64.19,,9.24,,2022,3,0
353.57,,62.96,,75.18,,2020,2,1
276.88,,69.61,,23.69,,2024,0,0
316.34,,72.03,,15.35,,2021,1,0
271.05,,58.74,,8.0,,2020,2,0
377.89,,72.97,,8.0,,2018,2,1
425.03,,77.65,,135.43,,2021,0,0
440.87,,57.35,,223.84,,2024,2,1
402.81,,66.79,,95.85,,2020,2,1
327.01,,77.67,,25.77,,2022,0,0
273.74,,61.11,,69.29,,2024,2,0
283.37,,68.84,,75.49,,2021,2,1
310.21,,82.88,,14.97,,2023,1,0
331.11,,89.95,,37.04,,2022,1,0
371.21,,76.4,,131.98,,2022,0,0
324.22,,70.31,,13.8,,2024,1,0
398.64,,66.99,,45.67,,2023,2,1
367.22,,81.11,,45.63,,2018,1,0
380.58,,83.33,,25.31,,2018,2,1
442.71,,60.44,,28.31,,2018,0,0
315.09,,81.1,,25.6,,2021,2,1
403.03,,65.93,,30.92,,2022,0,1
379.23,,63.4,,8.0,,2024,2,1
361.66,,70.46,,66.51,,2023,3,0
428.69,,81.92,,45.44,,2024,1,1
428.35,,75.09,,153.0,,2023,0,0
327.94,,74.82,,11.84,,2024,4,1
369.98,,75.52,,8.0,,2020,2,1
395.47,,76.68,,17.61,,2023,0,0
364.98,,70.86,,29.94,,2020,0,0
412.18,,78.32,,9.64,,2023,0,0
395.47,,65.4,,25.93,,2024,2,1
480.79,,78.51,,43.22,,2021,1,0
295.83,,80.57,,8.0,,2020,0,0
373.27,,78.99,,59.6,,2020,2,1
330.03,,79.51,,117.96,,2024,0,0
413.23,,76.65,,13.12,,2022,0,0
291.06,,83.73,,62.88,,2022,1,1
399.05,,49.28,,22.73,,2022,2,0
345.35,,80.54,,45.86,,2022,1,1
339.62,,91.75,,57.07,,2024,0,0
300.44,,65.78,,14.68,,2022,3,0
354.42,,64.66,,65.03,,2022,1,1
439.65,,84.86,,8.0,,2024,0,0
378.61,,62.73,,181.52,,2022,0,0
414.52,,65.33,,17.26,,2020,0,0
471.56,,73.7,,10.64,,2022,1,1
394.51,,64.01,,8.0,,2023,2,0
349.27,,80.75,,70.24,,2019,1,1
405.7,,64.09,,37.03,,2020,2,0
350.06,,75.61,,127.25,,2018,2,0
352.26,,74.84,,43.81,,2023,0,0
296.41,,88.64,,17.49,,2020,0,0
430.94,,83.65,,76.04,,2024,1,0
358.77,,66.7,,13.87,,2022,1,0
390.02,,59.36,,14.43,,2024,0,1
323.02,,80.38,,8.0,,2021,0,1
403.98,,65.47,,12.2,,2024,0,0
338.09,,68.64,,12.73,,2024,3,0
372.21,,61.4,,14.83,,2020,3,0
428.28,,78.79,,19.31,,2019,1,0
423.49,,65.54,,36.1,,2022,1,0
378.79,,71.65,,10.24,,2022,0,0
282.75,,71.8,,42.53,,2023,0,1
544.6,,73.84,,8.0,,2019,3,0
476.02,,78.62,,112.24,,2023,1,0
419.75,,69.57,,8.0,,2020,1,1
338.57,,64.59,,100.3,,2020,2,1
373.75,,53.4,,33.28,,2023,0,1
350.11,,73.03,,52.0,,2019,3,0
449.51,,70.43,,14.88,,2023,0,0
394.44,,64.9,,8.02,,2019,3,0
336.87,,72.63,,123.61,,2023,2,1
354.11,,80.56,,24.43,,2023,0,1
441.67,,83.12,,27.51,,2022,1,0
468.01,,56.65,,178.33,,2021,2,0
464.06,,68.39,,17.2,,2020,2,1
421.64,,81.61,,8.0,,2024,2,1
366.11,,87.96,,37.13,,2019,0,0
201.72,,63.83,,33.99,,2024,4,0
396.34,,85.78,,62.3,,2023,2,1
379.9,,58.5,,130.32,,2023,0,0
387.7,,83.48,,15.44,,2024,2,1
382.96,,69.18,,53.73,,2023,1,0
307.06,,87.63,,23.94,,2019,3,0
410.66,,67.36,,64.32,,2021,3,0
414.77,,68.9,,8.0,,2022,4,1
417.53,,70.67,,29.18,,2022,0,0
432.06,,56.63,,8.0,,2018,1,0
413.22,,54.38,,34.59,,2021,0,0
357.45,,77.1,,8.0,,2023,0,0
376.1,,81.88,,135.24,,2023,0,0
385.01,,78.08,,33.94,,2024,1,0
385.92,,59.46,,31.66,,2024,2,0
434.9,,76.8,,150.67,,2024,7,0
415.4,,62.1,,28.98,,2022,0,1
494.25,,76.08,,47.43,,2022,4,0
501.36,,83.31,,8.0,,2021,1,0
384.38,,75.67,,51.75,,2024,4,0
168.98,,86.69,,8.0,,2024,3,1
448.03,,70.5,,63.64,,2023,0,0
350.28,,69.83,,87.96,,2023,1,0
335.92,,72.67,,15.92,,2024,2,0
358.09,,58.57,,88.4,,2024,0,0
355.43,,67.97,,27.68,,2024,0,1
413.67,,68.85,,35.6,,2024,1,0
294.23,,69.16,,22.23,,2023,0,0
320.73,,74.68,,27.19,,2022,0,0
398.87,,57.2,,100.33,,2022,1,0
414.26,,60.54,,123.61,,2022,2,0
415.28,,83.32,,24.79,,2024,3,1
336.71,,51.93,,30.34,,2021,1,1
326.2,,78.16,,8.0,,2021,2,1
352.14,,68.26,,16.55,,2022,0,0
393.19,,73.6,,30.24,,2024,0,0
461.7,,87.58,,9.51,,2022,1,0
267.39,,70.69,,36.09,,2019,1,1
367.86,,78.25,,48.56,,2023,1,0
306.7,,72.59,,44.09,,2023,3,1
289.13,,70.91,,24.54,,2024,3,0
433.18,,69.67,,61.6,,2024,0,1
409.95,,79.01,,16.17,,2021,2,0
404.72,,64.68,,26.61,,2018,2,0
430.66,,60.68,,13.23,,2023,1,0
353.62,,72.74,,38.87,,2023,0,1
356.2,,73.93,,24.41,,2020,1,0
500.22,,53.76,,10.28,,2024,1,0
366.44,,71.9,,15.47,,2024,1,1
420.43,,59.73,,13.77,,2023,2,1
380.35,,78.27,,101.56,,2019,1,1
278.35,,53.96,,31.0,,2020,0,1
267.55,,91.25,,44.41,,2021,0,0
348.16,,68.62,,114.63,,2019,2,0
438.09,,63.35,,8.45,,2024,0,1
423.36,,69.17,,116.04,,2019,2,0
430.27,,77.56,,32.58,,2020,1,1
325.71,,80.9,,81.46,,2021,0,0
468.87,,69.26,,8.0,,2021,1,0
326.93,,57.61,,13.39,,2021,1,1
391.71,,59.88,,9.07,,2024,0,0
379.43,,74.86,,44.51,,2024,2,0
370.44,,81.87,,8.0,,2023,0,1
453.62,,83.17,,66.05,,2019,0,0
341.22,,73.68,,12.11,,2023,1,1
305.77,,81.67,,12.39,,2024,0,0
381.1,,91.12,,13.86,,2024,3,0
358.01,,83.9,,57.62,,2023,0,0
565.76,,81.22,,108.35,,2020,2,1
417.21,,63.93,,99.99,,2024,1,0
357.49,,81.63,,8.0,,2023,0,1
321.91,,76.61,,12.78,,2022,1,1
276.58,,78.51,,46.84,,2020,2,0
323.61,,84.61,,40.48,,2020,0,1
386.32,,75.59,,18.09,,2022,0,0
458.5,,70.97,,83.44,,2021,3,1
441.69,,61.3,,8.0,,2022,1,0
392.6,,69.03,,42.8,,2023,2,0
362.23,,74.13,,13.4,,2024,1,0
394.78,,74.78,,31.46,,2018,1,0
351.47,,74.44,,20.59,,2023,0,0
474.51,,81.6,,163.75,,2019,3,0
369.59,,80.65,,28.01,,2024,1,1
375.25,,71.38,,156.81,,2023,1,0
258.13,,63.53,,12.36,,2021,2,0
369.25,,75.83,,61.35,,2022,1,0
426.01,,94.46,,53.03,,2023,0,1
321.28,,75.21,,79.02,,2022,2,1
338.71,,69.04,,49.68,,2024,2,0
423.6,,77.36,,48.17,,2024,1,0
298.78,,77.96,,45.4,,2019,1,0
438.18,,77.85,,176.53,,2023,1,0
350.73,,85.73,,10.87,,2023,1,0
358.63,,75.86,,8.0,,2023,1,0
318.19,,85.25,,47.59,,2024,2,0
400.79,,74.3,,8.0,,2022,0,1
515.29,,87.12,,47.78,,2021,1,0
422.98,,84.07,,16.18,,2023,3,0
332.46,,81.22,,8.0,,2021,0,0
442.46,,79.89,,61.68,,2021,1,1
362.58,,95.02,,8.0,,2023,1,1
455.6,,82.77,,10.66,,2021,1,0
424.37,,63.51,,17.22,,2023,0,0
218.13,,74.46,,8.0,,2024,2,1
324.78,,69.35,,102.83,,2024,1,0
431.94,,92.64,,40.84,,2020,0,0
388.34,,84.51,,87.47,,2022,0,0
323.69,,92.32,,48.13,,2023,1,1
345.15,,64.4,,202.5,,2022,2,1
275.16,,83.02,,31.28,,2019,4,1
375.14,,58.35,,8.0,,2021,1,0
501.59,,56.08,,8.0,,2023,0,1
424.27,,68.03,,37.29,,2022,1,1
500.47,,87.12,,17.95,,2023,0,1
428.53,,62.07,,8.0,,2023,1,0
436.51,,71.83,,11.42,,2024,1,1
488.57,,83.89,,27.03,,2024,0,0
400.75,,80.46,,30.67,,2021,1,1
369.7,,94.16,,114.53,,2022,3,1
436.8,,72.03,,8.0,,2022,0,0
459.96,,67.58,,18.6,,2021,0,0
353.6,,61.06,,29.62,,2023,0,1
340.31,,68.32,,8.0,,2021,1,0
387.64,,60.96,,48.89,,2020,2,1
425.73,,54.04,,30.39,,2019,1,1
423.9,,91.63,,25.84,,2021,2,0
301.67,,72.49,,44.83,,2022,1,0
485.14,,97.91,,14.26,,2019,2,1
344.74,,63.61,,17.41,,2023,2,1
365.42,,67.71,,8.0,,2024,0,0
330.35,,64.25,,31.15,,2022,1,1
528.41,,65.59,,19.57,,2024,1,0
393.31,,80.74,,12.67,,2020,1,0
333.2,,77.66,,8.0,,2019,0,0
427.52,,80.75,,8.0,,2024,1,0
422.3,,85.42,,9.02,,2024,0,0
369.68,,83.07,,11.94,,2021,4,0
426.23,,61.92,,27.91,,2023,3,1
334.61,,66.76,,11.58,,2023,0,1
352.89,,73.21,,71.48,,2023,1,0
269.44,,109.28,,26.99,,2022,2,0
307.18,,79.72,,41.06,,2021,3,1
479.42,,73.07,,9.79,,2019,0,0
470.28,,78.73,,22.6,,2018,1,0
383.62,,65.97,,38.78,,2020,1,0
471.46,,74.62,,15.65,,2019,0,0
371.2,,81.55,,17.21,,2018,2,0
366.61,,71.71,,69.19,,2019,2,0
383.11,,64.43,,76.23,,2018,1,0
373.13,,71.22,,31.97,,2022,0,0
368.16,,68.8,,95.23,,2019,1,0
442.89,,58.43,,56.04,,2024,1,1
388.26,,66.28,,8.0,,2022,2,1
419.19,,58.07,,34.43,,2024,1,0
436.73,,59.63,,50.26,,2022,1,0
401.35,,60.59,,32.7,,2020,2,1
326.64,,81.53,,74.91,,2024,0,0
305.59,,86.89,,15.03,,2020,1,0
388.18,,56.64,,8.0,,2018,0,1
370.58,,87.8,,42.17,,2020,0,1
384.81,,60.73,,55.12,,2022,0,0
379.12,,79.47,,60.87,,2022,2,1
522.1,,74.59,,8.0,,2020,0,0
306.84,,78.36,,47.0,,2022,1,1
270.55,,60.34,,8.0,,2024,1,0
398.28,,53.88,,62.61,,2023,4,1
359.3,,63.97,,51.0,,2019,1,0
397.38,,76.27,,35.19,,2021,1,1
412.11,,91.57,,29.65,,2023,1,0
450.63,,61.7,,52.74,,2020,1,0
297.1,,71.01,,8.0,,2022,0,0
349.38,,64.51,,74.97,,2022,2,1
403.58,,71.83,,9.44,,2019,2,1
422.38,,52.69,,27.29,,2023,3,0
500.64,,86.98,,28.02,,2024,3,1
432.56,,72.24,,63.05,,2023,1,0
376.88,,81.17,,9.01,,2024,2,0
331.03,,69.68,,14.97,,2023,1,0
348.96,,73.91,,45.7,,2023,1,0
347.4,,83.29,,22.36,,2024,1,0
416.04,,73.32,,14.91,,2022,3,0
394.13,,73.68,,40.8,,2020,0,0
307.2,,64.06,,8.0,,2019,0,0
356.03,,66.66,,65.5,,2024,0,1
428.27,,61.87,,31.24,,2022,3,0
399.34,,64.62,,9.69,,2023,1,0
411.28,,84.51,,22.06,,2023,0,0
401.06,,90.09,,8.0,,2022,2,0
469.45,,59.53,,40.26,,2022,3,0
392.98,,75.95,,46.47,,2022,2,0
358.77,,68.82,,21.83,,2024,3,1
329.63,,85.97,,17.43,,2019,3,0
393.73,,73.35,,79.62,,2023,3,0
245.76,,71.93,,36.04,,2023,2,0
369.86,,64.55,,46.19,,2019,0,0
368.68,,56.68,,8.0,,2020,3,0
304.95,,79.61,,52.48,,2023,0,0
328.95,,75.53,,24.7,,2020,1,1
424.53,,75.77,,19.18,,2022,0,0
392.69,,66.01,,111.33,,2019,0,0
385.6,,70.54,,8.0,,2020,0,1
396.85,,79.91,,9.14,,2024,0,1
385.09,,81.82,,19.74,,2021,2,0
448.36,,60.22,,16.45,,2024,0,0
386.79,,65.67,,30.02,,2022,3,0
299.8,,58.1,,21.52,,2021,1,0
469.66,,74.01,,65.21,,2022,4,0
400.37,,80.84,,61.36,,2022,2,0
347.59,,69.21,,62.16,,2024,0,0
311.06,,65.37,,19.36,,2021,3,0
401.78,,68.65,,21.97,,2023,2,0
373.56,,95.06,,53.53,,2023,2,1
466.58,,83.92,,8.0,,2023,1,1
360.98,,79.31,,80.22,,2022,0,0
333.94,,75.2,,32.73,,2023,0,0
429.27,,71.87,,79.27,,2023,3,0
430.89,,62.93,,66.27,,2024,3,0
389.28,,61.38,,19.7,,2024,3,1
417.2,,66.32,,8.0,,2020,0,1
377.93,,62.46,,106.52,,2023,0,0
392.86,,65.92,,17.75,,2024,0,0
444.07,,70.98,,19.66,,2024,0,0
414.39,,71.75,,100.69,,2020,2,1
370.69,,65.8,,104.71,,2024,0,0
454.38,,76.95,,12.81,,2020,3,1
249.93,,70.11,,8.0,,2022,2,0
492.86,,74.15,,8.0,,2023,1,0
286.17,,64.55,,24.22,,2024,0,1
345.51,,78.93,,35.31,,2024,2,0
377.75,,66.65,,13.24,,2024,3,1
371.94,,88.09,,12.63,,2023,0,0
435.35,,69.75,,18.53,,2021,2,0
321.82,,71.05,,12.82,,2020,3,0
394.34,,77.94,,82.11,,2020,3,1
348.2,,80.12,,43.24,,2019,1,0
396.23,,81.2,,74.16,,2024,0,1
376.44,,89.76,,82.72,,2022,1,1
385.11,,78.62,,23.98,,2024,1,0
349.75,,71.33,,27.27,,2023,0,0
351.95,,66.7,,159.96,,2024,2,0
395.8,,70.66,,71.29,,2024,4,1
431.9,,86.84,,67.16,,2022,1,0
347.09,,58.13,,36.81,,2020,2,0
332.22,,63.81,,25.97,,2021,0,1
413.74,,69.81,,94.5,,2021,3,0
378.21,,63.68,,68.56,,2018,0,1
425.68,,67.91,,30.55,,2023,1,0
330.18,,90.06,,13.25,,2022,2,0
282.13,,69.02,,8.0,,2019,2,1
350.68,,76.12,,33.79,,2024,1,0
337.85,,55.42,,14.74,,2024,1,0
375.67,,60.98,,12.89,,2019,1,0
344.97,,81.33,,8.0,,2020,0,0
420.76,,88.68,,8.0,,2021,0,0
364.15,,74.21,,64.24,,2022,2,0
388.28,,68.94,,8.0,,2024,2,0
388.67,,76.96,,92.18,,2023,4,0
390.72,,46.03,,10.1,,2023,1,1
378.67,,74.29,,59.88,,2021,3,0
408.08,,61.54,,72.73,,2023,1,1
336.24,,79.94,,66.06,,2020,2,0
456.97,,50.08,,86.62,,2023,1,1
366.99,,65.72,,17.43,,2020,0,0
307.86,,71.59,,178.95,,2018,1,0
390.34,,64.38,,13.77,,2022,3,0
333.19,,68.25,,114.35,,2021,3,0
416.59,,81.04,,24.16,,2023,0,1
501.53,,71.76,,8.0,,2023,2,1
336.74,,62.69,,64.54,,2024,1,0
398.28,,81.4,,65.03,,2024,1,0
283.45,,74.51,,9.23,,2022,1,1
404.96,,74.92,,72.85,,2022,4,0
331.29,,63.07,,8.0,,2020,1,0
345.63,,46.52,,8.0,,2023,0,0
319.43,,62.94,,69.51,,2022,0,0
420.27,,61.92,,14.4,,2021,0,1
435.4,,65.87,,8.0,,2022,2,0
381.29,,63.58,,131.52,,2021,3,0
332.46,,73.13,,34.2,,2024,2,1
467.42,,80.81,,24.96,,2020,3,0
338.73,,82.76,,29.46,,2022,1,0
261.09,,80.37,,46.62,,2021,2,1
405.21,,63.02,,83.08,,2020,0,1
319.24,,72.59,,46.89,,2021,1,0
434.37,,87.65,,56.5,,2022,1,0
359.04,,56.15,,8.34,,2023,1,0
413.2,,85.48,,20.36,,2023,1,0
457.08,,62.04,,36.92,,2023,2,0
313.51,,74.94,,40.57,,2019,0,1
348.87,,76.13,,13.26,,2021,1,0
375.84,,73.9,,154.9,,2021,1,1
464.57,,94.28,,8.0,,2023,3,0
343.79,,68.99,,8.0,,2020,1,1
347.3,,55.61,,10.93,,2020,0,0
406.3,,75.56,,58.89,,2019,2,0
348.25,,70.3,,8.0,,2022,1,1
388.39,,77.55,,185.29,,2023,2,1
294.67,,80.82,,184.82,,2023,1,1
501.79,,71.66,,8.0,,2023,2,0
305.88,,76.36,,21.54,,2020,2,0
362.3,,73.44,,9.58,,2022,2,0
,235.01,89.92,,22.02,,2019,2,0
485.2,,68.29,,31.97,,2024,1,1
307.13,,65.13,,72.66,,2019,1,0
489.1,,80.81,,8.0,,2024,1,0
421.64,,62.71,,182.07,,2018,1,0
402.94,,75.92,,118.56,,2022,1,0
325.85,,70.3,,35.49,,2024,0,0
411.41,,70.99,,27.54,,2023,0,0
340.21,,96.37,,33.6,,2022,2,0
449.67,,84.34,,8.0,,2019,1,0
326.59,,82.22,,56.2,,2023,3,0
373.78,,77.31,,28.81,,2023,2,1
349.46,,65.08,,14.15,,2022,0,0
325.69,,74.61,,26.0,,2020,0,0
420.77,,77.83,,14.54,,2020,1,0
409.45,,73.99,,50.56,,2024,4,1
446.5,,72.95,,40.03,,2024,1,0
282.11,,68.03,,20.63,,2024,1,1
438.53,,74.73,,15.84,,2022,3,0
517.8,,66.74,,88.37,,2024,0,0
355.16,,79.03,,48.15,,2021,3,0
484.23,,51.84,,52.84,,2022,2,1
365.53,,85.59,,40.48,,2020,3,0
304.52,,58.88,,8.0,,2022,1,0
363.19,,61.33,,8.0,,2020,1,0
437.65,,76.09,,23.55,,2019,2,0
333.9,,77.4,,111.99,,2018,1,0
346.98,,92.78,,31.24,,2021,2,0
412.64,,74.96,,87.63,,2024,3,1
380.17,,71.6,,8.0,,2022,1,1
412.15,,73.91,,54.11,,2023,0,1
393.08,,87.9,,11.82,,2024,0,0
406.38,,96.24,,31.22,,2022,3,0
356.22,,70.15,,14.56,,2022,1,0
392.75,,77.43,,52.33,,2022,2,0
328.99,,71.26,,21.52,,2019,1,0
450.86,,71.06,,26.05,,2023,0,0
345.11,,90.79,,11.82,,2023,0,0
442.09,,62.74,,13.88,,2018,0,0
367.15,,48.66,,8.31,,2019,2,0
391.11,,75.17,,33.89,,2022,0,0
352.78,,84.01,,8.0,,2024,0,1
324.12,,74.2,,13.11,,2022,1,0
284.04,,77.02,,31.75,,2022,0,0
321.96,,79.52,,13.5,,2024,0,0
362.19,,73.11,,37.29,,2019,1,0
391.65,,77.56,,8.0,,2020,2,0
435.57,,77.4,,152.05,,2023,2,0
355.48,,52.41,,54.99,,2019,1,1
331.49,,73.14,,29.43,,2020,1,1
300.65,,56.27,,106.52,,2024,1,0
406.4,,71.62,,85.61,,2020,0,1
456.08,,67.05,,19.18,,2023,1,1
449.65,,82.34,,8.0,,2021,1,1
419.05,,74.44,,12.21,,2020,0,1
415.12,,76.73,,9.83,,2021,1,1
473.37,,70.09,,58.23,,2022,1,1
398.26,,82.52,,33.36,,2023,1,0
415.54,,56.03,,79.71,,2020,0,0
362.36,,63.04,,28.26,,2018,1,0
305.09,,84.86,,61.68,,2023,0,0
342.39,,67.64,,16.41,,2019,0,1
379.5,,50.54,,38.71,,2020,3,0
383.34,,86.53,,42.84,,2024,1,1
485.95,,82.77,,59.81,,2018,0,0
384.47,,79.11,,67.49,,2023,1,1
444.84,,72.94,,13.59,,2020,1,1
356.07,,88.61,,20.42,,2024,5,1
362.86,,84.59,,9.75,,2022,0,0
306.9,,87.48,,57.86,,2022,2,1
339.17,,78.96,,13.26,,2022,0,1
408.98,,73.23,,20.83,,2023,3,1
380.42,,68.01,,68.24,,2024,0,1
431.86,,59.31,,17.44,,2018,1,1
389.97,,77.02,,14.47,,2018,0,0
360.62,,77.85,,44.23,,2021,1,0
498.16,,68.5,,155.57,,2023,2,0
374.84,,78.14,,8.0,,2020,1,1
443.97,,68.68,,75.62,,2022,2,0
357.93,,80.67,,8.0,,2022,4,0
419.03,,63.18,,17.76,,2021,0,1
431.04,,61.45,,22.64,,2022,1,0
391.47,,69.59,,53.28,,2023,2,0
250.5,,80.29,,109.68,,2020,1,1
381.0,,60.41,,8.0,,2021,1,1
447.68,,82.5,,57.36,,2022,3,1
409.01,,55.57,,16.34,,2024,4,1
404.52,,69.53,,97.52,,2020,3,0
285.28,,57.87,,13.69,,2022,0,1
340.37,,45.9,,49.72,,2024,2,0
402.62,,75.66,,8.0,,2019,2,1
402.57,,70.22,,133.09,,2023,1,0
446.81,,58.03,,8.0,,2020,0,0
372.03,,66.83,,11.13,,2020,1,1
402.32,,76.42,,47.33,,2020,1,0
380.9,,68.32,,80.68,,2022,1,0
325.72,,70.01,,211.88,,2023,0,1
255.93,,68.02,,8.0,,2020,0,1
403.71,,66.18,,15.41,,2019,3,0
389.57,,66.05,,93.42,,2022,0,1
346.0,,65.75,,8.0,,2019,0,0
290.95,,64.47,,55.51,,2022,1,0
414.64,,61.83,,23.1,,2023,0,0
365.37,,68.2,,49.03,,2024,5,1
410.63,,65.6,,31.26,,2020,0,0
,299.83,61.28,,41.43,,2022,1,0
262.22,,79.66,,46.14,,2021,0,0
341.52,,84.33,,41.9,,2020,0,1
368.48,,72.0,,45.88,,2022,0,1
460.02,,72.66,,35.29,,2020,0,0
290.0,,65.07,,52.56,,2018,2,0
486.47,,82.67,,62.84,,2020,3,0
387.47,,89.38,,65.14,,2021,2,0
374.72,,70.36,,80.67,,2018,2,1
369.11,,66.79,,15.98,,2024,1,0
356.01,,75.41,,57.52,,2022,1,0
437.65,,73.29,,123.11,,2018,2,1
321.23,,67.0,,19.24,,2020,1,0
399.0,,76.71,,63.15,,2023,1,0
358.87,,81.38,,14.47,,2018,1,0
338.08,,64.14,,8.11,,2021,3,0
522.23,,97.42,,24.84,,2019,1,1
403.05,,56.67,,68.99,,2021,0,1
413.73,,63.48,,15.41,,2024,1,1
442.58,,74.34,,14.68,,2022,0,0
301.83,,94.47,,13.66,,2023,3,1
476.38,,66.37,,10.33,,2022,0,1
242.01,,61.34,,39.67,,2021,0,1
337.72,,77.49,,11.71,,2023,3,0
354.75,,69.51,,114.74,,2023,1,0
411.99,,78.65,,17.83,,2023,1,0
392.03,,71.29,,32.83,,2018,1,0
370.83,,63.43,,22.1,,2023,0,0
379.34,,95.49,,138.15,,2023,2,1
326.21,,42.46,,23.17,,2019,2,0
297.65,,90.2,,34.84,,2020,0,0
419.96,,81.33,,60.54,,2022,1,0
418.15,,64.54,,8.0,,2021,3,0
467.15,,90.72,,8.0,,2022,0,0
336.55,,58.29,,25.49,,2023,1,0
418.1,,82.08,,33.6,,2022,1,0
364.4,,51.17,,14.21,,2022,2,0
445.48,,60.54,,26.08,,2021,2,0
436.21,,60.52,,40.11,,2023,3,1
391.62,,64.49,,152.13,,2024,2,1
361.33,,72.12,,38.67,,2021,0,0
432.85,,63.74,,25.02,,2023,2,1
415.58,,51.64,,8.0,,2022,3,0
342.36,,76.63,,15.62,,2019,0,0
306.97,,72.49,,18.64,,2024,1,0
364.13,,76.09,,27.22,,2023,0,0
463.35,,73.72,,64.01,,2024,0,0
443.06,,81.54,,62.82,,2023,0,0
318.82,,71.25,,78.38,,2019,2,0
315.77,,82.13,,14.38,,2022,3,1
450.11,,64.24,,17.86,,2023,2,0
317.54,,64.81,,8.0,,2021,1,1
408.01,,85.76,,81.81,,2023,0,1
346.12,,85.56,,44.36,,2022,3,0
468.94,,77.74,,8.0,,2018,0,1
337.63,,63.11,,15.2,,2024,0,1
442.88,,62.3,,8.0,,2022,1,1
390.17,,85.28,,146.21,,2022,1,0
393.87,,84.73,,16.48,,2020,1,0
271.63,,71.36,,28.82,,2024,0,1
258.84,,95.42,,16.07,,2022,3,0
367.87,,76.59,,27.01,,2019,0,1
393.58,,60.93,,240.0,,2023,1,0
318.11,,69.24,,14.23,,2022,2,0
320.12,,72.05,,13.95,,2021,1,1
410.88,,72.86,,19.5,,2024,0,0
410.96,,84.5,,8.0,,2024,1,0
372.42,,62.44,,56.41,,2018,0,0
422.91,,58.68,,20.03,,2023,0,0
315.42,,78.02,,36.52,,2020,1,1
360.42,,66.93,,45.47,,2018,0,1
470.63,,96.24,,8.0,,2020,3,0
383.76,,81.43,,43.38,,2018,0,0
386.95,,66.75,,31.96,,2023,0,0
506.83,,84.13,,8.0,,2023,0,1
303.04,,79.3,,8.0,,2020,2,1
423.8,,78.34,,24.41,,2020,1,0
471.52,,70.78,,17.85,,2020,2,1
362.13,,76.2,,24.16,,2022,3,0
427.28,,50.97,,42.39,,2022,2,0
325.99,,85.17,,8.0,,2018,3,0
342.23,,37.64,,45.61,,2021,1,1
401.17,,67.58,,71.59,,2019,1,1
423.92,,56.04,,8.0,,2022,1,1
441.65,,66.99,,19.3,,2022,1,1
466.33,,71.26,,13.52,,2022,1,1
376.29,,60.03,,23.76,,2023,1,0
445.65,,44.26,,40.12,,2022,1,0
361.17,,74.07,,8.72,,2022,1,1
429.62,,92.86,,8.0,,2023,1,0
391.41,,68.49,,54.81,,2021,2,1
404.51,,81.59,,48.62,,2024,1,0
403.29,,87.04,,25.95,,2021,2,0
291.74,,53.0,,29.22,,2024,0,1
318.17,,67.43,,13.21,,2024,1,0
385.64,,59.24,,16.77,,2024,0,0
287.2,,63.94,,16.2,,2020,1,0
425.72,,89.02,,54.43,,2020,5,0
427.94,,74.24,,34.07,,2024,0,0
397.99,,79.89,,54.91,,2024,1,1
318.34,,71.56,,37.52,,2023,0,1
455.91,,59.89,,33.13,,2023,1,0
492.05,,78.78,,16.23,,2024,2,0
388.09,,84.53,,21.14,,2018,2,0
408.08,,75.17,,91.72,,2024,3,0
391.1,,76.89,,36.03,,2021,1,0
409.17,,59.65,,31.22,,2019,4,0
373.42,,79.07,,8.0,,2023,1,1
378.1,,85.46,,46.68,,2023,1,0
429.81,,76.05,,48.65,,2023,1,0
509.01,,54.03,,49.28,,2021,0,1
303.0,,88.36,,8.0,,2019,3,1
374.29,,62.55,,15.01,,2023,1,0
315.07,,75.88,,19.49,,2018,3,0
467.56,,81.53,,73.57,,2023,2,0
347.67,,82.8,,165.74,,2024,2,1
300.62,,54.0,,22.5,,2024,1,0
415.1,,73.17,,33.94,,2021,2,0
475.94,,72.51,,8.0,,2019,1,0
416.5,,86.39,,8.0,,2019,2,1
391.26,,76.59,,8.0,,2022,1,1
402.5,,86.48,,53.38,,2023,4,0
457.82,,77.4,,8.24,,2018,4,1
331.92,,71.26,,59.56,,2020,1,0
373.85,,73.94,,23.75,,2022,1,1
355.1,,87.24,,79.67,,2019,1,0
315.77,,59.03,,85.79,,2024,2,1
361.94,,81.06,,88.99,,2022,0,1
440.92,,65.72,,32.94,,2021,1,0
411.16,,63.58,,65.25,,2018,0,0
415.44,,82.23,,45.55,,2019,0,0
388.06,,63.17,,8.68,,2024,2,0
408.78,,75.77,,20.18,,2023,1,0
335.97,,67.11,,137.75,,2018,0,1
362.98,,48.43,,62.2,,2024,0,1
390.56,,76.78,,12.82,,2021,1,1
395.26,,73.26,,13.85,,2023,1,0
397.61,,52.9,,12.32,,2023,1,0
372.39,,65.01,,16.75,,2024,1,0
359.24,,53.93,,110.69,,2024,0,1
553.68,,79.32,,23.87,,2022,0,0
429.87,,85.88,,19.02,,2020,4,0
402.72,,80.49,,11.48,,2024,3,0
367.17,,81.89,,93.64,,2024,0,0
355.18,,66.82,,132.52,,2023,2,0
372.81,,77.47,,16.42,,2024,1,1
396.11,,71.91,,40.27,,2022,0,1
276.58,,73.85,,133.58,,2020,1,0
293.68,,81.57,,29.07,,2021,1,0
344.97,,83.75,,26.56,,2022,2,0
391.39,,68.1,,31.51,,2022,2,0
366.84,,57.92,,8.0,,2024,1,0
461.3,,70.13,,14.99,,2024,1,0
298.47,,69.81,,50.43,,2021,3,1
338.68,,74.85,,142.93,,2024,1,0
463.61,,80.33,,35.32,,2024,1,0
387.21,,52.85,,8.87,,2022,2,1
428.67,,65.29,,23.37,,2024,1,0
492.82,,62.36,,28.28,,2019,2,0
341.84,,84.51,,8.0,,2022,4,0
374.54,,69.92,,16.78,,2023,0,1
365.02,,66.87,,24.73,,2021,1,1
272.5,,77.38,,12.75,,2018,1,0
362.93,,66.07,,18.34,,2019,3,0
428.46,,71.85,,13.58,,2024,3,0
409.73,,90.14,,39.85,,2022,3,1
414.05,,89.86,,36.3,,2020,2,0
359.35,,67.93,,33.7,,2024,0,0
343.91,,70.18,,8.0,,2024,1,0
449.81,,65.81,,8.52,,2021,3,0
352.65,,52.74,,8.0,,2022,2,0
396.17,,82.36,,8.0,,2021,0,1
388.98,,96.21,,11.91,,2023,0,0
460.39,,67.57,,9.09,,2024,2,1
433.43,,63.83,,54.22,,2018,0,1
308.76,,69.27,,49.99,,2022,2,0
314.68,,72.85,,9.44,,2023,0,1
411.84,,60.64,,8.0,,2023,1,0
376.46,,67.42,,8.0,,2020,1,0
354.97,,82.15,,16.2,,2021,0,0
435.86,,73.27,,14.63,,2022,0,0
390.31,,84.7,,8.0,,2023,2,0
382.89,,75.65,,35.24,,2022,0,0
422.89,,61.11,,95.89,,2021,1,0
359.37,,66.24,,32.51,,2022,0,0
466.27,,74.48,,8.0,,2024,1,0
336.66,,60.77,,38.44,,2018,2,0
416.13,,59.48,,27.87,,2021,2,0
458.86,,60.08,,99.72,,2020,0,0
304.25,,77.16,,18.96,,2022,0,0
361.12,,68.34,,58.56,,2022,4,1
442.82,,83.82,,8.0,,2020,0,0
443.65,,63.04,,53.69,,2022,2,0
370.57,,47.43,,8.0,,2024,0,0
339.59,,70.69,,17.75,,2023,2,0
432.58,,88.48,,124.24,,2023,1,1
445.1,,72.35,,51.02,,2024,2,0
315.94,,58.28,,108.8,,2022,3,1
313.78,,55.76,,28.77,,2024,1,0
392.39,,83.98,,39.14,,2021,0,0
414.61,,63.93,,30.63,,2020,2,0
363.55,,87.42,,27.37,,2024,1,0
417.36,,78.54,,36.26,,2022,3,0
340.94,,64.3,,8.0,,2021,0,0
263.69,,83.67,,8.63,,2020,2,1
356.69,,62.76,,10.15,,2024,3,1
383.48,,57.53,,20.27,,2022,0,1
364.83,,63.33,,23.95,,2023,1,1
316.28,,79.69,,56.53,,2022,1,0
280.14,,83.38,,8.0,,2020,1,0
351.73,,68.04,,35.44,,2021,1,0
429.37,,53.32,,13.35,,2019,1,0
449.09,,56.43,,30.45,,2021,1,0
445.32,,61.32,,41.38,,2024,1,0
335.12,,59.06,,36.68,,2022,4,0
316.55,,74.65,,10.19,,2018,1,0
407.31,,91.38,,51.91,,2023,2,1
414.93,,79.96,,44.55,,2023,1,0
402.01,,60.72,,112.91,,2023,2,0
269.23,,65.06,,42.23,,2023,1,1
332.32,,67.01,,53.51,,2018,2,0
378.37,,75.89,,69.98,,2021,2,0
406.8,,87.71,,8.0,,2021,4,0
422.2,,67.33,,50.06,,2018,0,0
387.93,,87.39,,16.11,,2019,3,1
398.19,,93.04,,72.76,,2022,0,0
384.67,,68.5,,27.48,,2024,2,0
417.71,,68.24,,36.5,,2024,2,0
397.21,,68.39,,12.67,,2023,1,0
383.62,,72.62,,44.16,,2020,2,1
365.24,,68.42,,8.0,,2024,1,0
384.47,,80.84,,57.99,,2024,1,0
406.65,,56.51,,8.0,,2022,0,0
394.71,,66.65,,10.85,,2022,1,0
400.95,,75.29,,8.0,,2021,0,0
453.85,,80.7,,15.78,,2024,1,0
394.58,,93.95,,20.64,,2021,0,0
344.31,,59.11,,11.2,,2019,2,1
428.6,,65.48,,10.99,,2022,1,0
304.86,,49.34,,93.86,,2020,1,0
320.52,,60.9,,16.6,,2022,0,0
398.47,,54.31,,53.81,,2022,1,0
408.4,,66.79,,11.38,,2024,3,1
311.52,,69.72,,69.54,,2023,2,0
358.95,,76.69,,47.56,,2023,0,0
346.67,,69.01,,59.28,,2022,0,0
353.23,,76.7,,24.32,,2019,4,1
431.9,,73.14,,88.9,,2024,3,0
418.86,,61.67,,19.67,,2023,3,0
378.95,,55.14,,38.58,,2023,0,1
349.97,,77.84,,42.92,,2024,1,1
305.77,,88.47,,127.76,,2024,2,1
458.11,,97.35,,8.0,,2024,0,0
412.57,,81.35,,8.0,,2021,3,0
341.13,,86.58,,26.04,,2024,2,1
419.58,,76.61,,104.98,,2024,3,0
376.14,,75.02,,8.0,,2023,2,0
364.21,,73.11,,13.58,,2023,3,0
403.94,,70.94,,14.01,,2024,1,0
339.22,,78.07,,15.28,,2021,0,0
361.09,,66.79,,8.0,,2020,1,1
386.68,,70.53,,73.35,,2022,1,0
352.53,,60.22,,8.0,,2024,0,0
416.8,,76.75,,27.28,,2019,4,1
482.8,,62.41,,8.0,,2022,0,1
338.51,,72.34,,67.31,,2023,2,1
288.42,,77.0,,57.65,,2023,2,0
269.9,,77.86,,53.69,,2024,2,1
371.72,,79.72,,55.98,,2021,0,0
343.53,,69.87,,118.33,,2020,0,0
391.43,,76.86,,22.65,,2024,1,0
387.29,,67.13,,83.05,,2024,2,0
291.82,,52.29,,8.55,,2020,2,1
280.18,,77.3,,25.21,,2022,1,1
396.28,,74.98,,8.0,,2022,1,0
387.45,,82.13,,14.04,,2022,2,0
356.58,,71.75,,25.74,,2024,0,0
,179.49,55.97,,100.8,,2023,1,0
405.93,,71.08,,16.01,,2022,1,0
449.95,,80.87,,46.87,,2021,2,0
395.29,,76.76,,75.41,,2018,1,1
333.39,,70.53,,16.6,,2024,2,0
382.45,,55.36,,8.0,,2023,0,1
304.86,,61.74,,37.57,,2019,2,1
438.19,,76.77,,14.05,,2021,1,1
384.5,,55.35,,44.39,,2023,1,1
282.75,,68.82,,8.0,,2020,2,0
363.46,,72.38,,8.0,,2019,0,0
405.48,,83.5,,47.32,,2022,2,0
361.68,,78.14,,152.58,,2021,0,0
364.83,,81.63,,11.91,,2024,0,1
312.66,,75.02,,52.56,,2024,2,1
411.16,,63.55,,31.89,,2022,0,1
344.33,,65.86,,77.99,,2023,0,1
261.4,,62.67,,20.68,,2024,1,1
359.58,,77.91,,149.75,,2020,1,0
433.96,,65.06,,8.0,,2024,1,1
358.72,,68.06,,175.41,,2022,1,1
475.59,,72.22,,78.64,,2020,1,1
403.59,,88.41,,84.56,,2021,0,0
398.63,,78.57,,77.6,,2023,1,0
372.94,,64.27,,83.14,,2024,1,0
376.24,,73.52,,70.91,,2019,2,0
365.51,,88.51,,96.51,,2023,2,0
363.38,,78.15,,25.94,,2021,1,1
409.2,,56.02,,117.67,,2021,0,1
328.53,,62.85,,20.42,,2020,2,1
320.83,,62.08,,54.76,,2024,1,1
318.22,,86.41,,52.04,,2021,2,1
492.51,,84.56,,72.23,,2022,0,0
409.17,,65.75,,56.32,,2020,2,0
396.75,,65.53,,8.0,,2023,3,0
321.84,,72.45,,56.44,,2022,1,1
414.28,,72.75,,8.0,,2020,1,1
373.59,,62.38,,32.0,,2021,0,0
391.78,,69.51,,76.69,,2021,0,0
326.29,,57.46,,74.32,,2019,1,1
388.81,,84.72,,77.31,,2019,2,0
356.69,,54.4,,38.74,,2024,1,0
337.89,,54.29,,8.53,,2024,0,0
420.38,,76.35,,29.79,,2022,0,0
295.43,,59.63,,30.5,,2020,3,0
411.06,,66.99,,16.49,,2020,0,0
417.65,,72.63,,23.18,,2022,1,1
331.62,,78.75,,86.4,,2021,1,1
334.88,,69.79,,30.65,,2023,1,0
367.73,,89.79,,51.24,,2022,0,0
395.51,,72.0,,28.76,,2024,1,0
371.59,,83.91,,40.36,,2021,1,1
403.85,,74.79,,8.0,,2018,2,0
476.96,,93.31,,112.53,,2023,1,0
352.08,,82.58,,24.05,,2024,0,1
285.67,,72.43,,57.94,,2024,0,0
425.43,,78.29,,46.2,,2018,1,0
472.58,,69.39,,67.44,,2022,2,0
401.6,,69.29,,8.0,,2022,1,0
320.17,,58.97,,115.03,,2023,2,0
373.19,,63.92,,74.36,,2021,0,1
318.48,,92.61,,75.36,,2020,3,0
415.36,,59.96,,26.44,,2021,2,0
305.68,,65.45,,66.83,,2020,2,0
363.49,,71.06,,35.96,,2018,1,1
324.76,,71.4,,29.41,,2023,1,0
386.98,,75.84,,64.54,,2023,0,0
359.85,,67.31,,41.51,,2024,1,1
389.72,,76.45,,8.0,,2023,0,1
381.23,,83.42,,15.86,,2023,2,1
325.73,,84.67,,40.87,,2020,0,0
414.48,,69.32,,98.34,,2023,0,1
377.32,,78.11,,113.53,,2024,0,1
325.63,,60.54,,76.68,,2022,0,1
503.25,,64.78,,12.32,,2022,4,0
406.2,,60.26,,26.93,,2023,1,0
371.57,,71.54,,23.86,,2022,3,1
457.84,,63.41,,24.25,,2023,0,1
481.3,,56.79,,8.0,,2020,3,0
372.01,,68.14,,8.01,,2022,1,0
399.11,,54.71,,8.0,,2018,3,0
325.66,,85.27,,40.34,,2020,0,1
371.9,,66.42,,22.29,,2024,1,1
369.05,,81.85,,16.47,,2022,2,0
390.17,,67.08,,24.65,,2022,2,1
398.3,,60.05,,16.46,,2022,3,0
410.79,,83.76,,59.5,,2018,1,1
393.07,,72.89,,8.0,,2022,1,0
313.41,,90.87,,8.0,,2020,1,0
328.38,,67.33,,44.18,,2024,0,0
349.95,,67.55,,11.01,,2022,1,0
364.48,,82.05,,43.3,,2020,0,1
437.79,,82.12,,8.0,,2022,3,0
316.04,,73.53,,11.92,,2021,0,0
360.34,,105.35,,8.0,,2022,1,1
432.42,,69.19,,14.42,,2023,4,1
363.51,,59.31,,16.75,,2022,1,0
405.32,,61.97,,28.71,,2024,0,1
372.33,,69.25,,30.84,,2021,1,0
394.12,,87.19,,41.77,,2021,0,0
367.43,,70.14,,16.92,,2023,0,0
416.69,,87.66,,31.89,,2023,3,0
295.02,,76.34,,193.91,,2024,1,0
360.02,,82.83,,9.93,,2023,2,0
396.31,,75.87,,8.0,,2022,1,1
409.35,,75.79,,77.65,,2022,1,1
462.11,,79.53,,22.19,,2021,0,1
358.49,,66.33,,78.82,,2021,1,0
461.37,,66.44,,23.22,,2021,0,1
343.75,,75.5,,8.0,,2022,1,0
453.08,,91.41,,19.73,,2024,1,0
424.96,,56.59,,39.56,,2023,1,0
329.76,,51.71,,24.92,,2022,0,0
396.89,,69.36,,25.83,,2019,2,1
377.18,,82.31,,240.0,,2020,1,1
414.41,,72.51,,32.99,,2024,1,0
367.72,,60.31,,50.14,,2021,2,0
363.1,,72.79,,,0.894,2024,1,0
455.3,,54.67,,8.0,,2020,1,0
374.57,,78.29,,33.77,,2022,1,0
425.45,,68.91,,138.53,,2024,3,0
367.61,,71.18,,58.36,,2022,1,0
471.67,,76.27,,17.48,,2020,0,1
342.69,,74.06,,19.05,,2020,1,0
346.22,,66.59,,15.2,,2020,1,1
463.85,,82.34,,41.78,,2018,2,0
355.53,,79.97,,8.0,,2023,3,0
468.06,,54.26,,14.38,,2023,0,1
429.05,,69.7,,28.96,,2024,1,0
371.49,,61.2,,32.18,,2019,4,0
280.27,,59.32,,39.27,,2024,1,0
378.94,,77.35,,67.02,,2023,2,0
385.59,,67.81,,8.0,,2019,3,0
444.2,,70.57,,10.71,,2019,2,0
467.36,,65.3,,86.44,,2022,2,1
342.33,,75.7,,74.71,,2020,3,1
424.06,,78.78,,72.39,,2020,0,1
422.1,,93.7,,9.83,,2018,1,0
439.04,,70.19,,8.0,,2022,2,1
407.43,,57.52,,31.13,,2019,0,0
273.16,,66.96,,85.7,,2019,2,0
371.45,,80.47,,11.39,,2020,0,0
316.44,,64.27,,98.51,,2018,4,0
368.86,,57.18,,8.0,,2019,0,0
433.9,,64.48,,14.87,,2022,1,0
396.78,,66.67,,14.88,,2021,0,0
443.14,,61.17,,8.0,,2019,1,1
398.8,,74.17,,86.6,,2020,1,1
308.59,,71.21,,22.35,,2018,3,0
241.35,,79.9,,8.88,,2023,0,1
388.18,,67.54,,8.0,,2022,1,0
368.23,,77.58,,22.94,,2022,1,1
326.27,,67.08,,8.0,,2024,1,0
286.47,,60.7,,8.0,,2019,1,0
339.59,,66.57,,8.0,,2018,0,0
369.3,,55.82,,8.0,,2022,2,0
416.62,,89.88,,240.0,,2021,1,0
390.37,,73.42,,25.02,,2022,0,0
468.44,,64.05,,54.83,,2024,3,0
323.04,,68.22,,56.11,,2022,2,0
428.46,,47.5,,89.19,,2020,0,0
382.6,,86.34,,8.0,,2023,1,0
418.21,,85.37,,31.33,,2021,2,0
355.99,,73.08,,16.3,,2023,2,0
438.94,,75.19,,33.4,,2020,3,1
396.24,,59.32,,16.95,,2021,3,0
342.63,,60.05,,8.52,,2018,1,0
379.34,,55.03,,46.93,,2020,1,0
366.82,,70.39,,8.0,,2023,1,1
406.9,,82.61,,94.81,,2021,1,0
315.11,,68.17,,8.0,,2020,1,0
378.39,,75.48,,40.11,,2019,0,0
401.74,,81.79,,58.94,,2023,0,0
381.82,,55.76,,8.0,,2019,0,1
454.08,,90.46,,98.12,,2023,3,0
422.57,,83.57,,18.49,,2021,0,0
379.59,,77.14,,240.0,,2021,0,0
391.92,,81.24,,8.0,,2023,2,0
396.26,,81.71,,52.98,,2022,0,0
402.18,,74.93,,8.0,,2024,1,0
279.59,,86.28,,21.64,,2019,0,0
363.42,,67.47,,24.59,,2024,1,0
298.36,,76.62,,21.89,,2022,1,1
450.31,,85.22,,17.3,,2024,0,0
376.65,,45.09,,61.22,,2023,0,1
369.37,,76.38,,72.0,,2023,1,0
429.32,,79.25,,17.17,,2023,1,0
403.23,,54.92,,27.68,,2018,1,0
317.93,,74.82,,23.01,,2024,4,0
376.1,,64.06,,37.81,,2023,2,1
361.57,,75.97,,,0.133,2024,0,0
284.05,,71.05,,68.81,,2020,5,1
342.03,,62.54,,66.97,,2024,2,0
369.91,,83.1,,37.49,,2024,4,1
373.68,,67.82,,57.58,,2020,0,0
298.48,,74.7,,187.57,,2019,2,0
443.34,,85.14,,107.42,,2023,1,1
374.38,,62.83,,39.7,,2023,1,1
382.07,,72.08,,30.08,,2023,1,0
402.04,,67.05,,32.12,,2024,3,1
336.66,,69.28,,26.4,,2022,1,0
405.1,,93.56,,27.48,,2021,1,1
359.81,,76.57,,55.31,,2024,0,1
330.69,,75.14,,203.43,,2022,0,0
411.54,,77.24,,8.0,,2022,3,0
462.04,,76.3,,10.99,,2022,1,0
419.87,,53.74,,9.91,,2024,2,0
430.76,,94.97,,75.13,,2024,1,1
351.37,,57.36,,22.86,,2020,2,0
292.13,,89.33,,31.28,,2019,0,1
461.96,,78.18,,26.6,,2021,0,0
493.0,,73.81,,80.72,,2024,3,0
464.85,,68.95,,29.09,,2022,3,1
361.53,,98.05,,46.29,,2018,0,0
316.5,,78.04,,8.0,,2022,1,0
321.39,,72.18,,44.39,,2022,3,0
287.39,,66.65,,11.58,,2019,0,0
374.09,,65.45,,84.69,,2020,0,1
468.31,,72.51,,58.49,,2019,1,1
372.21,,62.69,,8.0,,2022,2,1
396.63,,78.8,,8.0,,2022,1,1
455.66,,65.54,,14.56,,2022,1,0
357.77,,82.05,,8.0,,2022,1,0
491.95,,81.83,,56.63,,2022,2,0
489.57,,71.45,,181.81,,2023,1,0
372.79,,77.8,,44.73,,2024,0,0
348.24,,78.3,,12.03,,2022,1,0
418.35,,57.38,,34.89,,2021,0,1
360.89,,89.32,,68.8,,2024,1,0
316.39,,69.44,,137.58,,2019,1,1
450.47,,78.96,,8.0,,2021,2,1
446.9,,79.24,,31.15,,2024,2,0
388.55,,47.1,,25.36,,2024,3,0
310.54,,65.43,,22.48,,2023,0,0
312.38,,80.4,,29.44,,2018,2,0
385.9,,72.62,,21.7,,2022,1,0
352.51,,78.89,,17.71,,2024,1,0
361.24,,72.92,,8.0,,2024,2,1
436.21,,84.29,,29.1,,2024,0,0
420.32,,73.14,,72.27,,2021,3,0
455.8,,86.24,,8.0,,2024,1,1
325.52,,62.2,,56.33,,2023,1,1
361.12,,70.72,,13.09,,2024,2,0
421.74,,66.07,,20.16,,2023,0,0
404.64,,75.89,,186.06,,2021,0,0
464.28,,69.21,,47.23,,2023,0,0
403.13,,69.7,,53.33,,2021,1,1
481.65,,64.95,,38.74,,2018,1,0
409.7,,67.39,,16.34,,2024,0,0
438.42,,71.9,,47.22,,2024,1,0
362.21,,51.79,,25.67,,2023,1,0
380.79,,48.98,,74.94,,2020,1,0
430.1,,72.59,,35.55,,2020,0,1
468.71,,44.31,,61.95,,2020,0,0
420.11,,70.07,,79.26,,2022,1,0
375.43,,68.23,,72.28,,2021,2,1
455.75,,77.42,,21.6,,2024,1,0
259.44,,65.28,,19.32,,2022,2,0
301.78,,87.7,,85.39,,2022,0,0
417.49,,80.48,,8.0,,2024,2,0
380.78,,56.88,,13.76,,2019,0,0
413.3,,69.16,,8.0,,2024,0,0
383.54,,87.27,,8.0,,2024,0,0
411.4,,65.02,,40.18,,2023,0,0
335.21,,71.47,,97.04,,2019,0,0
411.38,,86.04,,8.0,,2019,1,0
434.69,,66.59,,66.7,,2020,0,1
447.13,,83.23,,20.03,,2021,1,1
490.75,,62.9,,40.43,,2023,1,1
393.43,,43.12,,60.6,,2019,0,1
395.07,,84.29,,52.0,,2020,2,1
296.23,,76.39,,8.0,,2020,4,0
350.77,,77.05,,8.0,,2023,0,0
369.38,,61.07,,108.34,,2021,1,0
437.77,,61.87,,8.0,,2021,1,0
346.39,,83.5,,10.35,,2018,0,1
423.8,,74.43,,24.23,,2019,0,1
379.91,,70.83,,72.26,,2022,1,0
370.26,,74.21,,38.76,,2023,3,0
393.69,,87.09,,35.56,,2023,3,0
358.49,,79.24,,49.46,,2022,0,0
356.4,,67.25,,68.05,,2021,2,0
286.24,,57.97,,11.12,,2021,0,0
366.36,,77.88,,8.0,,2023,0,1
353.6,,62.76,,8.0,,2022,3,0
351.62,,60.18,,8.0,,2020,4,0
402.93,,85.16,,8.0,,2018,0,1
416.22,,80.72,,57.81,,2021,0,1
392.77,,75.86,,90.81,,2023,2,0
434.75,,59.62,,52.08,,2023,0,1
411.66,,89.89,,8.78,,2019,0,1
363.77,,82.29,,39.17,,2022,1,1
354.54,,68.96,,30.88,,2020,3,1
397.21,,66.85,,72.01,,2022,1,0
411.56,,72.78,,119.8,,2019,1,0
456.88,,67.22,,57.05,,2023,2,0
445.51,,94.12,,30.18,,2022,1,0
350.22,,68.14,,30.05,,2021,1,0
374.39,,61.32,,69.26,,2024,1,0
416.91,,87.88,,8.0,,2022,1,0
438.74,,66.31,,8.0,,2021,1,0
431.64,,79.86,,17.68,,2021,4,0
376.49,,78.75,,57.75,,2024,2,0
311.03,,71.41,,8.0,,2020,0,0
325.06,,62.27,,17.73,,2020,1,0
394.99,,71.52,,16.11,,2022,0,1
398.82,,60.3,,27.93,,2021,1,0
319.57,,71.76,,26.17,,2021,1,0
382.45,,79.73,,52.63,,2022,1,0
414.72,,89.18,,41.26,,2024,1,1
316.68,,61.12,,97.89,,2024,5,0
440.77,,69.5,,8.37,,2023,1,1
359.24,,66.75,,23.76,,2022,0,0
449.17,,74.74,,21.46,,2018,1,0
350.66,,56.78,,8.0,,2022,1,1
323.54,,62.71,,8.0,,2024,0,1
354.8,,55.08,,17.24,,2024,1,1
374.77,,57.62,,55.75,,2020,1,1
358.63,,65.4,,8.0,,2024,2,0
368.12,,88.71,,12.95,,2020,1,1
398.37,,75.48,,47.39,,2019,0,1
370.59,,72.65,,38.13,,2021,1,0
376.36,,85.47,,8.0,,2020,1,1
285.99,,75.84,,120.84,,2020,0,0
401.54,,76.78,,8.0,,2021,0,1
375.09,,67.27,,8.0,,2022,2,0
468.57,,65.63,,15.24,,2023,1,0
328.32,,58.89,,8.0,,2022,1,1
280.54,,65.99,,8.0,,2021,1,0
413.99,,69.19,,36.31,,2024,0,0
399.06,,75.45,,93.85,,2021,1,0
324.54,,71.63,,21.63,,2022,1,0
295.86,,68.35,,15.11,,2022,1,0
464.56,,62.88,,103.35,,2018,1,0
457.78,,75.99,,8.0,,2022,1,0
243.19,,67.02,,26.93,,2021,4,0
354.8,,75.54,,12.23,,2019,1,0
471.53,,52.87,,20.19,,2024,1,0
353.82,,75.36,,22.22,,2023,0,0
353.02,,79.47,,33.09,,2021,0,1
364.45,,78.2,,25.36,,2021,1,0
318.35,,70.03,,185.93,,2024,0,0
286.24,,81.15,,8.0,,2020,1,0
437.89,,59.27,,59.53,,2024,0,0
278.64,,71.11,,8.0,,2019,1,0
393.6,,70.07,,23.69,,2024,0,0
428.76,,82.36,,9.47,,2022,0,0
300.18,,51.8,,122.05,,2023,0,1
329.17,,61.42,,53.84,,2019,4,1
446.72,,89.47,,26.1,,2022,0,0
409.31,,47.69,,127.75,,2022,3,0
346.05,,80.14,,53.66,,2022,6,1
446.12,,65.0,,127.48,,2023,2,1
446.36,,74.55,,51.21,,2021,4,0
394.8,,86.14,,8.0,,2022,0,0
330.49,,74.93,,40.23,,2021,1,0
357.26,,86.35,,165.05,,2023,0,0
395.75,,67.08,,10.12,,2024,0,1
369.63,,68.4,,66.1,,2019,0,0
431.64,,79.87,,8.57,,2021,1,0
295.86,,67.61,,25.28,,2020,3,1
297.82,,77.97,,8.0,,2024,0,1
389.95,,83.84,,17.49,,2022,1,1
352.97,,80.68,,62.88,,2020,0,0
345.51,,56.21,,8.0,,2021,0,1
282.76,,68.59,,16.21,,2022,2,1
381.08,,74.82,,41.73,,2023,0,1
377.1,,69.56,,124.63,,2020,2,0
415.94,,72.79,,11.82,,2022,1,0
383.79,,74.95,,8.0,,2024,0,1
372.71,,66.73,,9.57,,2023,0,0
444.74,,70.07,,11.35,,2019,2,0
307.81,,60.19,,42.71,,2024,0,1
409.5,,67.22,,240.0,,2021,0,1
288.09,,56.73,,31.14,,2022,3,1
333.89,,73.16,,13.3,,2023,1,0
313.3,,70.07,,57.72,,2022,0,0
423.01,,62.84,,8.0,,2022,4,0
376.4,,89.85,,8.0,,2022,1,1
379.26,,69.55,,39.04,,2021,2,0
319.13,,74.87,,9.92,,2022,5,0
363.52,,65.61,,21.4,,2021,0,0
338.01,,67.86,,11.04,,2022,0,0
401.09,,75.24,,105.08,,2020,3,0
325.49,,68.68,,17.32,,2019,1,1
453.14,,72.03,,25.04,,2023,0,0
287.84,,80.07,,11.24,,2019,0,0
335.64,,66.82,,8.0,,2024,1,0
472.25,,58.68,,30.18,,2021,1,0
356.07,,56.74,,85.28,,2020,0,1
307.68,,86.38,,18.2,,2022,1,1
392.05,,81.31,,63.78,,2020,1,0
353.85,,78.56,,8.0,,2024,0,1
334.03,,67.64,,11.28,,2020,0,0
319.73,,58.67,,8.0,,2022,3,0
532.26,,69.18,,21.66,,2020,1,1
366.16,,71.07,,94.39,,2018,2,1
274.09,,60.68,,19.64,,2023,0,0
462.15,,57.3,,38.83,,2022,0,1
413.61,,54.7,,95.94,,2019,0,0
337.84,,78.57,,18.73,,2024,3,0
328.68,,59.95,,19.12,,2021,1,1
417.04,,75.09,,8.0,,2022,1,1
366.42,,68.02,,18.03,,2022,2,1
274.07,,77.9,,57.58,,2020,0,1
478.3,,75.36,,78.2,,2022,1,0
356.13,,69.68,,53.88,,2020,1,0
462.26,,73.3,,8.0,,2024,2,1
450.31,,70.9,,8.0,,2024,0,0
324.94,,65.85,,55.15,,2022,0,0
436.83,,81.8,,119.88,,2022,2,0
344.17,,67.77,,49.92,,2024,1,0
277.33,,71.13,,10.77,,2023,3,0
356.65,,57.85,,8.0,,2019,2,0
401.87,,74.74,,88.02,,2020,1,0
354.55,,65.89,,8.0,,2022,1,1
363.11,,67.23,,8.0,,2021,3,1
442.9,,63.6,,38.14,,2024,2,1
385.86,,70.76,,8.85,,2023,1,0
333.62,,51.94,,10.85,,2024,1,0
418.61,,78.82,,8.0,,2018,1,0
390.87,,71.61,,121.31,,2022,3,0
241.31,,67.33,,8.0,,2022,1,0
403.56,,56.52,,112.5,,2022,0,0
401.55,,76.33,,16.58,,2024,2,1
381.11,,65.66,,72.39,,2022,1,1
429.04,,85.06,,125.82,,2023,1,1
343.02,,76.86,,30.76,,2023,1,0
398.51,,87.35,,61.76,,2022,1,1
293.82,,73.37,,12.99,,2023,3,1
402.39,,82.78,,20.28,,2020,0,1
487.42,,76.63,,33.82,,2020,3,0
325.28,,67.49,,79.81,,2024,2,1
338.21,,73.87,,40.72,,2021,2,1
340.95,,63.66,,8.0,,2021,0,1
387.15,,92.69,,15.27,,2021,1,0
321.53,,70.99,,84.1,,2023,0,1
403.17,,72.26,,11.54,,2024,1,0
426.58,,75.9,,19.27,,2024,0,1
409.39,,61.13,,20.73,,2022,1,1
282.74,,85.21,,8.0,,2024,1,0
434.73,,61.75,,18.08,,2022,1,0
431.56,,59.49,,71.42,,2019,2,0
425.66,,70.33,,79.43,,2020,0,0
400.51,,59.21,,36.52,,2020,1,1
392.11,,87.62,,47.69,,2024,1,0
436.78,,69.69,,32.12,,2024,3,0
485.79,,39.79,,8.0,,2020,1,0
327.58,,74.0,,50.11,,2022,1,0
439.3,,77.54,,238.12,,2024,2,0
375.26,,67.79,,10.86,,2024,1,1
372.87,,58.44,,169.08,,2022,2,0
295.49,,70.97,,240.0,,2022,0,0
364.34,,67.18,,8.0,,2024,1,1
325.15,,62.24,,109.43,,2018,2,0
354.49,,61.36,,47.27,,2024,3,0
319.6,,73.56,,26.38,,2019,1,1
355.31,,81.03,,17.75,,2024,3,1
357.66,,76.62,,41.74,,2019,2,0
385.32,,54.72,,77.71,,2024,2,1
291.19,,78.15,,8.0,,2018,0,0
300.5,,79.72,,32.2,,2024,1,0
399.91,,85.94,,44.12,,2019,1,1
336.14,,62.5,,8.0,,2019,3,0
439.1,,71.43,,92.35,,2024,1,0
392.39,,77.68,,127.35,,2023,2,1
413.37,,66.72,,39.82,,2024,1,0
457.59,,77.52,,8.0,,2022,0,0
362.97,,71.76,,113.16,,2019,2,0
348.4,,63.54,,68.66,,2020,1,1
427.94,,64.39,,8.0,,2024,1,1
408.02,,84.49,,36.35,,2021,2,1
369.7,,62.04,,8.0,,2023,1,0
456.53,,60.32,,8.0,,2023,2,0
368.33,,75.44,,8.98,,2022,1,0
381.8,,71.69,,21.19,,2024,1,0
381.17,,58.88,,87.8,,2023,2,0
328.6,,66.81,,8.0,,2023,1,1
384.27,,63.83,,49.08,,2024,0,0
456.82,,65.58,,140.27,,2020,0,0
404.47,,97.25,,43.05,,2021,2,0
381.71,,68.97,,71.01,,2023,0,0
371.1,,63.19,,97.46,,2024,2,0
398.2,,92.22,,52.69,,2022,0,1
421.24,,80.88,,45.29,,2024,3,0
413.51,,79.25,,8.0,,2024,3,0
361.75,,63.67,,30.73,,2024,1,1
397.86,,83.91,,26.6,,2020,0,1
406.4,,80.16,,31.06,,2021,2,0
324.6,,73.47,,23.79,,2021,5,1
389.25,,54.84,,99.56,,2019,2,0
261.13,,71.8,,92.34,,2023,2,0
406.54,,89.3,,8.0,,2022,1,0
416.32,,74.2,,31.97,,2023,1,0
421.12,,68.24,,134.73,,2023,2,1
358.27,,69.72,,38.34,,2018,0,0
397.0,,70.41,,67.95,,2018,1,1
458.32,,64.0,,19.63,,2021,2,0
457.76,,71.59,,19.89,,2023,1,0
378.4,,86.43,,16.55,,2022,1,0
387.66,,85.29,,8.0,,2024,3,0
441.1,,64.46,,108.71,,2021,4,1
297.46,,84.76,,18.07,,2019,0,0
362.23,,79.61,,19.21,,2019,3,0
453.46,,78.33,,59.86,,2020,1,0
433.64,,76.32,,31.43,,2020,1,0
400.31,,62.7,,18.88,,2021,1,1
297.18,,67.94,,90.34,,2022,2,1
377.25,,80.33,,73.3,,2020,2,1
347.55,,59.93,,158.07,,2022,1,0
398.21,,61.59,,43.03,,2022,0,1
335.49,,75.06,,49.2,,2021,2,1
323.59,,64.1,,16.48,,2022,2,0
266.43,,80.24,,8.0,,2021,0,0
447.2,,64.46,,8.0,,2024,0,0
358.01,,74.44,,43.61,,2019,1,0
388.64,,75.28,,8.0,,2023,4,0
379.88,,67.18,,99.59,,2021,1,0
321.29,,69.6,,51.11,,2020,4,1
310.75,,65.2,,10.77,,2024,0,0
324.71,,71.81,,13.75,,2022,0,0
340.23,,62.38,,51.99,,2022,0,0
400.16,,69.76,,72.99,,2022,2,0
336.24,,79.48,,76.82,,2022,0,0
476.06,,60.63,,38.59,,2023,0,0
436.49,,67.13,,8.0,,2023,2,0
424.46,,77.18,,71.64,,2023,1,0
373.42,,51.22,,65.88,,2022,0,0
463.29,,90.56,,75.77,,2023,0,0
368.01,,82.45,,8.0,,2023,4,0
378.28,,56.62,,48.43,,2023,2,0
389.35,,50.96,,135.45,,2020,0,1
418.6,,72.3,,12.42,,2023,3,1
415.03,,60.8,,52.98,,2023,0,1
353.87,,81.61,,12.59,,2019,1,0
350.69,,75.94,,15.41,,2023,1,1
415.19,,73.23,,27.89,,2024,1,0
419.34,,66.3,,94.64,,2022,0,0
358.37,,88.0,,8.0,,2020,1,0
292.7,,79.53,,191.94,,2023,2,0
368.6,,78.03,,62.11,,2020,1,1
414.29,,84.0,,18.73,,2022,1,0
479.3,,61.81,,18.36,,2023,0,1
314.11,,84.85,,27.71,,2022,1,1
356.54,,69.35,,87.5,,2021,2,0
358.58,,75.35,,8.0,,2024,1,0
454.57,,70.44,,33.37,,2020,2,1
378.08,,53.22,,8.0,,2018,1,1
330.1,,81.57,,8.0,,2024,0,1
410.73,,53.76,,49.28,,2018,0,1
357.74,,62.33,,11.21,,2022,1,0
312.66,,67.47,,8.0,,2022,1,0
330.9,,52.46,,8.0,,2021,1,0
475.37,,60.99,,9.83,,2021,1,0
401.13,,74.45,,61.69,,2023,1,0
385.93,,68.53,,41.19,,2021,1,1
366.26,,69.36,,55.8,,2019,2,0
396.07,,62.85,,19.39,,2022,0,0
395.41,,72.46,,8.0,,2023,0,1
396.07,,68.75,,68.72,,2021,0,1
386.32,,55.59,,8.0,,2020,1,0
427.78,,69.99,,20.26,,2021,2,0
381.27,,59.58,,12.78,,2022,1,0
326.21,,80.98,,14.77,,2019,2,0
346.32,,68.08,,38.68,,2020,1,0
271.15,,97.22,,8.0,,2024,1,1
491.47,,81.67,,24.8,,2020,1,0
427.45,,70.7,,42.76,,2019,3,1
334.35,,77.79,,85.34,,2022,3,1
364.5,,51.1,,19.49,,2019,1,0
344.97,,81.62,,16.12,,2018,3,1
464.84,,63.8,,19.26,,2018,2,1
301.91,,72.9,,29.18,,2021,0,0
386.3,,64.72,,15.77,,2019,2,0
374.03,,65.79,,12.11,,2020,2,0
425.48,,70.19,,19.76,,2023,0,1
374.28,,72.77,,63.18,,2021,2,0
283.3,,71.73,,12.24,,2022,1,0
366.19,,71.98,,78.2,,2022,0,1
326.53,,55.74,,14.1,,2024,2,0
384.38,,95.32,,38.81,,2023,2,0
458.88,,74.32,,148.66,,2024,0,0
284.33,,76.38,,127.35,,2022,1,1
335.99,,68.6,,23.95,,2023,2,0
349.6,,63.26,,8.0,,2023,1,0
359.01,,73.51,,97.83,,2023,1,1
420.71,,74.89,,8.0,,2023,0,0
370.46,,85.02,,107.99,,2021,0,1
402.87,,92.78,,55.4,,2019,1,0
345.58,,86.77,,114.31,,2024,2,1
392.65,,54.33,,45.98,,2019,2,0
422.78,,67.4,,223.49,,2023,1,0
339.72,,75.36,,26.43,,2024,1,0
422.97,,68.0,,16.8,,2020,0,0
382.88,,71.56,,20.99,,2023,0,0
437.5,,50.55,,18.11,,2024,2,1
368.92,,81.14,,21.51,,2022,1,0
400.97,,53.25,,90.91,,2022,3,1
377.77,,56.28,,37.66,,2021,1,0
374.71,,61.85,,54.33,,2022,1,0
394.24,,71.02,,14.26,,2023,1,1
409.52,,55.77,,192.88,,2024,1,0
311.27,,61.4,,13.84,,2024,4,1
458.85,,83.49,,8.0,,2022,2,0
277.72,,70.88,,63.25,,2023,0,0
342.34,,76.34,,76.73,,2023,0,0
374.82,,59.64,,21.02,,2020,2,0
402.68,,71.46,,32.71,,2022,0,0
466.69,,70.64,,22.46,,2023,1,0
277.79,,64.05,,14.62,,2019,1,1
352.08,,71.49,,70.5,,2024,0,0
263.02,,53.08,,59.42,,2022,0,1
381.74,,76.39,,27.9,,2022,2,1
394.94,,68.01,,25.54,,2024,3,1
467.49,,69.43,,8.34,,2020,4,1
386.63,,80.52,,42.59,,2018,1,1
437.42,,76.32,,108.06,,2021,0,0
412.11,,68.82,,53.29,,2020,0,0
356.06,,60.83,,29.64,,2024,0,1
302.51,,85.29,,8.0,,2022,1,0
395.13,,58.6,,111.86,,2022,1,0
297.93,,78.29,,15.47,,2023,1,1
451.24,,56.03,,14.98,,2021,1,0
371.09,,81.18,,26.63,,2022,3,0
445.73,,82.11,,23.55,,2020,0,0
353.59,,52.87,,137.74,,2019,1,0
394.79,,76.49,,8.0,,2022,1,1
391.51,,75.67,,49.07,,2024,0,0
377.52,,79.03,,8.0,,2022,1,1
356.2,,75.65,,13.62,,2022,1,0
401.59,,62.38,,53.79,,2024,0,1
329.06,,69.83,,68.45,,2021,0,0
313.48,,88.65,,26.58,,2022,1,1
448.36,,60.92,,65.42,,2020,3,1
419.99,,75.23,,114.88,,2024,2,1
383.62,,83.51,,115.31,,2018,1,1
471.58,,62.09,,17.61,,2022,1,0
365.27,,57.83,,15.72,,2021,0,1
452.75,,59.34,,54.44,,2021,1,0
389.66,,75.95,,44.59,,2020,1,1
323.64,,59.25,,20.92,,2021,2,1
481.64,,70.65,,10.91,,2024,1,1
434.49,,85.71,,40.47,,2023,2,1
373.34,,71.49,,23.63,,2024,3,1
419.99,,64.22,,8.0,,2020,1,0
357.8,,73.25,,42.82,,2024,2,1
425.6,,71.31,,50.24,,2022,2,0
248.49,,76.53,,19.02,,2024,2,0
323.91,,88.19,,74.91,,2022,1,1
433.86,,75.97,,8.0,,2022,0,0
366.27,,92.34,,28.77,,2024,2,1
391.41,,76.55,,131.51,,2021,0,1
305.93,,64.33,,8.87,,2023,3,0
481.63,,94.88,,8.0,,2022,3,0
445.48,,70.75,,19.99,,2023,2,0
368.96,,61.45,,13.11,,2021,1,0
357.74,,95.24,,10.52,,2022,2,1
436.63,,64.67,,125.69,,2021,3,1
489.04,,64.28,,17.76,,2024,1,0
432.46,,66.49,,8.0,,2024,3,0
499.45,,73.65,,96.62,,2023,0,1
329.27,,81.31,,24.98,,2024,1,1
334.93,,45.51,,55.93,,2021,2,1
314.61,,81.27,,19.23,,2020,1,1
404.3,,66.45,,114.91,,2023,2,1
389.66,,67.87,,14.25,,2023,1,0
371.64,,89.15,,45.65,,2021,1,0
424.51,,74.13,,73.05,,2024,2,0
447.78,,76.48,,11.41,,2021,1,1
296.09,,71.51,,67.91,,2024,1,0
347.17,,79.64,,66.0,,2019,1,1
425.11,,88.18,,139.88,,2021,2,0
354.27,,47.25,,107.58,,2023,3,1
336.1,,82.85,,20.66,,2020,0,0
436.02,,87.47,,37.5,,2024,0,1
309.08,,77.01,,108.96,,2022,0,0
363.41,,65.23,,8.0,,2023,0,0
398.08,,60.48,,41.46,,2022,2,1
348.44,,95.62,,10.19,,2022,2,0
423.07,,62.95,,56.38,,2024,0,1
348.71,,87.18,,66.86,,2018,0,0
457.47,,75.91,,52.42,,2022,2,0
373.08,,92.46,,232.73,,2024,0,1
416.92,,68.82,,27.4,,2019,1,0
421.03,,55.92,,34.61,,2020,0,0
345.49,,72.02,,22.09,,2024,0,0
267.06,,57.14,,153.26,,2024,1,1
399.84,,98.77,,107.55,,2021,3,0
383.98,,78.29,,181.24,,2023,0,0
410.57,,79.78,,176.08,,2023,2,0
367.54,,79.79,,94.84,,2022,1,1
356.33,,65.06,,112.22,,2024,1,1
490.47,,70.68,,8.0,,2023,1,0
299.02,,73.1,,8.0,,2019,1,0
420.37,,91.44,,90.91,,2024,4,0
348.4,,60.43,,54.5,,2021,1,1
361.53,,64.71,,87.33,,2023,1,1
362.56,,68.37,,61.73,,2023,0,0
335.81,,65.26,,8.0,,2024,0,0
411.42,,57.41,,104.32,,2024,1,1
456.49,,44.95,,61.95,,2024,1,0
405.85,,53.73,,35.53,,2023,1,0
385.69,,82.99,,31.92,,2023,1,1
325.75,,71.92,,35.82,,2018,1,0
408.43,,80.36,,20.79,,2019,1,0
498.6,,66.17,,68.28,,2021,3,0
359.06,,71.02,,100.68,,2023,0,0
359.32,,88.13,,12.25,,2022,1,0
349.14,,87.53,,8.0,,2020,4,1
353.08,,81.42,,9.53,,2019,2,0
229.01,,74.02,,59.48,,2022,2,0
402.28,,77.18,,85.18,,2024,0,0
333.49,,75.71,,18.0,,2019,3,0
291.44,,70.33,,8.0,,2022,1,0
421.43,,67.96,,82.14,,2019,3,0
320.49,,83.22,,10.15,,2021,0,1
361.37,,59.04,,11.63,,2024,0,0
460.65,,86.87,,8.0,,2019,2,1
302.49,,69.25,,101.29,,2019,1,0
295.71,,58.86,,16.62,,2019,2,0
394.81,,66.54,,8.0,,2023,2,0
443.22,,63.26,,129.0,,2018,1,1
293.41,,66.24,,17.17,,2021,1,1
402.42,,66.06,,57.8,,2024,2,0
411.95,,65.66,,11.0,,2019,0,1
266.75,,68.92,,54.5,,2024,0,0
423.92,,71.35,,11.1,,2019,3,0
428.21,,79.64,,42.65,,2019,2,1
362.85,,69.55,,24.42,,2023,1,0
448.88,,75.26,,67.33,,2020,2,0
442.51,,72.08,,55.03,,2018,1,0
385.67,,77.41,,115.12,,2023,0,0
355.17,,72.47,,19.85,,2021,2,0
326.49,,65.53,,58.96,,2024,1,0
377.93,,62.82,,145.69,,2021,0,0
411.34,,74.1,,17.22,,2023,0,1
362.17,,84.73,,14.38,,2021,0,1
259.14,,69.71,,61.55,,2020,0,0
449.78,,64.99,,24.77,,2024,1,0
390.46,,69.44,,21.36,,2022,3,0
359.12,,66.39,,33.13,,2024,1,0
427.14,,65.33,,115.15,,2021,0,1
463.86,,57.56,,8.0,,2021,2,1
225.89,,69.56,,26.32,,2022,1,1
403.88,,74.36,,8.0,,2023,2,0
301.53,,61.18,,90.33,,2021,0,1
407.45,,63.22,,8.0,,2020,0,1
387.04,,62.52,,8.0,,2020,0,1
414.96,,58.13,,139.33,,2022,2,1
352.54,,62.44,,34.8,,2020,2,0
276.97,,70.02,,73.42,,2021,0,0
355.23,,58.58,,26.69,,2018,0,1
402.38,,70.62,,24.03,,2021,2,0
435.85,,64.97,,101.89,,2022,1,0
315.55,,62.71,,192.89,,2023,2,0
436.49,,75.77,,40.48,,2021,3,0
344.37,,65.6,,105.14,,2021,0,1
399.93,,67.3,,83.4,,2022,0,0
351.96,,84.98,,32.98,,2018,1,1
390.02,,62.8,,118.94,,2021,2,0
429.05,,87.66,,9.9,,2020,2,1
312.51,,68.52,,90.78,,2021,0,1
342.61,,60.64,,15.55,,2021,2,0
390.17,,66.46,,8.0,,2019,0,0
512.09,,72.69,,64.97,,2023,1,0
332.52,,84.55,,111.7,,2021,1,1
492.21,,79.99,,10.26,,2020,2,1
490.24,,72.64,,32.08,,2021,1,0
374.65,,84.6,,58.11,,2021,1,0
363.6,,53.19,,16.92,,2024,0,0
341.94,,74.49,,8.0,,2021,0,0
376.25,,75.1,,20.92,,2022,1,0
302.63,,75.22,,25.61,,2022,1,0
375.81,,55.9,,56.94,,2021,1,1
462.33,,61.83,,9.3,,2023,1,0
346.39,,70.34,,70.9,,2023,1,0
366.76,,83.15,,29.3,,2023,2,0
286.44,,91.15,,98.38,,2019,2,0
400.57,,65.36,,35.04,,2024,0,0
394.55,,58.9,,24.87,,2020,1,1
383.5,,80.16,,14.2,,2019,1,0
368.07,,98.14,,8.0,,2023,0,0
363.9,,83.07,,19.52,,2020,1,0
407.6,,64.51,,22.42,,2022,1,1
378.42,,100.61,,35.28,,2023,2,0
397.32,,78.87,,82.53,,2019,1,1
391.82,,64.09,,26.18,,2019,2,0
441.79,,91.34,,15.85,,2023,4,1
417.23,,63.3,,86.76,,2022,1,0
390.61,,65.79,,55.61,,2020,0,1
463.51,,79.27,,15.4,,2022,2,0
403.11,,71.75,,8.0,,2023,1,0
451.77,,72.37,,14.45,,2022,0,0
413.38,,72.39,,8.0,,2020,3,0
278.69,,83.14,,98.17,,2023,2,0
451.77,,48.76,,39.73,,2019,1,0
387.43,,74.85,,83.64,,2023,1,0
377.14,,69.1,,72.11,,2021,1,0
395.47,,64.48,,8.0,,2018,4,0
361.03,,64.45,,24.58,,2022,0,1
392.49,,45.63,,150.27,,2021,1,1
347.45,,64.02,,11.18,,2020,0,1
450.08,,84.9,,8.0,,2022,0,1
373.75,,80.32,,17.84,,2021,0,0
358.96,,70.09,,30.04,,2021,2,1
329.13,,57.89,,8.0,,2023,0,1
394.78,,80.22,,23.36,,2019,0,1
390.29,,85.1,,12.27,,2021,1,0
401.36,,82.34,,10.01,,2020,0,0
323.5,,62.31,,12.87,,2021,2,0
291.94,,63.35,,8.0,,2022,3,0
414.41,,88.56,,8.0,,2024,0,0
461.66,,59.91,,38.05,,2023,0,0
323.55,,76.78,,124.04,,2020,1,0
467.42,,54.22,,68.6,,2022,4,0
395.62,,69.0,,75.4,,2020,1,0
379.61,,77.85,,55.79,,2024,2,1
358.13,,71.7,,131.17,,2022,1,0
303.85,,77.24,,126.29,,2024,0,1
434.33,,59.74,,63.27,,2023,1,1
337.34,,63.8,,52.86,,2024,1,1
337.11,,76.82,,15.3,,2020,1,0
434.56,,78.97,,8.0,,2024,1,0
276.44,,74.2,,8.0,,2020,0,0
296.2,,81.47,,55.98,,2024,2,0
379.0,,55.43,,8.0,,2021,2,0
396.13,,67.34,,71.19,,2023,0,1
406.66,,90.23,,19.17,,2022,0,1
363.4,,84.83,,8.96,,2022,3,1
519.17,,78.34,,21.99,,2022,0,1
367.47,,70.45,,51.03,,2021,2,1
367.31,,82.35,,13.51,,2021,2,1
336.17,,76.29,,8.01,,2022,0,0
386.81,,56.83,,56.24,,2024,0,1
413.82,,81.96,,89.29,,2023,0,0
446.2,,63.34,,36.99,,2023,1,0
298.09,,79.6,,31.17,,2023,0,0
366.47,,55.84,,59.05,,2022,1,0
404.57,,87.99,,55.41,,2024,1,0
412.29,,69.25,,8.0,,2021,2,1
380.36,,60.91,,13.9,,2021,0,0
409.83,,65.11,,112.91,,2021,1,1
335.51,,68.63,,135.41,,2022,2,0
465.68,,71.94,,29.99,,2018,0,1
434.59,,85.18,,34.49,,2024,2,0
306.03,,72.7,,8.0,,2021,2,0
320.87,,50.29,,46.86,,2023,0,0
322.42,,59.7,,10.03,,2019,1,0
417.29,,99.58,,8.0,,2022,1,0
309.34,,73.35,,15.26,,2019,2,1
361.79,,81.51,,45.92,,2018,3,0
405.01,,68.92,,24.08,,2023,0,1
376.36,,61.95,,18.03,,2022,1,0
394.24,,67.19,,54.5,,2024,1,1
321.38,,73.28,,70.58,,2021,0,0
412.72,,67.4,,85.43,,2023,1,1
346.27,,91.18,,24.71,,2019,2,0
362.15,,65.84,,53.14,,2020,1,1
393.08,,61.45,,90.92,,2022,2,1
385.67,,80.09,,100.63,,2022,1,0
381.32,,81.32,,28.46,,2020,0,0
338.72,,72.3,,18.44,,2024,0,0
363.52,,65.98,,96.79,,2021,0,0
380.12,,52.99,,12.73,,2022,2,0
304.37,,84.21,,66.94,,2021,2,0
354.56,,80.69,,100.51,,2024,3,0
401.32,,67.6,,56.53,,2021,0,1
309.74,,72.6,,47.84,,2021,1,0
443.61,,69.73,,8.0,,2024,2,1
449.83,,88.29,,9.55,,2020,4,0
311.52,,61.62,,46.13,,2024,5,1
454.67,,65.8,,64.6,,2022,1,0
372.1,,64.83,,8.0,,2020,1,0
403.02,,75.1,,8.0,,2021,1,0
352.68,,72.56,,15.68,,2023,1,0
430.77,,74.0,,43.49,,2018,1,1
402.34,,63.19,,30.14,,2023,2,1
335.22,,86.85,,8.0,,2021,1,1
315.91,,67.46,,8.0,,2024,1,0
299.68,,83.88,,58.6,,2019,1,0
390.34,,103.39,,14.84,,2020,2,0
411.49,,63.27,,8.0,,2022,2,0
415.8,,75.42,,8.0,,2024,1,0
373.51,,70.68,,79.8,,2021,2,0
316.37,,92.31,,26.8,,2024,1,1
342.49,,69.19,,29.42,,2019,0,0
443.38,,74.49,,8.0,,2020,2,1
353.35,,74.27,,28.16,,2020,0,1
387.89,,71.0,,43.59,,2023,3,1
320.84,,79.55,,8.0,,2021,0,0
398.51,,72.93,,97.78,,2024,2,0
354.83,,76.82,,64.24,,2022,3,0
437.57,,74.14,,67.99,,2024,1,0
422.55,,65.95,,32.3,,2020,2,0
352.74,,69.31,,17.07,,2024,1,1
373.03,,77.55,,42.96,,2023,0,1
349.69,,77.51,,10.73,,2022,1,0
301.93,,84.45,,8.0,,2023,3,1
332.84,,90.59,,32.46,,2024,2,0
390.9,,66.79,,27.35,,2021,1,0
397.89,,73.35,,8.0,,2020,1,1
388.17,,70.07,,31.75,,2020,1,0
363.4,,60.93,,33.21,,2024,1,0
431.32,,77.65,,86.18,,2021,0,1
383.49,,79.78,,59.8,,2024,1,0
418.68,,61.23,,10.3,,2020,0,1
282.44,,68.26,,71.54,,2022,0,1
164.27,,67.28,,145.92,,2023,3,1
395.61,,56.92,,52.96,,2024,0,0
301.64,,71.64,,64.95,,2023,2,0
368.32,,60.55,,13.01,,2018,0,1
363.38,,73.59,,202.28,,2023,1,1
467.31,,74.69,,8.15,,2023,0,0
402.0,,75.93,,58.37,,2020,0,0
389.12,,76.41,,21.12,,2023,0,0
426.03,,87.31,,18.54,,2024,4,0
400.27,,63.91,,14.1,,2018,2,0
354.83,,64.42,,24.43,,2024,1,1
438.93,,78.55,,65.72,,2021,1,0
318.96,,70.68,,118.85,,2023,0,1
397.78,,83.25,,22.61,,2021,0,0
294.88,,77.62,,44.29,,2023,1,0
391.22,,91.18,,65.19,,2022,0,0
390.61,,71.09,,8.0,,2021,2,0
472.21,,57.18,,135.77,,2022,0,1
293.93,,75.41,,9.99,,2021,1,1
346.95,,71.28,,103.57,,2020,0,0
425.25,,77.34,,181.13,,2022,1,1
398.44,,78.63,,8.0,,2023,1,0
389.92,,66.65,,93.77,,2020,2,1
327.41,,61.91,,43.02,,2024,4,1
347.5,,70.54,,71.54,,2018,0,0
448.48,,48.19,,8.0,,2021,1,0
377.17,,72.81,,75.49,,2021,0,0
400.64,,67.93,,41.31,,2019,1,0
373.66,,80.62,,30.01,,2019,1,1
314.93,,52.14,,34.48,,2024,1,1
431.36,,72.06,,57.31,,2021,2,1
407.68,,87.76,,14.84,,2021,1,0
506.81,,78.75,,120.67,,2023,0,0
324.14,,81.81,,15.44,,2023,2,0
425.24,,75.4,,88.04,,2023,3,0
307.87,,55.38,,8.0,,2022,1,0
388.65,,73.67,,104.27,,2023,1,0
433.71,,76.08,,80.12,,2024,0,0
266.03,,61.22,,8.0,,2020,1,0
368.73,,70.73,,56.08,,2022,3,0
349.02,,42.99,,19.68,,2024,0,0
341.39,,68.66,,27.45,,2024,0,1
401.19,,67.64,,8.0,,2019,1,0
441.64,,86.02,,10.04,,2024,0,0
372.67,,65.97,,129.0,,2023,3,1
391.3,,69.34,,22.73,,2023,3,0
386.29,,71.21,,8.0,,2020,0,0
380.1,,66.1,,30.4,,2022,0,0
320.09,,79.2,,220.08,,2021,0,1
440.96,,52.08,,17.0,,2022,1,1
396.24,,83.37,,8.0,,2023,3,1
401.72,,71.88,,43.33,,2020,0,0
335.64,,85.02,,105.99,,2020,1,1
354.74,,44.53,,82.32,,2021,2,0
370.31,,47.64,,44.94,,2023,0,1
295.62,,69.08,,8.55,,2023,1,1
287.16,,77.06,,64.43,,2023,0,0
346.96,,66.45,,72.78,,2024,1,1
408.74,,77.84,,79.55,,2023,4,1
344.08,,81.81,,21.73,,2022,0,0
323.97,,78.66,,22.08,,2022,0,0
335.19,,73.03,,8.0,,2023,1,1
354.96,,72.96,,62.22,,2024,1,0
360.54,,65.85,,56.13,,2024,1,0
499.1,,71.45,,8.0,,2022,0,1
438.0,,61.76,,8.0,,2022,1,1
436.36,,64.15,,127.29,,2023,1,1
444.27,,77.14,,8.0,,2022,2,0
325.06,,67.37,,41.6,,2020,3,0
312.77,,64.62,,25.39,,2024,1,1
319.12,,76.49,,63.1,,2022,1,0
453.4,,75.8,,8.0,,2024,1,1
349.9,,69.85,,48.17,,2022,2,1
311.18,,70.51,,40.08,,2021,1,0
356.3,,76.16,,80.7,,2020,3,0
366.88,,81.69,,30.7,,2021,2,0
394.76,,74.01,,54.73,,2020,1,0
393.8,,60.08,,24.17,,2024,2,0
334.45,,69.79,,173.62,,2023,3,1
417.71,,67.93,,34.43,,2024,1,0
344.84,,61.47,,58.82,,2020,2,0
371.4,,76.98,,8.0,,2019,1,0
417.77,,77.75,,26.09,,2022,1,0
344.7,,79.26,,8.0,,2024,3,0
348.69,,62.09,,8.0,,2019,1,0
412.54,,73.57,,29.63,,2023,0,0
332.82,,71.94,,18.24,,2019,0,0
358.84,,75.07,,25.87,,2020,0,0
410.57,,73.3,,28.79,,2023,2,1
492.98,,71.87,,8.0,,2020,0,0
413.3,,70.67,,19.13,,2018,2,0
406.0,,83.07,,82.76,,2020,1,0
409.19,,63.38,,81.57,,2023,3,0
320.97,,70.27,,28.33,,2022,1,1
386.36,,82.81,,58.08,,2022,1,1
378.36,,63.89,,58.83,,2022,1,1
397.69,,64.4,,8.0,,2020,0,0
386.41,,79.34,,39.64,,2020,0,1
400.88,,57.76,,68.56,,2020,0,1
362.87,,78.61,,37.86,,2023,1,0
383.22,,67.1,,32.76,,2024,2,0
312.47,,76.1,,31.82,,2020,2,0
362.41,,59.79,,29.79,,2020,0,1
456.5,,83.85,,63.27,,2021,1,1
397.53,,59.83,,43.19,,2024,0,0
378.85,,79.25,,10.19,,2020,1,0
484.29,,60.25,,23.86,,2023,3,1
305.15,,90.08,,31.59,,2019,3,1
318.98,,71.29,,22.8,,2023,2,0
474.2,,91.51,,11.39,,2020,2,1
382.53,,63.81,,8.0,,2024,1,1
366.66,,67.57,,8.0,,2018,1,0
314.04,,84.11,,14.76,,2022,0,0
404.62,,57.74,,21.64,,2023,2,1
409.95,,65.01,,48.24,,2023,0,1
319.8,,76.95,,176.16,,2024,0,1
372.28,,61.81,,95.61,,2023,1,0
361.55,,77.22,,70.58,,2019,6,0
394.08,,73.7,,70.58,,2023,1,0
318.44,,56.86,,38.07,,2022,5,0
448.86,,81.68,,12.24,,2019,0,0
430.37,,59.38,,26.82,,2020,0,0
360.03,,79.71,,8.0,,2024,3,1
368.1,,73.28,,35.1,,2022,2,1
372.5,,67.45,,8.0,,2020,1,1
337.19,,60.95,,8.82,,2023,1,0
355.61,,75.29,,52.32,,2022,2,0
365.14,,63.27,,13.62,,2020,1,0
468.71,,84.08,,22.88,,2022,3,0
432.06,,84.44,,74.93,,2024,3,0
431.41,,88.42,,8.0,,2023,2,0
400.35,,74.81,,8.0,,2021,1,0
318.55,,67.96,,10.92,,2018,2,0
377.72,,69.03,,48.44,,2020,0,1
433.38,,68.3,,11.31,,2020,1,1
310.8,,74.48,,83.7,,2021,2,0
415.01,,76.37,,18.21,,2024,3,1
507.74,,84.32,,14.0,,2020,1,0
438.4,,72.2,,11.14,,2018,1,1
457.77,,57.97,,35.84,,2020,0,1
392.01,,67.93,,81.48,,2022,1,0
433.24,,87.56,,21.88,,2019,1,1
340.52,,56.43,,12.22,,2022,0,0
423.77,,79.39,,22.94,,2021,2,1
415.99,,68.09,,98.77,,2021,0,0
395.95,,63.17,,17.11,,2020,1,0
452.38,,75.96,,44.79,,2023,1,0
350.37,,87.61,,16.8,,2021,1,0
369.71,,75.4,,47.17,,2019,2,0
385.25,,69.37,,89.41,,2021,2,1
323.37,,59.04,,38.33,,2024,0,0
392.48,,71.01,,123.73,,2023,0,0
285.46,,58.68,,38.64,,2024,1,1
437.58,,68.9,,154.72,,2024,2,0
382.57,,71.37,,54.03,,2022,4,0
351.35,,48.39,,44.43,,2022,0,1
334.11,,85.88,,74.38,,2024,0,0
367.1,,59.61,,8.0,,2024,2,1
417.85,,70.14,,12.49,,2023,0,1
410.13,,77.34,,10.23,,2024,2,0
341.2,,85.09,,8.0,,2023,3,0
333.47,,64.08,,116.64,,2021,2,0
416.13,,46.91,,8.0,,2019,2,0
340.27,,82.79,,12.81,,2023,0,0
383.3,,59.51,,17.15,,2024,2,0
386.81,,75.59,,41.15,,2024,0,0
397.16,,76.22,,61.27,,2018,0,1
427.2,,39.48,,38.98,,2023,1,1
310.54,,55.85,,58.05,,2023,2,0
274.89,,67.39,,21.6,,2021,1,0
348.79,,46.16,,229.64,,2022,2,0
479.08,,58.62,,8.0,,2022,2,0
491.22,,73.23,,21.44,,2024,2,1
480.71,,71.12,,74.97,,2021,1,0
369.39,,75.03,,11.9,,2020,2,0
281.98,,76.49,,58.37,,2023,0,0
251.13,,55.18,,19.03,,2021,0,1
346.23,,59.15,,8.21,,2019,0,0
369.11,,79.61,,21.69,,2024,1,1
451.53,,87.24,,64.52,,2021,1,1
427.73,,62.33,,8.0,,2024,0,1
392.51,,74.59,,30.49,,2021,1,0
331.06,,80.07,,56.8,,2022,1,1
327.16,,74.38,,58.49,,2020,4,0
393.98,,69.51,,20.73,,2022,1,0
418.34,,65.59,,26.38,,2021,1,1
401.55,,91.85,,81.62,,2023,0,0
323.1,,72.96,,9.81,,2018,1,1
415.79,,75.89,,206.02,,2023,1,1
403.43,,75.24,,22.82,,2022,1,0
321.11,,63.88,,13.53,,2021,1,1
336.86,,72.51,,8.0,,2019,5,0
417.87,,68.78,,8.0,,2019,1,1
367.1,,68.6,,59.33,,2023,2,0
467.4,,75.17,,44.0,,2023,1,0
407.56,,62.84,,11.89,,2022,0,1
353.24,,59.95,,109.93,,2018,1,1
379.44,,77.03,,75.85,,2024,0,0
383.49,,66.68,,13.18,,2023,0,0
339.94,,68.55,,16.83,,2019,0,1
329.81,,52.71,,8.58,,2021,0,0
418.58,,81.63,,43.21,,2019,3,0
426.49,,77.24,,50.73,,2024,3,0
413.21,,79.08,,21.17,,2022,1,1
463.34,,75.87,,56.12,,2021,1,1
350.2,,56.84,,200.57,,2023,1,0
472.08,,74.29,,39.76,,2023,4,0
330.45,,65.91,,44.01,,2023,4,0
324.3,,62.37,,19.66,,2024,2,0
283.2,,77.0,,8.0,,2022,2,0
355.48,,88.59,,129.25,,2018,4,1
352.3,,86.93,,62.16,,2020,3,0
408.93,,78.22,,49.95,,2024,0,1
393.41,,71.7,,8.0,,2019,1,1
314.39,,69.84,,59.77,,2023,1,1
358.4,,62.95,,46.57,,2020,1,0
359.57,,69.3,,35.34,,2024,2,1
282.32,,81.09,,41.04,,2020,0,1
326.05,,90.23,,105.23,,2021,0,1
337.61,,63.84,,8.0,,2023,0,0
458.85,,52.05,,8.0,,2023,1,1
390.53,,66.69,,94.56,,2021,1,0
416.42,,81.04,,8.0,,2023,5,0
297.58,,92.72,,98.26,,2024,0,1
445.68,,85.1,,8.0,,2020,3,0
451.56,,84.85,,63.47,,2020,3,0
270.09,,63.5,,93.06,,2022,1,1
341.21,,63.79,,39.82,,2021,2,0
407.27,,58.76,,43.08,,2021,0,1
415.44,,65.35,,8.0,,2022,1,0
342.68,,81.14,,9.95,,2023,2,0
363.2,,88.24,,96.49,,2021,1,0
347.14,,75.46,,72.9,,2021,1,0
386.07,,69.45,,8.0,,2022,2,1
445.84,,61.33,,70.42,,2024,0,0
337.59,,70.87,,23.13,,2023,0,1
435.05,,74.03,,34.55,,2021,1,0
337.01,,57.37,,8.0,,2024,1,0
333.38,,81.21,,21.36,,2023,1,1
425.02,,67.76,,23.97,,2020,2,0
430.71,,80.61,,46.5,,2023,0,0
426.83,,71.89,,45.01,,2024,2,0
307.63,,74.97,,33.43,,2022,0,0
354.37,,64.98,,8.0,,2023,0,0
425.26,,68.55,,8.0,,2020,2,0
382.28,,78.42,,8.0,,2019,2,0
320.95,,70.69,,91.85,,2023,0,1
405.21,,60.95,,97.43,,2022,1,0
340.69,,73.12,,68.98,,2022,0,0
478.7,,75.86,,8.07,,2021,2,0
464.97,,85.73,,77.01,,2022,4,0
413.23,,83.53,,8.73,,2019,0,0
454.86,,71.35,,33.97,,2019,3,0
383.56,,66.53,,55.6,,2022,1,1
422.1,,69.72,,8.0,,2022,0,0
461.27,,66.76,,38.27,,2024,1,0
393.5,,77.06,,12.15,,2021,2,0
365.96,,82.42,,28.93,,2023,1,0
286.25,,84.4,,20.34,,2021,2,0
375.43,,67.88,,48.73,,2021,0,1
425.29,,66.88,,28.21,,2023,2,0
432.01,,67.8,,15.08,,2022,1,0
407.74,,52.68,,101.3,,2021,1,0
350.23,,59.97,,134.21,,2022,3,0
271.27,,71.65,,68.0,,2024,2,0
352.76,,75.79,,36.51,,2023,0,0
363.26,,76.91,,90.62,,2024,0,0
362.79,,64.2,,38.66,,2024,0,1
414.02,,67.09,,8.0,,2023,0,0
489.21,,69.3,,8.0,,2020,3,1
386.79,,68.19,,54.36,,2021,1,0
368.08,,78.88,,58.64,,2022,1,0
365.74,,58.92,,109.26,,2018,0,1
386.84,,60.51,,73.02,,2023,1,1
334.44,,69.02,,42.86,,2024,0,1
386.61,,58.34,,8.87,,2024,1,0
404.79,,53.0,,37.86,,2023,1,1
391.53,,57.07,,23.96,,2023,0,0
405.16,,69.57,,11.09,,2024,0,1
403.86,,78.31,,67.41,,2021,0,0
282.55,,78.51,,8.0,,2022,0,1
415.03,,87.88,,41.8,,2023,2,0
343.09,,73.02,,39.63,,2022,2,1
319.73,,74.36,,15.2,,2024,1,0
319.26,,69.5,,23.55,,2021,1,0
403.84,,69.98,,8.0,,2022,0,0
367.76,,92.81,,8.0,,2020,2,1
287.49,,74.61,,8.0,,2023,0,1
406.29,,75.48,,8.05,,2021,3,0
300.82,,60.55,,84.72,,2022,2,0
387.69,,76.1,,31.06,,2019,2,0
393.12,,78.58,,8.0,,2023,2,0
428.71,,83.1,,99.08,,2022,1,1
477.99,,78.3,,35.34,,2023,0,1
304.94,,70.73,,8.0,,2021,1,0
377.11,,70.31,,60.42,,2024,1,0
364.8,,71.28,,26.94,,2024,3,0
403.86,,73.07,,31.97,,2022,0,0
391.86,,84.68,,39.9,,2019,0,0
360.61,,82.73,,8.0,,2022,2,1
355.75,,79.53,,123.96,,2023,2,0
318.6,,92.29,,12.39,,2022,2,1
434.33,,45.44,,40.84,,2024,2,0
405.26,,67.4,,81.27,,2024,2,0
430.48,,71.89,,16.94,,2023,1,1
362.93,,65.28,,41.48,,2023,2,1
343.87,,62.7,,188.95,,2019,0,0
320.69,,54.83,,80.19,,2021,1,0
399.74,,68.89,,63.46,,2021,2,0
322.81,,80.94,,24.3,,2021,3,0
481.68,,79.74,,25.21,,2023,1,0
308.08,,64.48,,27.91,,2022,0,1
395.05,,74.2,,49.25,,2022,1,0
466.18,,85.58,,8.0,,2020,0,0
412.95,,56.8,,82.89,,2020,0,1
389.66,,70.41,,8.0,,2022,3,1
326.73,,74.86,,8.0,,2019,3,0
304.0,,72.1,,27.61,,2020,0,1
422.35,,80.51,,12.2,,2024,2,1
462.84,,57.02,,19.11,,2022,0,0
355.86,,61.94,,16.98,,2024,0,0
317.35,,78.82,,13.16,,2018,1,1
244.8,,54.98,,20.1,,2024,0,1
326.06,,80.12,,29.56,,2023,3,0
373.75,,76.5,,27.17,,2023,1,1
467.95,,79.42,,70.18,,2024,1,0
417.02,,67.31,,15.47,,2023,1,0
396.78,,77.1,,13.91,,2018,1,1
357.99,,60.28,,29.49,,2024,0,0
347.93,,67.85,,8.0,,2024,2,1
457.31,,72.36,,8.0,,2022,1,1
391.04,,63.01,,68.25,,2019,1,1
264.36,,74.18,,28.59,,2024,0,0
342.96,,60.56,,8.0,,2022,1,0
332.8,,74.69,,24.38,,2021,1,0
349.96,,89.42,,21.33,,2024,2,0
410.96,,59.43,,11.87,,2020,2,0
374.09,,71.77,,19.55,,2020,2,1
375.77,,55.82,,8.77,,2022,0,1
452.24,,63.67,,25.04,,2021,1,0
341.69,,79.02,,22.06,,2022,2,0
482.53,,67.69,,39.28,,2020,1,0
343.08,,79.42,,119.66,,2023,2,1
384.91,,75.56,,8.62,,2021,1,1
364.53,,71.35,,22.69,,2024,0,0
386.79,,61.71,,34.69,,2023,1,1
404.45,,78.85,,33.26,,2021,2,0
403.86,,75.04,,45.48,,2023,2,0
338.58,,56.72,,13.1,,2021,1,0
318.24,,62.35,,42.28,,2022,1,0
517.67,,44.31,,9.43,,2019,2,0
353.38,,58.34,,8.0,,2022,0,0
418.46,,68.87,,74.83,,2024,4,0
291.58,,61.44,,26.96,,2023,2,0
364.62,,63.68,,21.26,,2022,0,0
373.0,,85.91,,110.81,,2024,1,1
406.0,,82.29,,51.96,,2022,3,0
230.27,,65.05,,47.48,,2024,0,0
389.14,,79.94,,9.07,,2022,2,1
316.76,,84.15,,9.86,,2023,1,1
397.84,,78.19,,27.72,,2018,2,0
323.0,,74.99,,44.37,,2023,0,1
332.95,,82.98,,21.13,,2021,0,1
364.95,,79.7,,8.0,,2019,0,0
322.12,,59.87,,48.26,,2020,0,0
353.85,,70.11,,62.42,,2022,0,0
314.36,,66.48,,121.29,,2022,1,0
279.18,,83.52,,22.07,,2023,0,0
435.99,,66.2,,12.54,,2022,2,0
308.72,,64.48,,109.25,,2024,0,0
370.17,,82.27,,52.74,,2019,1,1
421.41,,74.6,,8.0,,2019,2,0
346.18,,93.12,,36.44,,2020,1,1
334.62,,63.38,,8.0,,2019,2,0
392.44,,66.81,,10.79,,2023,1,0
441.49,,83.22,,8.0,,2021,1,0
315.69,,59.21,,9.63,,2023,2,0
371.74,,85.2,,28.27,,2023,3,0
284.71,,59.93,,14.91,,2022,1,0
358.37,,78.1,,8.0,,2022,0,1
381.88,,53.57,,27.63,,2022,0,0
333.0,,72.45,,51.77,,2023,1,0
354.87,,58.3,,8.0,,2022,4,0
302.55,,91.26,,89.9,,2022,0,0
384.24,,61.28,,44.46,,2023,0,0
438.06,,63.71,,30.78,,2024,0,0
319.66,,77.35,,21.2,,2024,1,0
345.75,,65.99,,20.99,,2022,2,1
407.64,,79.0,,17.17,,2023,1,0
446.66,,64.89,,8.0,,2021,1,0
297.87,,64.12,,8.0,,2022,3,0
370.72,,71.72,,15.51,,2023,0,0
395.57,,59.83,,46.19,,2024,1,0
374.39,,75.96,,14.29,,2019,1,1
243.78,,80.77,,70.25,,2020,0,1
407.56,,77.53,,20.1,,2022,1,0
463.56,,78.43,,41.89,,2023,2,0
386.42,,52.75,,23.75,,2023,0,0
323.29,,67.38,,28.93,,2020,0,0
351.78,,69.73,,12.09,,2023,1,0
477.35,,86.54,,30.29,,2022,3,1
430.05,,66.19,,8.0,,2020,1,1
415.2,,48.98,,20.54,,2024,1,1
399.6,,61.96,,24.98,,2022,1,0
343.64,,65.39,,51.13,,2024,2,0
368.97,,50.44,,21.47,,2022,2,0
375.71,,81.69,,45.99,,2023,1,1
410.23,,56.3,,8.06,,2024,0,0
462.99,,76.46,,8.0,,2021,0,0
441.51,,61.08,,29.61,,2024,4,0
301.93,,87.07,,26.97,,2021,4,1
392.32,,69.24,,46.53,,2020,1,0
420.52,,67.21,,15.8,,2023,2,1
414.04,,77.28,,8.0,,2021,1,1
345.39,,61.93,,54.0,,2024,1,1
540.28,,77.76,,119.74,,2024,2,0
309.76,,67.18,,21.06,,2020,1,0
320.42,,66.05,,39.67,,2024,3,0
392.85,,71.12,,33.04,,2021,3,0
496.42,,61.1,,35.06,,2022,2,1
334.01,,70.09,,84.85,,2019,3,0
365.38,,75.39,,55.99,,2018,2,0
439.25,,48.91,,61.69,,2021,1,0
379.02,,82.91,,8.0,,2018,1,1
361.6,,80.16,,8.0,,2021,1,1
411.11,,53.45,,45.72,,2022,1,1
394.99,,51.9,,32.66,,2023,0,0
436.67,,80.42,,62.52,,2021,1,0
451.03,,79.65,,8.0,,2022,1,0
396.89,,78.23,,35.11,,2021,0,0
396.05,,57.73,,27.96,,2021,1,1
391.78,,90.29,,81.01,,2021,3,0
406.9,,64.45,,8.7,,2022,0,0
383.03,,74.39,,18.01,,2020,2,0
379.97,,74.52,,8.0,,2022,1,1
445.81,,87.93,,25.24,,2021,2,0
463.39,,73.25,,89.55,,2019,3,0
297.08,,76.16,,46.61,,2020,1,0
380.55,,71.23,,57.28,,2024,1,0
342.12,,60.03,,8.0,,2022,1,1
362.9,,48.81,,25.26,,2024,2,1
402.14,,72.33,,76.62,,2020,2,1
416.82,,57.88,,76.31,,2021,0,1
373.83,,75.5,,185.83,,2023,2,0
274.77,,73.49,,31.36,,2021,0,1
326.92,,73.24,,8.0,,2021,0,1
429.31,,61.47,,96.32,,2024,1,1
229.28,,82.37,,131.38,,2018,1,0
445.31,,76.75,,110.36,,2023,0,1
408.67,,60.18,,62.08,,2024,0,0
452.39,,92.69,,10.0,,2020,0,0
369.08,,69.89,,8.0,,2022,1,0
266.62,,58.66,,50.69,,2024,3,0
403.67,,64.42,,8.0,,2022,0,1
450.11,,56.91,,128.7,,2021,3,1
430.86,,85.59,,24.79,,2023,1,0
343.55,,82.8,,8.0,,2021,0,0
384.77,,79.39,,8.0,,2023,0,1
350.69,,77.51,,14.41,,2020,1,0
334.94,,84.48,,51.1,,2020,2,0
432.55,,69.58,,56.14,,2018,2,0
314.14,,76.23,,10.06,,2020,1,0
330.84,,63.88,,43.92,,2020,2,0
319.28,,70.47,,8.0,,2022,2,1
298.04,,76.5,,8.0,,2024,1,1
388.05,,41.19,,32.16,,2020,3,1
443.88,,65.8,,51.11,,2019,4,0
369.83,,73.65,,103.22,,2022,0,0
297.18,,71.22,,24.18,,2020,1,1
426.2,,67.48,,8.0,,2022,3,1
472.71,,77.89,,111.08,,2022,2,1
344.46,,64.92,,24.16,,2018,0,0
353.68,,59.78,,28.9,,2024,1,0
408.36,,83.84,,80.94,,2020,1,0
469.2,,82.43,,37.02,,2024,2,0
351.41,,66.01,,15.07,,2021,1,1
306.72,,71.31,,32.69,,2020,2,0
414.73,,80.46,,41.18,,2019,1,0
423.95,,72.44,,92.63,,2022,1,0
380.34,,77.3,,11.24,,2021,2,0
349.3,,76.76,,34.42,,2024,2,1
434.69,,68.81,,106.34,,2020,2,0
409.04,,77.16,,8.0,,2023,1,0
337.74,,62.35,,9.09,,2020,3,1
382.7,,75.94,,17.86,,2024,2,0
305.66,,71.26,,47.66,,2022,0,0
417.72,,68.39,,77.46,,2024,0,0
365.58,,59.53,,9.33,,2022,1,0
356.04,,73.32,,11.9,,2020,0,0
378.19,,72.39,,72.8,,2022,1,0
382.22,,63.6,,8.0,,2021,2,0
429.22,,56.03,,12.71,,2020,5,0
412.51,,55.56,,55.41,,2024,0,0
371.4,,69.46,,8.0,,2022,1,0
422.0,,75.06,,73.94,,2024,2,1
402.04,,90.5,,28.32,,2023,0,0
356.54,,71.55,,24.92,,2018,2,0
373.14,,55.75,,8.0,,2024,1,0
371.85,,69.93,,47.81,,2023,1,0
407.79,,84.51,,90.48,,2021,1,1
359.81,,65.17,,49.48,,2020,2,0
358.53,,83.19,,16.01,,2019,2,0
488.28,,73.76,,50.4,,2019,0,1
431.69,,78.47,,29.96,,2020,0,0
338.17,,90.59,,80.74,,2018,0,1
411.4,,53.63,,25.85,,2021,1,1
386.51,,80.97,,11.38,,2024,2,0
401.54,,71.05,,8.0,,2022,2,1
387.55,,62.51,,13.86,,2022,2,0
445.43,,70.99,,34.82,,2020,2,0
399.01,,88.91,,8.0,,2020,2,0
376.59,,85.35,,8.0,,2021,1,0
437.32,,51.99,,25.02,,2021,2,0
392.83,,64.3,,17.93,,2024,2,1
386.68,,81.43,,22.91,,2020,1,0
397.27,,71.78,,25.43,,2023,0,0
374.85,,71.82,,61.01,,2022,2,1
380.51,,56.32,,136.18,,2023,3,0
347.73,,64.55,,12.78,,2024,2,1
338.69,,58.42,,119.88,,2021,0,1
325.08,,55.47,,10.89,,2022,1,1
303.44,,59.42,,59.06,,2022,0,0
331.62,,62.72,,48.03,,2021,0,0
370.42,,64.39,,8.0,,2024,1,1
385.67,,63.58,,54.21,,2018,0,0
365.08,,82.2,,97.18,,2021,0,0
250.44,,62.93,,111.82,,2024,0,1
466.6,,86.26,,48.54,,2024,2,0
439.76,,67.16,,64.87,,2023,1,1
404.52,,76.39,,8.0,,2021,2,1
484.91,,76.71,,8.0,,2024,2,0
326.24,,63.02,,12.79,,2019,1,1
483.82,,68.72,,31.83,,2021,0,1
326.91,,66.97,,20.5,,2019,0,0
393.13,,75.72,,44.96,,2019,6,1
309.94,,70.71,,24.78,,2022,1,1
380.81,,64.52,,62.65,,2019,0,0
401.24,,73.19,,52.51,,2023,2,0
371.49,,75.4,,57.77,,2021,0,1
419.26,,90.5,,74.14,,2019,0,0
385.45,,72.68,,75.48,,2021,2,1
351.27,,72.1,,63.51,,2021,2,0
348.83,,76.28,,8.0,,2021,1,0
424.6,,62.51,,40.99,,2022,1,1
344.04,,54.74,,8.0,,2022,1,1
430.35,,68.88,,57.19,,2021,2,0
447.25,,82.72,,8.0,,2024,4,0
288.22,,84.34,,171.67,,2020,0,0
442.31,,53.21,,39.99,,2021,4,1
493.32,,78.66,,8.44,,2022,3,0
393.86,,50.15,,26.53,,2020,0,1
412.95,,76.59,,73.61,,2020,0,1
437.04,,75.99,,8.33,,2018,0,0
364.85,,54.76,,32.32,,2024,2,0
390.03,,82.0,,8.0,,2023,1,0
307.72,,89.44,,65.23,,2024,4,0
387.62,,71.38,,9.09,,2018,1,0
407.4,,73.41,,20.57,,2019,0,0
408.39,,86.79,,31.73,,2022,2,1
438.6,,60.74,,8.0,,2018,1,0
337.39,,60.99,,109.74,,2021,2,0
350.71,,63.61,,26.57,,2024,0,1
484.25,,72.37,,11.07,,2021,0,0
371.73,,72.34,,55.8,,2024,1,0
391.0,,66.47,,94.35,,2019,2,1
376.31,,69.0,,102.4,,2021,2,0
334.81,,66.6,,23.69,,2018,1,0
469.29,,67.08,,18.71,,2022,1,0
350.98,,64.31,,111.25,,2021,0,0
318.0,,64.4,,8.0,,2022,1,1
355.21,,51.99,,58.32,,2023,1,1
269.91,,69.76,,8.21,,2022,1,0
344.18,,52.44,,26.31,,2023,3,0
326.75,,79.51,,129.04,,2022,0,0
413.96,,66.4,,36.55,,2023,0,0
342.96,,70.81,,31.13,,2023,2,1
428.83,,68.27,,8.0,,2024,1,0
456.92,,69.56,,13.64,,2023,1,1
422.96,,84.63,,8.0,,2020,1,1
368.15,,58.49,,87.34,,2022,2,0
387.76,,55.77,,43.48,,2024,0,1
296.13,,73.19,,8.0,,2024,2,1
372.64,,67.04,,18.97,,2022,0,0
332.68,,75.6,,70.06,,2021,1,0
418.19,,79.17,,8.0,,2020,0,0
521.5,,60.94,,10.99,,2020,2,0
407.49,,78.03,,32.74,,2020,2,0
270.49,,61.78,,8.0,,2024,2,1
360.13,,72.75,,20.26,,2023,1,0
386.74,,59.63,,169.03,,2021,1,0
384.8,,73.32,,32.97,,2021,2,1
339.81,,71.79,,50.78,,2021,0,0
393.49,,60.97,,45.72,,2024,0,0
311.66,,58.42,,9.99,,2022,0,1
328.03,,79.51,,78.6,,2021,0,0
415.52,,67.47,,8.0,,2023,0,0
324.14,,82.12,,106.93,,2023,1,0
409.6,,66.57,,10.22,,2022,2,0
304.68,,85.02,,130.01,,2023,3,1
477.07,,62.52,,67.17,,2023,1,0
337.42,,86.73,,8.0,,2018,1,0
367.7,,73.74,,8.0,,2024,0,0
398.18,,76.0,,8.0,,2021,2,0
348.91,,61.96,,11.93,,2024,1,0
387.89,,79.29,,45.2,,2024,1,0
411.64,,79.64,,30.85,,2018,2,0
432.83,,68.76,,39.91,,2023,1,0
423.53,,50.66,,8.0,,2024,1,0
370.55,,60.87,,8.0,,2022,2,0
371.94,,60.87,,49.46,,2023,0,0
509.2,,76.49,,79.1,,2024,1,1
432.24,,67.35,,18.71,,2022,3,0
329.3,,67.54,,8.0,,2020,1,1
385.5,,66.34,,15.48,,2022,1,1
361.57,,86.69,,22.31,,2021,2,0
372.56,,72.45,,41.77,,2020,4,1
312.38,,73.98,,22.12,,2020,1,1
357.34,,65.81,,95.48,,2019,1,1
479.64,,71.7,,21.54,,2020,1,0
411.85,,62.24,,8.41,,2021,1,1
242.99,,75.44,,11.99,,2023,2,0
446.92,,60.53,,26.28,,2021,1,0
439.93,,79.44,,64.07,,2023,2,1
360.24,,64.65,,85.5,,2024,1,1
419.45,,81.48,,8.61,,2022,1,0
332.73,,91.07,,8.0,,2023,2,1
354.14,,72.01,,85.5,,2022,0,0
462.42,,85.12,,10.88,,2021,2,1
365.05,,79.51,,72.41,,2020,1,1
277.16,,57.67,,33.61,,2024,1,0
376.52,,73.11,,21.74,,2022,2,0
375.68,,77.01,,8.0,,2024,0,1
445.91,,77.98,,46.82,,2021,0,0
380.79,,73.78,,71.59,,2019,1,0
356.81,,73.65,,25.97,,2023,0,0
437.48,,72.05,,24.83,,2024,0,0
386.64,,73.33,,59.12,,2023,0,0
338.75,,59.76,,29.12,,2023,2,0
443.52,,69.64,,64.68,,2023,3,1
390.65,,57.47,,8.0,,2023,1,0
380.16,,67.02,,81.87,,2021,3,0
389.78,,66.09,,12.76,,2021,1,0
321.11,,65.45,,8.0,,2023,1,0
350.98,,61.48,,8.0,,2024,3,0
380.2,,74.69,,75.44,,2019,4,0
369.29,,68.82,,8.0,,2018,0,0
449.98,,67.8,,129.72,,2023,2,0
391.96,,57.92,,34.95,,2019,2,1
427.02,,69.02,,50.38,,2020,1,0
380.52,,83.46,,54.27,,2020,2,0
438.1,,83.61,,14.54,,2022,0,0
401.86,,75.74,,68.98,,2020,0,0
380.74,,69.05,,122.78,,2020,1,1
379.27,,77.59,,19.4,,2018,0,0
327.51,,65.33,,75.77,,2023,1,0
407.88,,69.01,,62.1,,2020,2,0
377.79,,64.57,,37.41,,2022,1,0
352.39,,81.08,,19.25,,2021,2,0
440.86,,79.8,,22.53,,2020,1,0
311.24,,71.65,,15.44,,2021,0,1
356.76,,89.31,,23.34,,2021,2,1
436.52,,76.13,,191.88,,2022,2,0
397.35,,75.56,,18.97,,2023,1,0
377.37,,74.49,,46.0,,2019,4,0
393.81,,59.38,,16.17,,2020,1,1
389.87,,63.06,,26.4,,2019,2,0
296.58,,71.45,,8.0,,2024,1,1
360.79,,71.54,,60.51,,2022,2,0
468.91,,77.9,,45.44,,2024,4,1
343.74,,65.32,,17.93,,2021,2,0
362.49,,72.71,,31.25,,2024,0,0
350.21,,72.89,,86.41,,2023,0,0
375.21,,73.28,,8.0,,2022,0,0
347.93,,72.16,,111.82,,2023,1,1
406.77,,57.96,,26.73,,2019,1,0
390.85,,49.39,,82.47,,2021,1,0
422.55,,62.58,,83.02,,2022,2,0
322.2,,66.69,,8.0,,2023,2,0
361.28,,60.22,,63.9,,2020,1,1
367.59,,71.44,,55.44,,2024,2,0
405.06,,82.9,,8.0,,2024,0,1
336.37,,79.26,,118.54,,2022,2,1
430.36,,76.66,,42.28,,2024,0,0
445.25,,81.85,,8.0,,2022,1,1
325.61,,62.75,,8.0,,2024,0,0
353.0,,67.43,,34.67,,2023,2,0
350.74,,78.15,,8.0,,2020,1,0
524.78,,67.25,,8.0,,2022,1,1
356.36,,67.8,,124.54,,2021,1,1
472.27,,90.62,,57.35,,2023,2,0
310.34,,72.95,,39.93,,2023,0,0
325.57,,89.64,,9.84,,2023,2,1
342.24,,53.77,,10.36,,2022,3,1
333.49,,65.69,,24.79,,2022,1,0
365.27,,76.09,,58.91,,2024,1,0
341.02,,72.94,,8.0,,2018,1,1
334.94,,51.44,,8.0,,2019,1,0
443.72,,69.7,,85.73,,2022,2,1
447.31,,96.73,,70.66,,2023,0,1
432.21,,74.47,,49.83,,2024,2,0
408.82,,78.04,,29.07,,2022,0,0
385.1,,65.56,,8.0,,2021,2,0
352.66,,74.43,,8.0,,2024,0,0
327.58,,71.88,,99.03,,2022,0,0
399.96,,83.19,,20.25,,2019,0,0
315.45,,82.87,,49.97,,2022,2,0
325.33,,76.08,,25.59,,2022,1,1
443.41,,72.71,,55.14,,2020,3,0
484.54,,55.21,,9.02,,2020,1,1
401.63,,54.86,,27.84,,2020,0,1
440.86,,72.82,,19.87,,2024,0,1
366.48,,80.75,,11.81,,2022,1,0
306.43,,85.32,,38.24,,2023,2,1
413.67,,63.1,,32.34,,2024,1,0
411.31,,56.91,,28.75,,2023,1,1
383.94,,81.33,,37.56,,2020,0,0
366.67,,63.85,,8.0,,2022,2,0
432.92,,56.23,,19.44,,2022,1,1
325.78,,67.06,,16.49,,2023,1,1
337.44,,66.89,,61.58,,2024,2,1
324.55,,85.2,,8.0,,2021,1,0
384.67,,80.66,,13.91,,2024,2,0
320.17,,64.63,,105.19,,2019,2,0
342.37,,85.98,,15.0,,2024,2,0
341.18,,73.25,,8.0,,2023,2,1
365.67,,82.61,,59.48,,2018,1,0
298.19,,85.27,,8.0,,2023,0,0
384.8,,69.37,,23.34,,2024,0,0
448.6,,77.71,,81.21,,2022,2,1
387.45,,67.93,,129.41,,2019,0,0
464.77,,81.3,,12.03,,2024,0,0
453.37,,72.9,,14.75,,2022,2,1
422.78,,81.6,,35.18,,2022,2,0
384.11,,87.25,,10.79,,2024,0,1
381.24,,77.47,,8.0,,2022,1,1
422.01,,71.07,,23.31,,2023,0,1
358.46,,71.23,,8.0,,2023,3,0
276.46,,42.43,,94.35,,2023,1,0
407.06,,64.87,,17.08,,2024,2,1
317.79,,81.33,,17.22,,2019,2,0
327.08,,81.7,,65.82,,2024,1,0
380.01,,64.65,,17.55,,2022,1,0
374.77,,73.65,,60.1,,2022,0,1
302.34,,70.11,,8.4,,2024,1,0
389.1,,78.9,,31.62,,2021,1,0
433.14,,94.09,,61.46,,2023,0,0
317.94,,79.08,,25.1,,2021,1,1
449.99,,65.3,,8.0,,2023,2,0
294.19,,71.22,,56.08,,2022,2,0
496.45,,86.02,,28.62,,2020,0,1
357.38,,57.91,,15.98,,2024,2,0
388.01,,65.85,,207.19,,2023,0,0
275.94,,79.1,,87.7,,2018,1,0
376.58,,84.94,,8.0,,2019,0,0
392.57,,78.09,,37.82,,2021,1,0
375.26,,65.93,,18.39,,2023,3,0
349.03,,77.37,,8.0,,2021,1,0
327.94,,76.14,,8.0,,2024,2,0
442.18,,75.51,,36.81,,2024,2,1
381.69,,71.03,,16.21,,2024,0,1
464.74,,72.53,,51.03,,2018,0,0
351.04,,62.93,,25.45,,2024,1,0
356.09,,96.8,,61.09,,2022,1,0
424.86,,73.57,,70.43,,2022,1,1
290.74,,77.49,,44.97,,2019,1,0
313.26,,69.82,,22.73,,2023,0,1
440.36,,80.45,,187.46,,2022,2,1
315.54,,59.02,,15.38,,2022,1,0
279.95,,54.54,,30.36,,2020,5,0
482.77,,71.7,,30.86,,2022,1,1
303.34,,92.54,,23.49,,2019,0,1
390.13,,84.08,,8.0,,2018,0,0
383.8,,63.92,,18.35,,2020,2,1
225.42,,77.16,,10.18,,2024,0,0
365.3,,65.64,,96.65,,2023,2,0
404.66,,76.26,,44.74,,2024,2,1
399.49,,77.04,,14.26,,2021,0,0
429.69,,81.26,,35.03,,2021,1,0
358.69,,56.34,,80.59,,2023,0,1
419.19,,59.34,,114.44,,2022,2,0
342.09,,71.24,,8.0,,2021,2,0
302.42,,61.68,,64.93,,2022,0,1
308.62,,60.9,,142.4,,2019,3,0
299.58,,74.72,,26.45,,2020,0,0
435.53,,62.84,,227.27,,2023,0,1
296.7,,94.58,,132.23,,2023,2,0
395.07,,66.67,,44.93,,2022,1,0
365.37,,69.3,,79.02,,2020,1,1
374.35,,74.98,,14.77,,2022,1,1
455.0,,56.92,,104.77,,2024,1,0
355.89,,77.09,,37.64,,2024,0,0
413.64,,75.41,,29.93,,2022,0,0
382.07,,68.51,,75.84,,2024,4,0
371.64,,74.74,,92.51,,2023,1,0
506.5,,76.28,,50.74,,2022,2,1
300.73,,86.35,,8.0,,2023,1,0
450.9,,97.0,,38.19,,2021,2,1
416.1,,61.38,,72.41,,2024,2,0
353.63,,59.03,,33.1,,2021,2,0
469.61,,73.03,,114.71,,2023,1,0
278.35,,51.21,,95.6,,2021,2,0
351.3,,78.49,,31.68,,2024,3,0
313.53,,73.13,,21.72,,2020,2,0
402.66,,75.67,,8.0,,2023,1,0
318.78,,68.96,,42.05,,2022,0,1
403.82,,74.55,,12.99,,2018,2,0
369.75,,76.72,,46.37,,2021,1,1
353.64,,74.0,,67.34,,2020,1,0
401.38,,58.55,,22.07,,2022,1,1
365.23,,73.72,,8.0,,2021,1,0
320.13,,90.54,,84.18,,2019,1,1
534.08,,74.41,,33.44,,2024,0,1
353.21,,73.37,,15.88,,2024,1,0
258.03,,87.6,,42.19,,2018,3,0
333.68,,64.54,,47.13,,2021,1,1
310.3,,80.9,,8.0,,2023,1,1
425.44,,66.7,,43.66,,2021,0,0
397.69,,82.87,,14.19,,2021,0,0
401.93,,79.98,,68.36,,2022,2,1
359.65,,67.88,,119.23,,2020,1,1
364.64,,69.34,,8.0,,2023,1,0
359.6,,81.78,,104.72,,2019,2,0
375.53,,53.45,,98.18,,2021,2,0
425.94,,67.58,,17.64,,2019,2,1
398.48,,78.2,,8.0,,2021,1,0
407.51,,68.92,,45.71,,2023,2,0
407.48,,73.35,,17.75,,2023,0,0
428.64,,51.59,,8.94,,2020,1,0
395.85,,63.46,,8.0,,2023,2,1
399.74,,78.79,,9.16,,2019,0,1
445.38,,64.49,,11.39,,2020,0,0
343.42,,58.98,,66.73,,2022,1,1
332.93,,82.62,,64.33,,2024,0,1
314.77,,77.16,,28.65,,2024,3,0
390.06,,61.11,,33.85,,2022,3,0
278.04,,73.39,,104.95,,2024,1,1
405.42,,61.44,,100.23,,2022,1,1
373.99,,70.48,,74.1,,2023,2,1
442.41,,73.76,,19.69,,2023,3,1
343.04,,63.92,,19.18,,2023,2,0
368.82,,79.42,,91.9,,2022,1,0
441.72,,80.97,,109.65,,2024,3,0
456.07,,74.64,,67.27,,2022,1,0
342.59,,76.14,,59.44,,2023,0,1
390.0,,57.47,,34.31,,2024,1,0
396.19,,85.62,,17.35,,2023,4,1
400.55,,71.09,,11.56,,2022,2,0
365.56,,62.65,,8.0,,2022,2,0
450.48,,73.46,,54.71,,2023,1,1
276.07,,79.45,,63.02,,2019,0,1
356.84,,77.12,,18.66,,2023,1,0
404.64,,61.15,,8.0,,2021,2,1
405.15,,79.58,,117.19,,2020,0,0
454.4,,71.39,,24.13,,2024,0,1
445.9,,77.01,,154.25,,2022,0,0
364.3,,63.98,,47.51,,2022,0,0
451.49,,82.46,,8.0,,2022,2,0
340.73,,73.83,,16.63,,2023,0,1
431.2,,83.89,,44.95,,2020,0,0
479.58,,56.65,,44.0,,2023,2,1
446.82,,57.99,,11.09,,2021,0,0
385.82,,69.6,,8.17,,2023,1,0
361.75,,86.68,,13.61,,2023,1,0
295.93,,91.63,,64.93,,2018,0,1
397.08,,63.12,,11.63,,2023,0,0
318.66,,72.53,,50.82,,2021,0,0
336.38,,73.55,,85.69,,2021,2,1
314.51,,79.18,,20.87,,2021,3,0
354.68,,80.85,,8.0,,2022,3,1
378.46,,60.86,,8.0,,2019,3,0
395.05,,72.65,,15.7,,2023,2,1
346.97,,51.91,,8.85,,2022,0,0
438.81,,80.11,,14.36,,2020,0,0
368.55,,68.61,,32.98,,2022,1,0
336.68,,59.95,,8.0,,2022,1,1
392.45,,75.33,,8.0,,2021,0,0
488.0,,68.3,,81.32,,2024,1,0
398.43,,84.61,,31.03,,2023,0,1
360.04,,63.07,,115.15,,2023,2,0
295.99,,94.23,,8.0,,2019,0,1
367.93,,80.55,,8.0,,2022,2,1
392.92,,84.88,,56.51,,2024,1,0
358.68,,61.71,,27.16,,2023,0,0
288.4,,89.88,,102.94,,2020,2,0
333.22,,59.87,,64.87,,2024,0,0
460.0,,69.9,,29.45,,2021,2,0
458.87,,85.05,,27.35,,2024,1,0
331.23,,77.07,,70.01,,2022,2,1
417.0,,59.61,,68.38,,2023,3,0
315.18,,83.35,,13.62,,2023,0,0
457.24,,75.4,,47.16,,2021,3,0
393.49,,67.84,,43.28,,2023,1,0
432.23,,56.58,,81.42,,2018,1,1
285.67,,76.35,,85.23,,2024,3,1
417.27,,70.37,,13.12,,2024,0,0
379.58,,73.56,,88.96,,2020,0,0
426.86,,56.15,,108.55,,2024,2,1
430.32,,67.81,,8.0,,2020,0,0
383.62,,76.8,,35.81,,2022,1,1
346.95,,90.76,,24.09,,2021,1,1
422.88,,69.95,,21.59,,2020,1,0
376.69,,86.43,,51.25,,2023,0,0
332.0,,79.87,,8.0,,2024,1,0
329.39,,74.34,,72.01,,2024,2,0
298.76,,61.88,,8.0,,2018,0,1
351.93,,62.3,,36.27,,2024,2,0
440.65,,78.18,,10.72,,2019,3,1
389.78,,66.74,,46.24,,2022,0,0
350.86,,65.85,,31.3,,2020,2,0
424.27,,70.19,,240.0,,2024,1,0
334.21,,70.36,,83.28,,2022,2,0
385.24,,81.01,,17.24,,2022,0,0
370.12,,66.95,,31.58,,2022,0,1
422.85,,80.01,,16.06,,2022,2,0
293.25,,76.4,,54.8,,2022,1,0
333.24,,55.26,,23.05,,2022,4,0
289.9,,74.95,,8.0,,2024,1,0
365.72,,45.32,,45.41,,2020,0,0
446.63,,63.05,,8.0,,2024,1,0
352.2,,76.63,,14.82,,2024,0,0
351.91,,71.89,,99.82,,2024,2,0
427.94,,54.32,,8.0,,2024,1,0
438.77,,60.81,,29.49,,2024,2,1
375.13,,45.91,,66.58,,2019,0,0
417.66,,58.57,,98.64,,2024,3,0
320.77,,77.79,,34.47,,2024,3,0
455.79,,66.43,,8.0,,2021,0,1
498.18,,73.7,,118.77,,2023,0,0
408.67,,72.14,,58.1,,2024,1,0
265.36,,72.33,,21.15,,2019,1,0
349.3,,82.23,,13.62,,2021,2,0
413.71,,69.97,,8.0,,2024,1,1
356.82,,81.11,,8.92,,2022,3,0
449.97,,47.23,,63.15,,2019,1,0
412.35,,83.11,,8.0,,2024,2,0
341.14,,59.1,,8.0,,2024,1,0
381.77,,61.27,,9.16,,2024,3,1
330.84,,64.95,,21.13,,2023,3,1
369.96,,82.84,,8.8,,2022,0,0
349.5,,63.11,,98.56,,2024,4,0
444.61,,65.44,,12.51,,2021,1,1
496.38,,62.38,,105.81,,2021,2,1
301.28,,74.55,,176.23,,2020,1,0
274.22,,79.44,,59.04,,2022,1,0
366.52,,89.04,,8.0,,2020,2,0
296.49,,96.0,,11.53,,2021,0,1
382.54,,78.5,,13.06,,2023,3,0
421.19,,75.66,,32.87,,2022,1,1
462.18,,59.83,,8.0,,2023,1,1
391.08,,91.09,,8.0,,2022,0,0
369.38,,74.15,,8.15,,2020,1,0
271.19,,69.11,,16.65,,2023,0,0
381.44,,75.88,,8.0,,2019,1,1
383.92,,65.64,,9.13,,2024,4,0
415.14,,48.62,,8.0,,2024,1,0
341.03,,77.72,,62.16,,2024,0,1
356.07,,85.42,,8.0,,2020,1,0
298.71,,77.57,,65.86,,2022,2,1
253.98,,71.93,,29.81,,2020,1,0
319.03,,72.13,,59.57,,2022,0,0
293.63,,73.72,,25.14,,2020,1,1
398.52,,73.42,,97.15,,2024,2,1
351.5,,71.39,,13.59,,2019,1,0
350.4,,72.25,,61.15,,2020,0,0
325.86,,87.55,,8.0,,2021,1,0
202.21,,76.72,,89.99,,2023,2,0
462.96,,73.05,,8.0,,2023,3,1
324.99,,78.59,,25.68,,2020,2,1
357.32,,78.59,,22.97,,2023,0,1
299.98,,81.46,,41.06,,2024,1,0
433.46,,64.43,,24.42,,2022,2,0
387.89,,67.19,,37.34,,2023,3,0
334.55,,63.86,,83.09,,2022,2,0
358.43,,79.67,,8.0,,2021,1,0
472.3,,79.18,,11.76,,2018,1,0
375.99,,59.27,,68.19,,2020,1,0
370.0,,75.91,,10.87,,2024,2,0
328.22,,85.72,,99.15,,2021,3,1
275.8,,69.65,,32.69,,2021,2,1
371.2,,75.14,,8.0,,2023,2,0
397.9,,79.3,,8.0,,2024,1,1
440.48,,58.79,,60.45,,2021,1,1
256.33,,73.52,,81.5,,2020,3,0
318.12,,84.72,,11.52,,2024,1,1
348.06,,66.07,,11.57,,2023,1,0
379.81,,80.32,,129.42,,2023,2,0
372.02,,72.27,,44.84,,2022,1,1
373.31,,65.25,,8.0,,2022,1,0
402.45,,71.03,,25.0,,2023,0,0
330.32,,66.74,,101.34,,2020,2,0
431.38,,63.12,,40.77,,2024,0,1
403.84,,69.46,,21.98,,2022,1,0
362.41,,72.68,,8.0,,2023,0,1
468.05,,70.34,,54.37,,2024,1,0
465.6,,69.35,,13.59,,2019,0,0
431.31,,74.26,,35.05,,2023,1,1
213.98,,77.31,,38.5,,2021,1,0
466.84,,60.56,,34.05,,2021,0,0
423.71,,69.48,,11.89,,2023,1,1
490.35,,52.26,,51.74,,2024,0,1
448.06,,70.38,,35.06,,2024,2,0
466.81,,73.51,,21.71,,2021,0,1
428.33,,77.7,,8.0,,2023,0,0
454.18,,73.54,,16.9,,2021,0,0
489.68,,77.48,,18.25,,2022,1,0
391.91,,72.65,,65.78,,2019,1,1
293.53,,65.24,,30.26,,2024,0,0
363.09,,60.84,,112.98,,2023,2,0
401.45,,69.37,,58.35,,2024,0,1
384.12,,64.34,,32.43,,2020,1,0
311.44,,70.8,,8.0,,2019,0,0
290.29,,67.08,,10.49,,2024,1,1
339.24,,76.19,,8.0,,2024,1,1
424.43,,72.49,,24.57,,2020,3,1
466.92,,76.47,,53.85,,2023,2,1
430.41,,76.42,,59.82,,2020,2,0
438.16,,70.2,,8.0,,2018,1,0
375.56,,70.82,,28.77,,2022,1,0
284.19,,77.02,,27.58,,2024,1,1
354.96,,96.46,,24.27,,2022,0,1
365.77,,62.11,,15.05,,2022,0,0
352.66,,72.42,,27.13,,2021,3,0
383.01,,60.04,,30.53,,2021,1,0
404.28,,71.79,,38.45,,2021,0,0
426.92,,65.26,,19.9,,2020,0,0
364.7,,70.8,,121.89,,2019,0,0
275.29,,73.55,,17.38,,2023,0,0
353.44,,67.11,,94.68,,2021,0,1
382.4,,54.16,,67.86,,2020,3,1
447.25,,86.26,,26.29,,2023,1,0
348.77,,80.39,,28.8,,2024,1,0
408.19,,70.69,,85.64,,2023,1,0
395.95,,63.05,,28.51,,2020,1,0
382.41,,72.85,,47.77,,2022,0,0
431.18,,75.61,,69.6,,2024,3,0
343.65,,79.7,,100.16,,2019,1,1
348.36,,80.62,,10.34,,2021,2,0
379.35,,82.51,,155.55,,2021,1,1
344.79,,54.59,,141.2,,2022,1,1
407.94,,68.95,,14.82,,2022,0,0
340.77,,81.93,,39.95,,2022,4,0
392.45,,62.76,,8.0,,2020,1,0
374.49,,84.19,,8.0,,2022,1,1
391.82,,90.1,,36.82,,2021,2,0
354.71,,83.91,,44.11,,2024,4,1
361.35,,78.62,,32.12,,2023,2,1
385.28,,67.52,,51.23,,2024,1,0
391.11,,74.82,,66.13,,2023,2,0
379.77,,58.54,,8.0,,2019,1,1
473.79,,64.19,,45.26,,2022,0,0
325.51,,64.89,,34.73,,2023,0,1
376.47,,72.62,,8.0,,2022,3,1
293.45,,68.08,,10.9,,2023,0,0
400.46,,74.62,,22.85,,2024,1,0
318.66,,80.78,,83.72,,2020,3,0
364.69,,64.9,,10.28,,2024,1,1
359.54,,73.49,,8.48,,2019,2,1
395.45,,67.84,,53.61,,2024,1,0
349.6,,73.9,,156.29,,2020,0,0
347.26,,78.86,,24.91,,2023,1,0
458.97,,81.21,,18.1,,2023,3,0
395.65,,78.7,,12.3,,2024,1,1
349.14,,76.14,,8.0,,2022,0,0
366.2,,57.8,,8.25,,2020,1,1
470.49,,61.19,,8.0,,2023,1,0
367.07,,63.76,,28.62,,2023,3,0
342.09,,75.59,,160.68,,2021,1,0
342.33,,59.09,,65.03,,2021,1,0
349.8,,75.38,,38.66,,2021,2,0
347.3,,74.64,,28.0,,2024,1,1
309.62,,52.64,,40.33,,2024,0,0
318.17,,61.12,,19.81,,2024,0,0
334.39,,82.44,,8.25,,2019,3,1
412.54,,78.97,,37.42,,2023,0,1
359.03,,63.5,,31.54,,2021,1,1
368.61,,61.65,,121.47,,2023,1,0
449.85,,47.5,,44.07,,2024,0,1
451.23,,86.71,,62.36,,2023,3,0
364.48,,72.41,,8.0,,2024,0,0
345.3,,90.84,,60.1,,2021,1,0
332.46,,70.08,,170.76,,2023,1,0
418.1,,74.83,,45.0,,2022,3,0
368.74,,80.91,,56.92,,2024,3,0
358.74,,88.39,,163.31,,2022,1,0
335.25,,77.01,,20.85,,2023,2,0
337.67,,72.02,,73.01,,2023,2,0
397.6,,72.28,,21.43,,2024,1,1
307.65,,61.54,,23.31,,2022,0,1
434.72,,68.18,,45.09,,2019,1,0
350.64,,72.51,,12.44,,2024,2,1
371.77,,85.82,,207.11,,2022,3,0
306.47,,67.7,,16.77,,2023,0,1
379.32,,82.63,,8.0,,2023,0,0
361.94,,71.18,,16.36,,2022,0,0
377.25,,84.44,,81.38,,2024,1,0
460.94,,78.77,,15.82,,2023,1,0
389.77,,78.09,,39.69,,2020,3,0
336.29,,81.79,,115.01,,2024,2,1
340.88,,80.33,,12.64,,2024,2,0
412.73,,82.64,,8.0,,2021,1,0
451.43,,93.32,,8.0,,2024,0,1
395.51,,88.17,,24.38,,2023,0,1
417.88,,76.66,,8.0,,2020,2,1
413.54,,67.58,,25.4,,2024,1,0
458.05,,75.66,,83.4,,2019,1,0
272.77,,52.74,,63.12,,2023,2,1
416.7,,80.29,,36.61,,2024,3,0
434.11,,61.4,,79.8,,2024,1,1
306.37,,83.22,,8.0,,2018,2,1
331.29,,91.8,,39.48,,2022,2,1
333.21,,57.49,,8.0,,2019,2,0
339.92,,71.5,,27.64,,2021,1,0
353.51,,61.36,,26.15,,2024,0,0
393.34,,54.72,,12.94,,2024,1,0
427.61,,70.94,,74.39,,2023,0,0
439.47,,78.35,,10.88,,2024,1,1
333.92,,79.54,,33.71,,2021,1,1
333.54,,73.54,,27.65,,2024,2,1
452.37,,55.36,,23.73,,2023,1,1
415.57,,73.23,,8.0,,2023,3,0
384.56,,57.07,,50.11,,2019,0,0
406.03,,57.73,,8.0,,2021,0,0
378.36,,62.03,,72.15,,2018,2,0
408.85,,82.5,,13.01,,2020,1,0
361.52,,77.45,,8.0,,2021,0,0
394.78,,75.23,,22.66,,2022,2,1
296.92,,63.37,,34.42,,2023,2,0
342.17,,68.12,,15.61,,2019,4,0
342.76,,58.3,,8.0,,2019,1,0
359.41,,85.64,,8.0,,2024,0,0
329.04,,93.97,,51.1,,2020,0,0
350.66,,77.57,,91.37,,2022,1,0
296.71,,79.32,,8.0,,2019,1,0
410.18,,70.41,,11.01,,2022,2,0
375.46,,55.81,,8.0,,2019,1,1
286.21,,63.56,,90.86,,2023,1,0
334.08,,67.35,,24.71,,2019,1,1
398.51,,68.15,,108.9,,2022,2,0
350.13,,65.85,,26.51,,2022,2,1
341.67,,72.48,,83.24,,2024,0,0
375.9,,63.5,,127.32,,2022,1,0
398.9,,93.68,,17.14,,2019,1,1
301.0,,58.35,,42.99,,2022,0,0
410.26,,80.87,,46.11,,2023,1,1
335.98,,69.38,,8.0,,2021,0,1
379.01,,76.63,,24.22,,2023,0,1
378.05,,77.08,,81.2,,2019,1,0
351.01,,73.57,,122.81,,2022,1,0
323.7,,60.67,,96.38,,2020,2,0
364.29,,68.68,,151.54,,2021,2,0
469.39,,73.69,,44.46,,2023,1,0
305.11,,73.06,,11.13,,2023,2,0
473.08,,61.77,,35.98,,2021,1,1
365.72,,84.91,,22.96,,2024,1,1
381.95,,47.06,,12.57,,2021,5,1
320.23,,69.5,,62.24,,2020,0,0
337.58,,62.79,,41.67,,2024,1,0
352.34,,73.82,,65.57,,2023,1,1
322.49,,82.17,,13.19,,2023,1,1
368.51,,57.93,,98.37,,2023,1,0
357.61,,95.54,,11.46,,2024,0,1
481.79,,74.02,,38.69,,2021,2,0
315.87,,75.82,,8.0,,2022,2,0
385.65,,57.6,,32.7,,2023,0,0
393.63,,71.53,,8.0,,2020,2,1
321.13,,81.72,,16.96,,2021,1,0
417.78,,74.1,,82.78,,2021,0,0
358.09,,73.4,,94.07,,2021,1,1
242.92,,71.48,,61.24,,2023,2,0
416.29,,58.22,,19.25,,2022,2,1
318.57,,58.16,,36.31,,2023,2,1
322.37,,83.69,,10.65,,2022,2,0
417.83,,80.82,,47.64,,2024,3,1
360.91,,82.3,,17.93,,2022,2,0
430.48,,63.77,,10.49,,2023,1,0
446.56,,70.42,,36.94,,2021,4,1
344.53,,84.32,,8.0,,2019,0,1
423.63,,59.71,,48.74,,2024,1,1
338.45,,83.3,,8.7,,2024,1,0
502.82,,66.13,,33.86,,2024,2,1
341.89,,63.45,,20.93,,2024,3,0
436.43,,71.68,,35.08,,2021,0,0
426.41,,60.83,,11.86,,2022,3,1
397.38,,53.03,,15.61,,2024,3,0
343.12,,72.76,,8.0,,2023,2,0
371.67,,77.34,,63.02,,2024,1,1
261.55,,84.15,,8.0,,2023,1,0
392.34,,78.07,,19.84,,2022,0,0
399.23,,91.65,,25.04,,2024,1,1
387.34,,85.61,,9.12,,2022,5,0
216.47,,79.38,,20.41,,2024,0,0
310.39,,76.69,,22.74,,2018,2,0
338.85,,84.3,,10.67,,2022,2,0
396.04,,49.87,,42.82,,2021,3,1
395.91,,67.2,,8.0,,2021,1,1
370.64,,53.42,,9.24,,2019,2,1
414.94,,78.63,,41.09,,2021,1,0
323.56,,64.57,,41.48,,2022,0,1
413.56,,102.2,,12.95,,2023,1,1
406.11,,66.82,,48.26,,2024,2,1
400.77,,73.06,,26.65,,2020,0,1
369.99,,67.98,,31.47,,2023,1,1
480.69,,67.11,,16.98,,2018,1,1
407.13,,59.53,,174.4,,2024,1,1
326.74,,59.2,,56.16,,2022,1,1
393.66,,50.21,,11.99,,2024,1,0
421.39,,77.45,,11.34,,2021,1,0
347.65,,67.75,,62.5,,2021,0,0
439.91,,91.34,,20.62,,2019,1,0
401.01,,59.56,,8.0,,2019,0,0
251.16,,86.76,,8.0,,2024,2,0
396.48,,87.72,,22.44,,2021,1,1
357.67,,84.77,,22.5,,2021,1,0
409.54,,74.35,,51.54,,2022,2,0
431.93,,68.62,,35.92,,2023,0,0
390.73,,84.76,,61.75,,2018,1,1
471.59,,64.09,,16.06,,2022,0,1
370.17,,74.71,,41.11,,2023,1,0
414.36,,71.56,,91.1,,2024,2,0
424.27,,63.09,,8.0,,2020,2,1
374.65,,74.78,,51.77,,2022,1,0
422.83,,79.42,,52.85,,2022,1,1
347.29,,62.69,,66.36,,2024,0,0
356.76,,76.6,,13.16,,2021,1,1
307.81,,49.71,,22.63,,2019,1,0
393.28,,61.51,,11.51,,2023,2,0
397.89,,67.43,,15.5,,2023,1,0
444.86,,75.57,,145.24,,2022,1,0
423.51,,80.69,,24.78,,2022,1,1
364.34,,72.83,,79.28,,2020,1,0
315.2,,77.67,,66.53,,2022,1,1
403.81,,70.39,,24.69,,2018,1,0
441.09,,76.05,,203.74,,2022,0,0
421.54,,75.52,,77.17,,2022,1,0
439.65,,66.91,,27.68,,2024,0,1
368.35,,68.45,,15.57,,2021,1,1
354.34,,78.0,,8.0,,2018,0,1
339.47,,90.12,,26.25,,2023,1,0
376.93,,84.07,,18.74,,2020,1,0
375.68,,60.71,,52.19,,2022,3,0
391.37,,60.74,,8.0,,2020,0,0
372.89,,66.64,,74.78,,2022,1,0
372.65,,72.99,,22.64,,2022,0,1
337.28,,72.48,,26.64,,2023,0,0
431.79,,84.4,,8.48,,2021,1,0
384.21,,84.95,,116.44,,2019,0,0
370.41,,72.06,,21.34,,2022,0,1
338.89,,69.72,,77.69,,2024,0,0
306.74,,77.17,,11.39,,2022,2,1
451.94,,82.63,,8.0,,2021,0,1
410.51,,77.52,,42.42,,2022,2,0
290.68,,67.68,,174.78,,2022,3,0
421.97,,65.88,,43.73,,2019,0,0
430.74,,60.89,,39.41,,2022,0,0
386.84,,73.93,,24.52,,2019,2,0
467.9,,78.23,,14.02,,2020,3,1
391.92,,79.35,,23.67,,2021,1,0
302.07,,83.52,,8.0,,2023,0,1
400.08,,86.8,,12.75,,2024,0,0
393.47,,58.25,,28.07,,2021,1,0
346.82,,76.05,,8.0,,2022,0,0
411.55,,76.39,,65.85,,2019,4,0
288.28,,71.26,,8.0,,2024,2,0
434.48,,63.72,,16.3,,2023,0,0
331.7,,86.45,,30.53,,2020,1,1
325.83,,66.11,,111.06,,2024,1,0
373.74,,50.07,,35.79,,2021,2,1
403.81,,72.2,,14.68,,2021,3,0
389.02,,69.62,,18.23,,2021,5,1
339.15,,90.58,,17.4,,2022,3,0
352.17,,76.9,,8.35,,2018,0,0
317.68,,68.95,,8.0,,2023,2,0
367.64,,70.03,,27.52,,2024,2,1
439.13,,69.92,,13.23,,2024,1,0
379.77,,94.17,,8.0,,2024,1,0
427.27,,78.75,,10.25,,2023,2,0
460.05,,57.93,,30.89,,2021,1,0
347.66,,69.56,,12.47,,2020,1,0
369.74,,71.76,,11.4,,2021,3,1
499.42,,60.92,,40.71,,2020,2,1
459.44,,54.17,,49.11,,2024,0,1
288.02,,77.96,,11.6,,2022,1,0
401.29,,63.95,,26.83,,2024,2,0
380.03,,84.49,,60.75,,2021,1,0
425.45,,72.08,,49.18,,2020,1,0
339.03,,67.26,,8.0,,2024,1,0
333.82,,47.83,,18.75,,2023,1,0
342.82,,84.22,,53.96,,2022,0,0
348.54,,74.94,,8.31,,2019,0,0
424.84,,67.52,,9.16,,2021,2,1
315.03,,63.1,,41.78,,2019,2,0
345.76,,87.99,,14.02,,2024,4,0
281.6,,61.36,,16.43,,2020,2,0
435.39,,68.31,,31.07,,2022,1,1
449.91,,77.7,,58.32,,2024,1,0
362.01,,86.51,,28.97,,2023,2,0
363.61,,69.84,,94.03,,2023,1,0
404.93,,64.65,,8.0,,2024,0,0
461.1,,70.93,,58.93,,2023,0,0
402.47,,81.04,,32.95,,2022,1,1
341.64,,83.29,,71.26,,2019,1,0
290.96,,58.25,,15.98,,2022,0,1
318.67,,73.15,,27.63,,2020,0,0
384.03,,57.66,,72.87,,2022,2,1
343.96,,80.84,,74.86,,2018,0,0
390.72,,76.22,,19.81,,2021,2,0
349.59,,62.79,,72.54,,2019,1,0
321.8,,87.34,,48.17,,2020,2,1
315.26,,75.35,,22.12,,2023,1,0
465.93,,74.25,,146.87,,2024,1,1
428.89,,70.21,,8.0,,2022,2,0
475.18,,71.92,,20.26,,2020,0,0
409.7,,68.19,,15.4,,2021,2,0
356.35,,64.59,,115.3,,2020,0,0
452.78,,84.29,,8.0,,2018,3,0
378.18,,67.07,,41.53,,2024,1,0
392.15,,66.74,,52.96,,2022,1,0
377.64,,70.71,,8.55,,2020,1,0
217.92,,86.25,,8.0,,2023,3,0
468.26,,83.31,,8.0,,2020,0,1
407.01,,68.05,,8.0,,2020,1,0
398.14,,84.27,,69.36,,2023,0,0
376.6,,73.08,,121.03,,2022,0,0
388.99,,63.57,,97.31,,2024,0,1
347.15,,67.24,,19.09,,2022,2,1
413.91,,85.73,,54.36,,2020,1,1
308.11,,92.83,,73.7,,2022,1,0
390.23,,75.2,,70.3,,2023,2,1
410.89,,66.33,,8.0,,2023,1,0
369.07,,70.75,,10.16,,2021,4,1
400.4,,64.38,,117.43,,2021,0,0
325.48,,65.83,,56.56,,2023,1,0
326.88,,64.85,,75.51,,2022,3,1
393.02,,71.21,,30.32,,2019,1,0
417.32,,73.21,,20.97,,2022,1,0
276.88,,70.52,,44.24,,2022,2,0
408.71,,69.79,,26.89,,2024,0,1
350.12,,79.6,,19.66,,2019,1,0
369.4,,69.71,,17.96,,2018,3,0
306.33,,70.35,,8.0,,2024,3,1
333.16,,70.23,,31.66,,2020,1,0
433.14,,87.43,,30.81,,2018,1,0
381.81,,67.09,,37.53,,2020,0,0
358.95,,77.96,,8.0,,2024,1,0
373.59,,64.52,,103.5,,2020,3,0
406.91,,75.5,,56.91,,2021,3,0
404.23,,77.46,,8.0,,2023,1,1
375.87,,82.84,,8.0,,2020,1,1
440.11,,68.16,,43.25,,2023,1,0
433.38,,60.86,,17.55,,2023,0,1
402.74,,64.16,,16.14,,2020,1,0
383.0,,81.65,,76.97,,2019,1,1
416.15,,92.82,,17.78,,2022,2,0
397.28,,80.34,,42.01,,2023,2,0
438.34,,59.38,,32.35,,2024,0,0
429.48,,80.01,,12.82,,2018,3,1
324.0,,62.56,,16.92,,2022,1,0
320.27,,68.51,,120.46,,2021,0,0
341.43,,73.87,,16.91,,2022,0,0
433.69,,75.55,,64.36,,2022,1,0
293.3,,72.65,,82.96,,2023,5,0
401.71,,65.99,,8.0,,2018,0,0
399.94,,82.6,,45.7,,2020,0,0
443.95,,66.72,,58.1,,2023,0,1
389.92,,84.55,,23.91,,2022,1,0
306.12,,58.41,,35.38,,2020,0,0
327.24,,74.16,,8.0,,2019,2,1
314.99,,59.74,,16.11,,2024,2,1
350.41,,63.66,,51.65,,2021,1,0
369.94,,66.87,,38.76,,2022,2,0
315.9,,87.21,,8.0,,2018,3,0
460.89,,85.08,,185.93,,2023,0,0
307.11,,80.74,,116.64,,2024,2,1
454.04,,72.33,,10.66,,2024,1,0
445.18,,73.88,,87.38,,2021,3,0
429.41,,84.66,,13.06,,2024,0,0
341.84,,79.01,,34.84,,2022,1,0
398.83,,72.18,,63.99,,2021,2,0
309.74,,86.87,,17.71,,2024,0,1
430.1,,80.15,,34.02,,2023,1,0
375.93,,74.42,,25.14,,2022,1,1
357.49,,67.41,,59.97,,2022,0,1
312.69,,66.51,,27.36,,2024,0,0
243.74,,68.64,,35.15,,2022,0,0
322.88,,76.57,,78.45,,2024,1,0
441.2,,80.36,,50.38,,2023,2,0
357.84,,57.56,,31.49,,2019,4,0
370.69,,52.53,,25.98,,2020,0,1
416.06,,62.49,,8.0,,2018,2,0
479.31,,67.92,,8.0,,2018,0,1
452.88,,83.96,,128.22,,2023,1,0
326.52,,69.2,,8.67,,2019,1,1
273.16,,74.55,,13.62,,2020,0,1
509.78,,76.18,,39.65,,2020,3,0
504.79,,61.76,,73.91,,2022,1,0
390.36,,86.6,,75.21,,2020,0,0
310.12,,65.35,,74.34,,2021,0,0
432.98,,87.6,,160.47,,2021,4,0
374.06,,70.74,,8.0,,2021,1,1
373.79,,68.62,,21.44,,2024,1,0
429.2,,60.89,,102.84,,2024,3,1
398.39,,73.97,,26.45,,2019,2,1
314.78,,94.54,,86.11,,2019,3,1
362.14,,76.14,,8.0,,2019,1,0
416.36,,74.7,,29.48,,2021,3,1
408.06,,65.33,,107.39,,2024,0,0
394.41,,77.92,,12.72,,2023,1,0
431.34,,73.58,,111.48,,2021,1,0
360.11,,71.37,,8.0,,2023,2,0
389.83,,76.95,,8.0,,2024,1,1
194.34,,53.84,,27.21,,2020,1,1
355.27,,70.99,,8.0,,2024,4,0
422.01,,60.03,,10.74,,2023,2,1
358.53,,72.29,,14.83,,2019,2,1
354.36,,64.76,,27.59,,2023,2,1
322.72,,65.44,,20.8,,2019,1,0
435.19,,58.67,,107.22,,2018,0,1
410.17,,83.16,,91.21,,2023,3,0
425.4,,65.22,,57.9,,2024,1,1
285.06,,65.76,,45.22,,2022,2,1
371.18,,87.31,,9.6,,2018,2,0
364.59,,77.68,,38.68,,2022,1,0
364.57,,51.65,,8.0,,2020,2,0
346.12,,85.85,,25.32,,2022,2,1
360.96,,88.48,,26.0,,2021,0,0
426.73,,87.54,,49.15,,2023,0,1
274.79,,78.68,,75.71,,2021,1,1
477.75,,60.98,,16.23,,2020,0,1
406.61,,71.51,,8.0,,2023,0,0
377.67,,57.52,,8.0,,2022,3,0
429.88,,63.34,,87.28,,2021,3,0
300.15,,60.89,,27.98,,2023,2,1
343.44,,65.73,,11.97,,2021,1,0
373.34,,73.64,,8.0,,2021,1,0
455.11,,67.55,,31.6,,2021,1,0
377.44,,67.12,,8.0,,2020,1,1
404.75,,69.09,,22.66,,2022,1,0
347.57,,86.99,,30.48,,2024,0,0
406.78,,93.64,,10.93,,2024,4,1
472.25,,67.49,,9.31,,2020,1,0
434.75,,75.36,,8.0,,2024,1,0
375.52,,63.59,,36.99,,2021,1,0
417.15,,79.68,,9.4,,2022,2,0
411.76,,67.24,,88.44,,2019,2,0
407.86,,64.89,,38.88,,2023,0,0
441.16,,92.02,,34.14,,2022,2,1
440.75,,58.44,,29.51,,2023,1,0
373.01,,47.47,,10.18,,2023,1,0
415.3,,79.35,,146.46,,2024,2,0
358.93,,68.32,,143.33,,2023,0,0
329.23,,65.54,,16.28,,2024,1,0
365.18,,99.32,,62.88,,2022,1,0
375.8,,79.3,,8.0,,2021,0,0
288.61,,71.41,,63.69,,2022,2,1
427.32,,64.92,,14.17,,2022,0,1
227.8,,76.46,,14.33,,2022,1,0
529.31,,54.67,,29.72,,2022,0,0
462.6,,66.84,,20.92,,2024,3,0
365.64,,71.63,,8.0,,2023,3,0
380.52,,74.13,,37.76,,2023,0,1
396.66,,70.58,,10.11,,2023,1,1
347.6,,65.07,,24.69,,2021,3,0
390.59,,81.21,,11.03,,2022,2,1
372.08,,55.48,,81.86,,2020,1,0
374.82,,69.22,,17.33,,2022,2,0
389.98,,66.82,,91.76,,2020,0,0
307.76,,82.12,,16.58,,2024,1,0
382.18,,67.41,,8.31,,2022,1,0
388.99,,76.38,,36.1,,2018,0,1
387.09,,75.33,,34.02,,2018,0,1
368.13,,53.65,,40.52,,2023,1,0
442.58,,71.34,,15.11,,2023,0,0
360.55,,54.57,,16.2,,2023,1,0
392.5,,75.51,,11.38,,2023,0,1
451.35,,64.7,,110.74,,2018,1,0
375.63,,83.87,,48.25,,2020,2,0
391.8,,70.19,,59.29,,2021,0,1
374.7,,64.3,,9.07,,2019,0,0
448.06,,84.0,,45.51,,2020,1,0
365.83,,63.28,,60.41,,2022,3,0
450.58,,80.95,,17.61,,2022,0,1
374.3,,76.68,,8.0,,2024,2,0
332.73,,68.35,,50.15,,2020,0,0
417.37,,58.64,,39.67,,2022,1,1
363.24,,84.42,,36.0,,2024,0,0
414.13,,77.0,,8.47,,2019,1,1
229.88,,64.28,,12.79,,2024,1,0
380.29,,74.45,,41.18,,2021,1,1
354.72,,82.06,,39.94,,2024,0,1
321.52,,73.12,,33.98,,2023,1,0
349.57,,74.38,,61.39,,2023,3,0
348.45,,82.32,,70.79,,2018,2,0
377.36,,87.37,,13.59,,2024,3,0
304.8,,70.8,,8.0,,2022,2,0
397.4,,58.63,,9.43,,2019,2,1
455.14,,58.97,,13.87,,2023,1,0
395.45,,65.09,,123.97,,2024,1,1
424.49,,62.65,,8.0,,2024,0,0
440.2,,55.18,,88.62,,2022,1,1
448.01,,90.48,,9.55,,2022,0,0
482.86,,77.28,,17.99,,2022,1,0
352.54,,66.76,,8.0,,2021,0,1
340.48,,71.67,,8.0,,2021,1,0
423.09,,54.14,,8.0,,2022,1,1
418.95,,83.57,,17.63,,2024,1,0
422.66,,52.5,,31.15,,2024,4,0
483.91,,77.1,,9.41,,2020,1,1
380.63,,53.62,,113.32,,2020,2,0
403.44,,67.86,,37.08,,2020,5,1
326.08,,84.43,,90.86,,2022,2,0
497.44,,55.66,,8.0,,2020,0,0
361.49,,70.51,,8.0,,2023,2,1
363.05,,78.28,,78.78,,2023,1,0
360.93,,76.64,,35.25,,2024,3,0
344.53,,72.7,,117.19,,2024,1,1
339.88,,76.96,,8.0,,2020,1,1
351.2,,65.89,,8.0,,2021,3,0
304.88,,91.33,,104.31,,2020,1,0
336.81,,55.89,,50.4,,2023,0,0
487.19,,83.62,,69.13,,2023,1,0
420.46,,73.89,,14.74,,2018,0,1
430.92,,78.17,,8.0,,2020,0,0
444.75,,79.95,,27.7,,2021,1,1
480.88,,77.56,,193.46,,2020,2,0
282.57,,63.89,,100.0,,2022,1,1
312.36,,69.14,,8.0,,2018,2,1
335.8,,57.48,,8.74,,2024,1,1
354.16,,69.02,,15.66,,2022,1,0
363.47,,75.23,,74.52,,2022,0,0
355.42,,78.07,,73.14,,2022,2,0
392.06,,75.91,,8.59,,2022,3,0
381.94,,54.45,,31.99,,2022,2,1
340.24,,66.38,,29.26,,2019,1,1
260.34,,65.38,,22.47,,2021,0,0
325.39,,58.9,,32.24,,2023,1,0
349.79,,63.64,,14.55,,2021,0,1
366.41,,72.01,,31.85,,2021,2,1
317.87,,86.14,,48.6,,2022,3,0
353.01,,62.47,,8.0,,2022,2,0
317.8,,60.71,,143.66,,2022,1,1
373.08,,66.01,,8.0,,2024,1,0
320.98,,75.37,,18.76,,2020,2,1
333.31,,84.24,,26.71,,2023,1,1
308.02,,71.13,,8.0,,2018,0,0
371.56,,57.54,,33.38,,2023,0,0
332.35,,59.67,,85.68,,2020,0,0
429.87,,73.88,,97.14,,2024,2,1
402.32,,81.95,,16.58,,2021,2,0
376.16,,90.16,,34.37,,2022,1,0
336.14,,60.18,,62.99,,2022,1,1
400.93,,73.4,,12.24,,2023,1,0
417.99,,61.7,,31.57,,2021,0,0
387.85,,63.01,,19.19,,2020,1,0
468.2,,62.17,,19.95,,2023,0,1
405.28,,68.66,,8.0,,2022,2,1
430.25,,63.18,,21.94,,2019,2,1
387.35,,96.79,,8.0,,2022,1,0
417.16,,67.4,,15.06,,2022,0,0
336.18,,81.88,,16.84,,2022,2,0
354.79,,65.4,,23.65,,2019,1,1
399.21,,94.33,,104.49,,2022,2,1
398.82,,75.39,,41.87,,2023,1,0
407.92,,80.37,,154.04,,2020,3,1
440.52,,66.09,,37.51,,2023,1,0
301.63,,81.76,,68.77,,2020,0,0
326.41,,75.35,,75.46,,2021,2,1
392.63,,68.21,,56.42,,2021,2,0
340.16,,61.2,,46.55,,2023,0,1
565.78,,69.62,,22.73,,2020,2,0
408.36,,68.77,,35.18,,2021,1,0
375.69,,80.69,,9.04,,2024,0,0
351.65,,69.68,,40.45,,2023,3,1
353.59,,52.78,,30.33,,2022,1,1
381.66,,78.46,,68.51,,2021,3,0
386.16,,84.93,,97.79,,2023,2,0
354.88,,55.34,,8.0,,2022,1,1
364.98,,90.05,,49.31,,2021,0,1
453.94,,85.97,,125.86,,2021,2,1
456.15,,65.69,,104.98,,2022,2,0
393.86,,60.83,,75.53,,2024,1,1
306.23,,82.53,,8.0,,2023,0,1
409.62,,58.3,,12.22,,2023,4,1
465.49,,65.32,,8.0,,2021,2,0
455.34,,58.85,,109.89,,2024,0,0
420.39,,72.06,,58.04,,2022,1,0
458.23,,86.65,,31.87,,2018,2,0
382.94,,75.75,,163.06,,2024,2,1
414.55,,82.18,,9.1,,2022,2,1
342.56,,68.48,,43.09,,2020,3,0
396.07,,72.97,,39.48,,2018,1,1
453.12,,59.74,,17.48,,2024,0,0
347.58,,71.03,,27.9,,2023,1,1
332.62,,64.54,,11.27,,2022,3,0
385.36,,70.4,,47.48,,2021,2,1
367.53,,69.71,,22.75,,2019,1,0
415.7,,68.86,,8.0,,2023,0,1
355.07,,93.08,,126.49,,2021,0,0
474.51,,89.68,,29.23,,2024,0,0
309.07,,86.16,,51.36,,2019,1,0
448.96,,89.95,,9.21,,2020,1,0
337.93,,86.19,,8.0,,2022,1,1
281.22,,71.78,,97.74,,2023,5,1
393.08,,70.75,,37.54,,2023,1,0
366.0,,74.35,,28.56,,2020,0,0
318.97,,69.89,,30.93,,2021,1,0
287.52,,61.6,,11.32,,2019,0,0
379.54,,74.97,,102.41,,2021,3,0
433.67,,56.34,,10.13,,2020,0,1
412.17,,73.38,,8.0,,2024,0,0
383.12,,62.05,,111.72,,2024,2,0
406.34,,71.19,,12.51,,2020,1,0
378.5,,73.91,,83.33,,2022,2,1
301.37,,68.47,,62.19,,2024,3,0
301.85,,55.59,,20.21,,2022,0,0
368.83,,60.12,,12.31,,2022,3,0
371.16,,76.58,,59.76,,2021,1,0
426.8,,66.43,,38.23,,2022,0,0
421.65,,77.61,,12.31,,2022,0,1
413.28,,72.1,,93.04,,2019,3,0
364.58,,70.02,,53.61,,2019,0,0
304.06,,75.48,,100.8,,2023,0,0
402.66,,65.25,,24.16,,2024,2,0
408.88,,76.0,,8.0,,2022,2,0
248.63,,67.8,,108.28,,2024,0,1
334.11,,97.36,,38.63,,2024,3,0
341.99,,60.66,,39.13,,2021,3,0
386.51,,68.43,,36.86,,2021,1,0
335.82,,68.83,,26.85,,2023,0,0
377.9,,58.48,,12.37,,2024,1,0
368.42,,79.26,,39.87,,2024,0,0
371.25,,67.71,,53.26,,2021,0,1
340.6,,48.2,,104.3,,2021,1,1
344.86,,78.95,,8.0,,2023,2,0
320.59,,65.64,,12.35,,2021,1,0
400.9,,70.95,,62.97,,2024,2,0
411.41,,78.77,,62.68,,2022,0,0
337.62,,68.35,,10.01,,2021,1,0
463.64,,68.27,,8.58,,2021,3,0
362.7,,96.65,,19.22,,2023,1,0
464.16,,50.46,,8.0,,2019,1,0
344.68,,59.14,,55.05,,2024,2,1
268.54,,61.08,,46.54,,2022,2,1
402.12,,89.89,,82.2,,2024,1,0
393.67,,65.55,,23.61,,2023,0,1
381.89,,74.4,,42.53,,2023,2,0
344.68,,67.26,,129.28,,2023,4,0
378.1,,78.03,,133.95,,2022,0,0
351.88,,71.87,,8.0,,2021,1,1
363.37,,74.53,,8.0,,2022,1,0
426.29,,84.87,,135.18,,2022,1,0
390.13,,76.4,,32.19,,2021,1,0
413.55,,64.65,,50.62,,2022,2,1
367.25,,75.12,,102.36,,2021,0,0
361.19,,96.19,,23.84,,2023,0,1
316.56,,77.65,,24.4,,2024,0,0
359.65,,73.52,,8.0,,2023,0,0
197.34,,58.29,,99.23,,2021,1,0
347.54,,79.24,,43.81,,2022,3,0
375.5,,80.72,,8.35,,2018,1,0
411.0,,75.13,,34.46,,2024,2,1
365.22,,73.14,,16.71,,2020,2,0
399.12,,100.33,,8.0,,2022,1,0
260.11,,80.55,,8.43,,2020,1,0
376.87,,84.4,,34.41,,2023,2,0
287.63,,72.67,,34.9,,2022,1,1
313.54,,70.68,,65.54,,2021,1,0
369.71,,78.32,,11.97,,2022,1,0
450.19,,70.67,,103.95,,2020,1,0
400.42,,71.5,,30.71,,2023,2,0
381.0,,76.63,,9.59,,2021,3,0
378.93,,66.87,,22.39,,2023,2,1
340.75,,74.2,,107.88,,2024,3,1
350.08,,72.8,,27.32,,2018,0,0
403.51,,81.67,,87.24,,2021,1,1
303.81,,65.89,,8.0,,2020,1,0
412.62,,52.0,,103.02,,2024,1,0
358.63,,68.89,,23.65,,2021,0,0
425.41,,75.97,,115.54,,2020,0,0
432.86,,81.64,,84.44,,2023,0,0
287.98,,65.07,,45.31,,2022,3,0
348.01,,77.42,,46.93,,2024,1,0
332.95,,83.35,,9.98,,2023,0,0
280.3,,79.51,,38.78,,2024,1,1
323.21,,64.09,,33.49,,2019,3,0
514.27,,65.17,,17.08,,2019,0,1
413.52,,76.35,,29.59,,2024,1,1
485.45,,88.25,,111.18,,2024,1,0
425.6,,72.14,,8.0,,2022,2,1
339.2,,70.35,,22.67,,2022,4,1
359.0,,58.3,,17.05,,2021,2,0
412.36,,68.36,,136.51,,2023,1,0
404.06,,64.85,,153.12,,2023,0,0
348.25,,72.27,,37.0,,2020,1,1
296.95,,56.87,,33.54,,2021,2,0
560.83,,68.71,,98.08,,2020,3,1
372.24,,61.91,,8.0,,2018,0,0
362.08,,81.4,,34.7,,2019,1,1
386.23,,63.41,,8.0,,2020,2,1
366.65,,66.28,,144.78,,2018,0,0
386.75,,74.82,,16.21,,2022,2,0
450.78,,67.46,,30.9,,2019,3,0
373.15,,95.59,,22.7,,2024,1,0
316.05,,81.31,,94.11,,2023,1,0
371.11,,72.17,,240.0,,2023,1,0
354.46,,75.68,,8.0,,2023,0,1
458.31,,48.45,,55.31,,2023,1,1
444.41,,84.32,,19.27,,2019,1,1
385.91,,77.12,,8.0,,2019,1,1
309.67,,71.27,,21.84,,2024,1,0
312.58,,77.66,,240.0,,2021,2,0
380.83,,78.88,,18.58,,2019,2,1
398.5,,67.84,,13.65,,2020,1,1
359.4,,75.8,,78.62,,2024,0,1
353.59,,82.49,,85.03,,2020,2,0
347.4,,76.55,,17.38,,2022,1,0
378.71,,69.47,,14.9,,2023,1,0
248.95,,74.97,,43.77,,2024,0,1
319.43,,85.82,,9.64,,2018,2,1
345.51,,79.84,,27.76,,2022,1,1
446.41,,60.37,,8.0,,2024,0,0
335.24,,77.87,,15.27,,2019,3,1
389.93,,76.54,,14.83,,2019,3,0
392.46,,83.64,,49.86,,2019,0,1
451.39,,72.33,,13.93,,2022,1,0
449.44,,68.31,,96.08,,2021,1,0
376.84,,58.32,,171.24,,2023,1,1
353.85,,65.05,,8.0,,2022,1,0
343.49,,84.08,,21.29,,2022,2,0
366.74,,73.98,,15.09,,2022,2,0
356.13,,71.0,,18.22,,2024,3,1
410.45,,84.96,,12.95,,2022,0,0
403.12,,82.9,,20.26,,2019,2,0
412.55,,64.64,,8.0,,2021,0,1
449.26,,84.01,,13.79,,2023,2,0
482.46,,55.41,,57.86,,2023,2,1
386.86,,76.6,,17.71,,2023,1,0
440.47,,75.41,,9.79,,2024,0,0
360.66,,83.5,,8.0,,2022,1,1
445.18,,75.81,,17.96,,2018,0,0
438.38,,69.55,,43.31,,2024,0,0
435.46,,70.34,,12.27,,2022,1,1
385.17,,98.93,,23.06,,2019,3,0
343.24,,72.83,,127.89,,2022,2,0
303.3,,77.97,,33.76,,2022,2,0
377.8,,51.79,,31.88,,2022,1,1
464.32,,63.73,,22.16,,2024,1,0
362.96,,77.19,,34.18,,2021,0,0
423.18,,55.85,,175.19,,2018,1,1
426.42,,77.49,,12.3,,2024,0,1
364.4,,64.75,,119.53,,2020,0,0
452.4,,61.66,,8.0,,2023,0,0
220.02,,64.71,,8.0,,2020,1,0
312.75,,87.28,,44.66,,2024,2,1
329.64,,75.33,,12.15,,2024,0,1
334.92,,62.9,,24.68,,2019,3,1
398.49,,79.75,,54.94,,2020,1,0
395.95,,80.3,,32.15,,2024,2,0
401.67,,68.19,,8.0,,2023,3,0
412.78,,81.59,,15.33,,2018,3,0
327.74,,82.07,,8.0,,2020,0,0
313.0,,80.51,,109.42,,2022,0,1
401.8,,65.26,,66.49,,2024,1,1
345.34,,60.21,,173.26,,2020,2,1
293.62,,55.07,,90.88,,2023,4,0
433.42,,65.44,,27.09,,2019,1,1
456.73,,68.32,,89.97,,2022,1,1
465.64,,69.14,,46.88,,2023,1,1
390.29,,71.53,,31.23,,2019,3,0
414.43,,89.33,,19.45,,2020,0,1
455.34,,68.6,,47.98,,2023,2,0
344.72,,71.51,,37.46,,2020,0,1
441.09,,53.82,,40.0,,2023,2,1
395.15,,94.28,,21.44,,2023,0,0
430.25,,58.84,,56.47,,2022,1,0
390.24,,64.93,,8.0,,2020,1,1
451.29,,78.96,,54.4,,2022,2,0
392.29,,74.46,,55.11,,2023,2,1
298.38,,88.43,,30.47,,2024,2,0
459.86,,79.2,,12.83,,2023,0,0
327.89,,71.19,,30.76,,2023,2,0
448.92,,82.44,,8.0,,2020,0,0
375.04,,83.61,,14.1,,2020,0,0
444.68,,65.4,,22.97,,2024,2,0
442.41,,81.63,,46.98,,2023,0,0
403.66,,69.78,,8.71,,2021,1,0
407.97,,70.97,,8.0,,2024,0,0
403.24,,73.43,,39.31,,2024,1,0
269.24,,68.19,,47.8,,2023,0,0
386.51,,67.65,,8.0,,2021,2,0
318.62,,81.85,,8.0,,2021,1,0
389.42,,56.71,,8.0,,2024,2,0
317.14,,61.38,,97.14,,2022,3,0
314.83,,78.75,,46.9,,2024,1,0
468.27,,71.27,,106.62,,2024,0,1
438.82,,81.92,,45.9,,2022,1,1
379.77,,75.58,,141.09,,2023,0,0
390.16,,58.66,,24.27,,2019,0,1
366.36,,72.63,,38.39,,2023,2,1
411.34,,77.35,,38.61,,2020,0,1
342.82,,74.34,,8.0,,2023,0,0
434.66,,67.32,,8.0,,2019,2,1
366.08,,69.26,,8.0,,2022,2,1
356.91,,66.4,,30.06,,2022,1,1
381.19,,58.75,,23.65,,2022,1,0
347.49,,57.37,,32.59,,2023,1,1
398.08,,75.9,,67.7,,2023,1,1
350.45,,63.29,,72.55,,2023,2,0
405.77,,77.76,,158.46,,2023,0,0
446.88,,66.05,,34.25,,2024,0,1
340.44,,58.87,,17.91,,2022,2,1
372.82,,67.92,,15.46,,2021,6,0
405.37,,92.94,,17.5,,2019,3,1
356.03,,71.04,,16.44,,2022,2,1
405.54,,78.46,,20.96,,2020,1,1
410.55,,73.69,,8.0,,2021,1,0
439.58,,57.95,,42.15,,2018,0,1
346.67,,86.49,,35.26,,2023,0,0
328.15,,69.52,,26.03,,2024,2,0
363.08,,58.89,,8.0,,2021,1,1
326.77,,66.88,,8.0,,2024,1,0
411.05,,69.94,,33.08,,2019,3,1
316.1,,79.49,,8.0,,2023,2,1
508.32,,65.19,,54.19,,2019,1,1
451.28,,98.2,,213.35,,2021,1,1
380.69,,62.63,,38.21,,2021,0,1
427.71,,78.12,,53.98,,2020,0,0
289.98,,52.26,,24.27,,2020,1,1
518.79,,70.76,,46.24,,2023,1,0
347.54,,75.67,,44.31,,2019,2,0
373.37,,60.8,,72.99,,2024,1,0
277.92,,86.99,,52.19,,2023,2,0
406.75,,76.34,,58.06,,2021,3,1
319.15,,68.82,,34.16,,2023,1,0
385.59,,76.24,,27.83,,2023,2,0
350.06,,66.07,,25.78,,2022,1,0
320.72,,84.51,,20.9,,2023,1,1
335.76,,82.15,,12.99,,2024,2,0
392.42,,75.73,,8.0,,2024,4,0
309.52,,78.12,,46.7,,2024,2,0
338.82,,57.23,,97.11,,2024,1,0
416.48,,86.67,,111.98,,2023,3,1
523.14,,71.01,,36.49,,2022,1,1
406.27,,82.25,,8.0,,2022,0,1
329.55,,79.5,,88.59,,2023,0,1
359.81,,82.1,,57.85,,2024,1,0
381.74,,61.52,,12.16,,2019,0,0
360.78,,62.8,,68.35,,2024,0,1
429.67,,94.48,,26.82,,2024,1,0
391.96,,56.81,,91.8,,2019,1,1
429.93,,61.02,,11.95,,2023,1,0
362.71,,72.43,,67.79,,2024,1,1
452.9,,72.45,,52.27,,2024,1,1
370.84,,66.6,,8.0,,2019,2,0
326.58,,78.16,,34.8,,2024,1,0
499.75,,81.02,,52.8,,2020,0,1
279.63,,71.82,,8.0,,2019,0,0
339.37,,69.32,,31.88,,2020,1,1
345.51,,71.78,,15.23,,2022,0,0
517.96,,67.03,,50.05,,2024,0,0
479.38,,55.02,,32.63,,2021,0,1
462.17,,75.01,,40.8,,2021,0,1
361.81,,79.66,,8.0,,2020,3,0
513.44,,70.46,,8.0,,2021,1,0
400.26,,49.35,,33.73,,2024,1,0
433.75,,66.28,,8.4,,2023,4,0
389.88,,81.06,,29.0,,2023,1,0
377.28,,57.62,,49.19,,2020,0,0
366.15,,78.96,,69.7,,2020,2,0
368.47,,67.55,,8.0,,2024,2,0
413.47,,71.81,,56.88,,2024,0,1
400.2,,65.14,,18.95,,2019,1,0
378.27,,60.64,,47.72,,2022,2,0
463.02,,86.34,,8.0,,2022,1,1
216.83,,80.16,,30.41,,2023,1,1
408.04,,78.45,,76.33,,2021,2,0
419.48,,81.09,,8.0,,2023,1,0
443.08,,77.03,,73.85,,2019,4,1
376.43,,81.44,,25.32,,2024,1,0
391.44,,65.36,,72.79,,2020,3,0
434.23,,85.78,,133.53,,2021,4,1
462.01,,84.88,,8.0,,2021,1,0
363.47,,75.8,,47.15,,2020,0,0
394.68,,69.12,,11.26,,2024,0,0
472.32,,59.76,,8.0,,2019,0,0
263.18,,74.29,,41.54,,2024,2,1
342.05,,88.85,,8.0,,2024,0,0
460.62,,60.39,,26.28,,2024,1,1
440.09,,82.18,,42.44,,2024,1,0
408.73,,67.29,,29.08,,2023,1,0
355.33,,68.14,,50.16,,2022,2,1
331.5,,60.25,,67.89,,2023,2,1
347.48,,64.48,,86.42,,2018,0,0
465.14,,78.47,,34.47,,2023,0,0
345.44,,79.71,,13.6,,2018,0,1
385.58,,74.36,,29.93,,2024,0,1
338.55,,66.99,,20.6,,2024,2,0
426.35,,60.96,,10.76,,2019,2,1
350.37,,72.62,,31.63,,2023,0,0
374.63,,68.35,,8.0,,2023,0,0
287.41,,74.11,,39.07,,2022,0,0
291.26,,68.79,,72.4,,2018,1,1
380.42,,69.04,,240.0,,2019,2,0
307.12,,73.59,,106.97,,2023,1,0
495.78,,75.52,,8.0,,2022,2,0
266.62,,84.24,,8.0,,2018,2,0
335.99,,68.63,,8.0,,2022,4,1
380.92,,77.45,,34.32,,2024,2,0
359.92,,90.04,,8.0,,2024,0,1
319.27,,77.72,,116.11,,2023,0,0
327.31,,83.64,,8.0,,2023,2,1
325.51,,65.79,,20.85,,2023,2,1
364.23,,64.8,,94.25,,2020,2,0
487.36,,70.41,,124.48,,2020,1,1
384.29,,71.47,,26.29,,2022,2,0
445.06,,82.71,,28.15,,2022,1,1
407.88,,64.7,,42.47,,2020,3,0
441.26,,71.11,,21.99,,2023,1,0
226.0,,82.75,,16.49,,2023,1,0
363.25,,74.16,,56.48,,2021,2,0
451.89,,71.89,,38.0,,2021,1,0
348.55,,74.38,,27.6,,2021,1,1
476.94,,60.72,,8.0,,2021,1,0
461.61,,60.56,,8.0,,2021,0,0
354.2,,56.12,,30.03,,2022,0,0
352.33,,74.07,,40.58,,2022,1,1
324.25,,81.19,,45.0,,2022,0,0
345.37,,79.66,,94.62,,2023,4,1
312.21,,83.44,,71.15,,2021,1,1
403.58,,86.54,,8.0,,2022,2,0
299.92,,73.45,,66.44,,2022,2,0
413.21,,71.35,,47.37,,2019,2,0
414.54,,86.76,,73.94,,2023,0,0
288.63,,64.99,,77.86,,2021,1,0
465.24,,60.21,,17.81,,2018,1,0
408.25,,68.61,,12.83,,2023,0,0
421.23,,67.44,,33.78,,2018,0,1
338.27,,72.48,,14.9,,2022,1,0
414.23,,63.5,,18.07,,2023,1,0
441.95,,75.7,,8.0,,2024,0,1
374.58,,66.31,,199.57,,2022,0,0
490.11,,84.28,,15.54,,2021,1,0
382.42,,60.05,,63.61,,2022,0,0
442.74,,70.61,,209.36,,2020,0,0
396.12,,68.65,,146.07,,2022,0,0
412.2,,74.31,,42.2,,2024,2,0
288.08,,81.27,,32.49,,2020,1,0
400.41,,74.66,,15.54,,2022,0,1
339.58,,70.71,,83.03,,2023,3,1
333.45,,78.91,,17.32,,2021,0,0
475.93,,80.43,,8.0,,2023,1,0
368.24,,74.69,,14.63,,2023,1,0
324.82,,75.88,,15.9,,2022,1,0
360.25,,78.47,,53.24,,2023,4,1
308.48,,55.56,,8.0,,2024,1,1
458.86,,68.49,,16.0,,2023,1,0
341.74,,75.76,,8.0,,2022,0,0
409.11,,69.08,,79.23,,2023,0,0
454.59,,69.12,,54.19,,2023,1,0
352.49,,75.75,,24.16,,2022,0,0
409.26,,75.98,,23.61,,2024,3,1
323.35,,76.67,,8.0,,2024,2,0
514.52,,64.08,,20.38,,2023,2,0
431.5,,57.82,,99.68,,2024,1,1
369.41,,80.04,,8.0,,2023,2,0
337.49,,64.58,,60.83,,2022,1,0
373.73,,63.88,,8.0,,2022,3,1
361.3,,62.98,,15.69,,2022,1,0
487.41,,83.51,,78.83,,2024,3,1
312.6,,74.12,,24.73,,2023,2,0
387.41,,75.43,,50.95,,2022,0,0
378.99,,78.9,,8.0,,2019,2,0
373.54,,71.58,,48.31,,2023,2,0
374.03,,82.13,,71.79,,2022,0,0
373.62,,60.03,,68.71,,2024,2,1
428.02,,61.14,,24.27,,2021,1,0
413.49,,60.59,,98.48,,2023,1,0
403.04,,76.22,,35.94,,2021,1,0
213.13,,77.06,,71.53,,2020,3,0
396.49,,67.27,,10.08,,2018,2,0
288.94,,69.68,,9.91,,2024,0,0
415.55,,84.68,,58.96,,2022,2,0
461.1,,65.06,,43.69,,2021,1,1
329.06,,74.95,,47.37,,2022,1,0
365.6,,65.14,,11.34,,2023,2,1
347.04,,82.96,,21.43,,2021,0,1
447.95,,78.28,,12.55,,2020,1,0
385.23,,58.01,,8.0,,2019,2,1
475.06,,69.39,,9.58,,2023,2,1
402.76,,51.21,,223.93,,2024,3,1
393.33,,81.0,,11.2,,2023,0,1
383.75,,92.47,,8.0,,2024,0,0
424.99,,50.2,,50.13,,2024,3,1
284.43,,57.73,,38.71,,2020,1,1
384.69,,73.67,,57.56,,2024,1,1
376.15,,71.82,,44.54,,2018,2,0
419.9,,67.89,,10.6,,2022,1,1
369.68,,54.62,,29.19,,2022,2,0
322.87,,75.23,,8.16,,2023,1,0
380.4,,80.88,,12.28,,2023,3,1
320.44,,100.47,,182.13,,2020,1,0
274.11,,85.07,,54.79,,2024,1,1
419.99,,59.01,,64.14,,2020,0,0
411.85,,71.88,,8.0,,2024,1,0
405.69,,77.92,,20.22,,2024,1,0
451.66,,65.12,,34.03,,2023,1,1
343.42,,79.8,,8.0,,2023,0,0
301.29,,79.03,,79.27,,2024,0,0
376.15,,84.37,,8.0,,2020,3,0
360.89,,80.02,,42.5,,2023,2,1
333.67,,74.85,,33.84,,2022,4,0
375.61,,65.62,,79.49,,2020,2,0
346.36,,59.07,,15.7,,2019,0,0
279.02,,74.19,,14.04,,2023,0,1
355.74,,67.96,,78.69,,2020,0,1
317.5,,68.93,,10.51,,2022,0,0
392.74,,83.22,,57.56,,2020,0,1
343.92,,85.69,,8.91,,2022,1,0
441.14,,59.65,,87.57,,2023,0,0
468.21,,69.9,,76.72,,2022,0,1
417.37,,67.67,,65.04,,2024,3,0
294.69,,75.15,,28.4,,2022,1,0
462.79,,49.34,,8.0,,2020,2,0
466.66,,57.39,,8.0,,2024,2,1
381.03,,70.83,,25.62,,2022,1,1
452.76,,79.86,,8.0,,2024,0,1
349.66,,72.75,,8.0,,2020,3,1
277.36,,78.72,,8.0,,2023,1,0
338.18,,73.97,,12.69,,2020,2,1
475.11,,84.76,,58.11,,2019,3,0
297.99,,86.86,,8.0,,2024,0,0
379.97,,64.4,,172.74,,2018,2,0
381.88,,80.84,,13.44,,2022,2,0
351.79,,77.08,,16.21,,2018,0,0
355.61,,97.05,,11.96,,2022,1,0
383.97,,64.02,,38.74,,2019,1,1
349.08,,70.83,,8.0,,2023,2,0
301.79,,61.68,,8.0,,2021,2,1
391.83,,62.27,,8.0,,2021,0,0
439.04,,75.86,,45.87,,2021,1,0
427.83,,74.06,,16.79,,2019,0,0
335.46,,77.41,,24.16,,2022,2,1
311.18,,77.2,,125.8,,2022,2,0
364.37,,69.64,,9.37,,2022,0,1
466.23,,69.57,,8.0,,2023,3,1
415.51,,62.29,,24.46,,2019,0,0
418.72,,64.99,,8.0,,2022,4,0
428.94,,71.43,,8.0,,2022,2,0
403.14,,73.97,,22.17,,2021,2,1
386.63,,79.11,,46.52,,2020,2,0
416.43,,78.09,,11.68,,2023,2,1
349.96,,87.57,,87.66,,2023,1,0
302.2,,62.27,,18.91,,2023,2,0
419.76,,69.67,,114.19,,2021,0,1
448.08,,63.15,,28.48,,2019,0,0
318.5,,84.77,,54.49,,2024,3,0
425.21,,66.98,,79.4,,2023,3,0
472.44,,83.55,,31.69,,2024,0,1
379.88,,86.53,,79.77,,2020,0,1
335.01,,76.13,,19.94,,2023,2,1
386.77,,74.93,,18.97,,2020,0,1
349.72,,72.39,,66.37,,2024,2,0
346.08,,68.83,,11.6,,2022,1,1
403.83,,67.63,,53.02,,2022,1,0
291.79,,70.53,,8.0,,2024,0,0
300.58,,90.24,,42.4,,2021,1,0
381.06,,61.58,,119.52,,2023,2,0
378.77,,74.05,,25.61,,2020,0,1
398.9,,79.11,,22.59,,2021,2,0
483.14,,69.16,,32.66,,2020,1,0
385.75,,76.16,,53.4,,2020,1,0
412.9,,56.95,,18.67,,2023,1,0
326.35,,85.25,,8.0,,2021,1,0
422.24,,83.31,,29.29,,2021,2,0
351.05,,71.02,,22.83,,2024,1,0
383.93,,63.2,,31.95,,2022,1,1
374.01,,79.93,,52.77,,2021,0,1
436.81,,60.52,,14.0,,2024,1,0
307.95,,61.95,,29.56,,2022,0,0
254.42,,71.46,,12.27,,2024,1,0
368.26,,87.18,,25.83,,2021,1,0
405.77,,78.41,,17.74,,2024,1,0
388.37,,65.53,,19.34,,2024,3,0
447.77,,55.18,,36.37,,2024,1,0
404.06,,72.42,,49.14,,2020,0,1
348.99,,74.51,,8.0,,2023,1,0
252.1,,71.27,,87.89,,2024,2,0
366.95,,90.06,,19.03,,2021,0,0
436.54,,70.68,,43.33,,2020,0,1
358.44,,49.18,,8.0,,2021,2,1
381.56,,67.93,,35.59,,2022,0,1
403.17,,76.55,,47.65,,2021,1,0
324.16,,75.87,,8.0,,2023,0,0
414.28,,70.23,,102.15,,2021,0,0
470.04,,68.58,,59.5,,2020,0,1
370.5,,52.0,,32.06,,2023,1,1
317.9,,72.86,,8.0,,2019,0,0
376.34,,68.61,,84.28,,2023,1,0
257.66,,74.49,,8.0,,2024,0,0
398.53,,76.91,,8.0,,2023,1,1
404.88,,84.41,,50.31,,2021,2,0
472.16,,62.44,,12.3,,2024,2,1
369.33,,59.06,,25.83,,2022,2,1
402.47,,66.26,,32.51,,2022,0,0
332.63,,64.64,,25.74,,2021,2,0
,223.94,63.75,,8.0,,2019,2,1
296.11,,86.45,,56.17,,2021,0,0
369.29,,73.48,,11.53,,2024,1,0
363.21,,91.72,,56.34,,2021,2,0
396.46,,71.97,,84.19,,2022,3,0
345.7,,60.28,,32.28,,2023,3,0
384.58,,63.92,,51.47,,2021,0,0
361.66,,82.24,,8.0,,2024,0,1
361.77,,60.66,,8.0,,2024,3,0
384.42,,77.58,,9.22,,2019,0,0
382.23,,68.43,,18.64,,2022,0,1
421.86,,62.7,,8.48,,2021,0,1
373.36,,85.87,,42.33,,2022,0,0
360.76,,66.11,,13.62,,2022,2,0
370.06,,63.72,,78.51,,2018,1,1
340.69,,71.21,,34.54,,2023,3,1
360.2,,66.92,,19.95,,2020,1,0
491.71,,94.15,,93.9,,2022,1,1
329.8,,82.6,,74.02,,2024,1,0
364.67,,66.09,,72.03,,2020,3,1
358.69,,67.25,,54.74,,2021,1,0
366.41,,51.81,,40.0,,2019,1,0
361.78,,73.37,,19.19,,2022,1,0
395.36,,64.53,,23.07,,2024,2,0
285.94,,72.88,,43.75,,2022,1,0
437.04,,52.34,,8.0,,2021,1,0
414.79,,71.73,,73.89,,2024,1,1
311.64,,88.99,,117.24,,2022,0,1
255.2,,72.54,,8.0,,2024,1,1
326.26,,64.25,,8.0,,2023,0,1
366.65,,71.8,,8.0,,2024,0,0
521.92,,71.36,,59.92,,2023,1,0
409.88,,93.92,,8.0,,2024,0,0
280.58,,68.67,,19.56,,2022,2,0
342.07,,59.97,,8.0,,2023,0,0
377.07,,72.21,,23.8,,2020,2,0
393.95,,73.96,,38.89,,2024,2,0
307.69,,77.62,,41.59,,2021,1,1
372.58,,79.56,,30.73,,2023,2,0
340.53,,91.56,,116.86,,2021,0,0
319.29,,66.04,,31.81,,2024,1,0
394.28,,65.13,,82.35,,2019,1,1
422.56,,53.46,,208.55,,2024,0,0
426.26,,78.62,,10.96,,2023,2,0
411.59,,63.13,,12.96,,2024,2,0
352.64,,80.92,,30.99,,2022,0,0
419.3,,67.08,,8.46,,2022,1,0
397.0,,89.26,,34.88,,2021,2,0
387.37,,57.66,,48.44,,2021,1,1
346.36,,82.23,,8.0,,2019,1,0
352.67,,81.04,,48.04,,2021,2,0
384.06,,77.27,,8.0,,2023,1,0
514.19,,60.83,,14.94,,2019,3,1
396.57,,77.31,,56.39,,2020,2,1
346.38,,73.27,,8.0,,2024,0,0
334.22,,53.7,,31.86,,2019,2,0
352.95,,87.58,,37.36,,2020,0,1
499.75,,68.54,,8.0,,2018,5,1
358.04,,86.81,,13.49,,2023,4,0
429.88,,71.32,,39.17,,2024,0,0
359.32,,81.82,,25.97,,2024,1,1
394.37,,63.4,,45.31,,2024,4,0
423.55,,74.14,,81.02,,2022,4,1
348.55,,73.44,,8.0,,2022,0,0
344.74,,68.76,,8.0,,2023,2,0
471.24,,63.31,,46.15,,2024,1,0
434.15,,41.33,,61.84,,2023,0,0
423.49,,63.54,,25.06,,2022,6,1
423.3,,79.01,,21.03,,2022,1,0
405.28,,58.05,,38.15,,2021,0,0
490.98,,60.12,,33.67,,2018,1,1
382.41,,57.65,,28.29,,2020,2,0
411.75,,74.09,,71.72,,2021,2,0
300.2,,63.07,,8.0,,2023,2,0
334.63,,84.2,,48.02,,2023,1,0
313.95,,79.35,,56.79,,2024,3,0
450.07,,74.0,,97.26,,2022,0,0
239.61,,75.04,,121.89,,2021,2,0
357.87,,64.37,,29.78,,2023,1,0
215.35,,64.37,,23.88,,2021,2,0
334.28,,79.11,,29.44,,2019,4,0
353.0,,81.13,,55.4,,2018,0,0
456.17,,79.02,,8.0,,2023,2,0
401.81,,67.29,,8.04,,2024,0,0
334.18,,68.09,,100.06,,2023,0,1
438.63,,62.68,,9.13,,2018,1,1
380.98,,79.68,,10.89,,2020,1,0
382.07,,52.39,,117.79,,2024,1,1
313.85,,49.96,,14.64,,2023,1,0
325.55,,51.95,,14.41,,2023,0,0
334.62,,50.57,,108.07,,2024,0,1
382.56,,85.57,,19.75,,2024,0,1
384.28,,79.87,,28.61,,2022,2,0
464.93,,60.01,,34.52,,2022,2,0
401.18,,70.94,,85.14,,2018,3,1
231.08,,86.66,,8.0,,2024,1,0
394.45,,77.0,,12.7,,2020,1,1
300.25,,93.14,,37.14,,2022,1,0
326.87,,70.86,,23.95,,2023,3,0
335.33,,65.45,,13.7,,2024,2,0
343.52,,61.19,,22.14,,2021,2,0
304.37,,72.24,,142.32,,2023,2,0
391.19,,81.36,,8.0,,2024,1,1
302.41,,72.99,,8.0,,2022,3,1
399.62,,68.42,,8.0,,2022,3,1
503.03,,84.57,,37.8,,2022,1,0
306.89,,77.29,,8.0,,2024,1,0
364.35,,70.87,,25.42,,2018,3,0
241.21,,64.33,,82.34,,2023,1,0
363.45,,69.46,,8.0,,2020,4,0
415.35,,76.73,,19.08,,2023,1,1
419.64,,64.2,,19.94,,2024,0,1
384.26,,59.66,,18.89,,2023,2,0
428.91,,67.2,,54.6,,2022,0,0
520.03,,71.51,,8.0,,2023,3,0
474.18,,85.63,,63.59,,2018,0,1
351.26,,60.4,,76.72,,2023,1,1
300.19,,74.27,,23.72,,2020,3,1
357.66,,69.22,,91.63,,2023,3,0
327.92,,69.72,,20.15,,2020,2,1
404.82,,87.39,,49.83,,2020,2,0
315.03,,72.81,,20.68,,2022,1,1
375.99,,62.86,,8.0,,2022,0,0
426.09,,80.89,,8.0,,2022,2,0
374.46,,80.15,,24.51,,2023,2,1
327.95,,61.99,,193.82,,2019,2,0
444.61,,60.07,,8.21,,2020,3,0
276.66,,76.11,,94.89,,2018,1,0
361.97,,71.67,,105.76,,2022,1,0
377.71,,67.29,,22.14,,2023,2,1
380.87,,82.56,,26.02,,2022,2,1
389.93,,66.08,,29.35,,2022,3,1
413.57,,76.22,,61.8,,2022,1,0
378.05,,83.75,,8.0,,2021,1,1
359.76,,68.61,,16.73,,2022,2,0
357.58,,53.71,,8.0,,2018,0,0
346.37,,67.97,,88.5,,2022,0,1
423.31,,73.89,,8.0,,2022,1,1
344.44,,82.03,,57.84,,2023,1,0
426.57,,66.79,,24.33,,2024,2,1
381.04,,89.23,,52.66,,2024,2,0
351.33,,59.01,,92.67,,2024,1,1
414.01,,73.64,,17.43,,2022,3,0
339.99,,69.61,,10.81,,2021,0,0
415.1,,85.47,,44.12,,2020,3,0
391.7,,57.26,,240.0,,2018,1,0
347.2,,76.26,,54.92,,2022,5,0
409.07,,69.56,,66.69,,2024,1,0
410.06,,87.29,,41.74,,2023,1,0
443.66,,63.71,,19.28,,2022,1,0
433.14,,76.15,,44.65,,2021,1,1
407.02,,63.62,,8.0,,2019,0,0
317.98,,73.88,,28.18,,2021,0,0
514.67,,68.31,,35.75,,2022,3,0
302.8,,68.15,,99.64,,2023,3,0
432.21,,52.13,,105.93,,2021,1,0
403.72,,76.15,,8.0,,2019,2,0
315.42,,61.18,,41.97,,2021,3,0
373.16,,60.83,,66.85,,2021,0,1
375.67,,56.45,,32.29,,2022,2,0
451.81,,61.44,,8.0,,2019,3,0
340.77,,77.0,,11.13,,2021,0,0
365.59,,76.51,,15.81,,2021,0,1
251.52,,78.64,,45.66,,2022,1,0
475.41,,61.73,,8.0,,2021,1,0
321.12,,74.15,,33.5,,2020,0,0
397.98,,65.85,,8.0,,2018,1,0
374.42,,81.55,,21.11,,2020,1,0
374.61,,76.26,,23.28,,2024,3,0
424.54,,65.43,,25.25,,2021,1,0
471.92,,82.41,,52.12,,2022,1,0
393.83,,77.07,,8.0,,2022,4,0
416.03,,58.13,,13.12,,2021,1,1
398.09,,55.28,,43.04,,2024,0,0
435.96,,58.52,,120.74,,2024,1,0
354.54,,88.49,,40.73,,2020,0,1
439.15,,61.85,,90.25,,2024,2,0
441.08,,90.76,,145.1,,2023,1,1
439.54,,61.33,,90.44,,2024,0,0
343.69,,60.26,,150.48,,2022,0,0
370.74,,80.8,,63.03,,2023,2,1
393.17,,81.26,,91.63,,2020,3,0
304.6,,77.56,,28.4,,2024,2,0
467.72,,78.76,,17.8,,2023,1,1
379.32,,63.98,,240.0,,2019,1,1
395.62,,80.33,,8.0,,2024,0,1
348.26,,74.4,,133.34,,2024,0,0
307.02,,68.35,,23.67,,2021,0,1
346.78,,72.95,,8.0,,2022,1,1
392.06,,82.61,,68.23,,2024,1,0
417.04,,75.92,,24.67,,2022,1,0
388.9,,50.42,,67.32,,2023,2,1
399.07,,80.91,,8.0,,2022,0,1
361.46,,80.15,,153.52,,2019,0,0
407.29,,68.21,,46.7,,2022,0,1
461.56,,73.17,,8.0,,2024,3,0
418.76,,73.13,,8.0,,2018,1,0
424.52,,52.21,,37.86,,2022,1,0
396.17,,67.98,,157.53,,2024,2,0
297.33,,68.37,,31.18,,2021,2,0
322.54,,70.41,,18.35,,2024,1,0
405.02,,66.74,,117.42,,2021,1,1
379.4,,78.63,,173.56,,2023,1,0
404.19,,63.91,,64.46,,2020,1,0
472.2,,81.1,,53.15,,2021,1,0
419.93,,78.16,,8.0,,2023,2,0
449.24,,85.6,,15.81,,2019,2,1
385.21,,89.34,,108.89,,2019,1,0
335.6,,89.4,,19.28,,2021,2,1
376.82,,60.14,,17.11,,2021,2,1
335.74,,75.44,,32.36,,2019,1,1
465.71,,64.82,,24.94,,2024,3,0
423.47,,104.8,,82.22,,2021,1,0
408.63,,78.14,,8.0,,2023,0,1
447.98,,86.16,,45.16,,2021,2,1
268.9,,76.35,,50.18,,2024,0,1
412.35,,45.65,,89.09,,2020,1,0
307.91,,64.16,,22.57,,2021,2,1
379.6,,65.14,,14.68,,2022,2,0
362.86,,68.1,,41.37,,2023,0,1
416.4,,75.6,,54.21,,2022,0,0
392.55,,77.01,,8.0,,2023,2,0
453.98,,45.73,,8.0,,2024,0,1
346.9,,69.63,,12.85,,2021,1,0
419.0,,67.14,,11.97,,2024,1,1
388.92,,85.81,,58.33,,2022,1,0
290.06,,77.92,,31.77,,2019,0,0
329.48,,70.17,,33.33,,2021,0,1
371.76,,74.24,,8.0,,2024,0,1
441.18,,55.13,,216.71,,2021,1,0
405.5,,78.61,,74.37,,2019,1,0
315.79,,68.04,,24.63,,2023,2,0
372.28,,63.93,,8.0,,2024,0,0
490.98,,85.14,,49.77,,2020,0,0
386.12,,74.74,,32.16,,2022,1,1
362.0,,65.35,,47.53,,2020,0,0
407.05,,65.96,,47.54,,2021,0,1
421.99,,75.66,,8.0,,2022,4,1
354.91,,74.88,,16.75,,2018,0,0
407.64,,72.29,,8.0,,2021,2,1
361.91,,59.97,,169.35,,2021,1,0
419.56,,61.45,,68.98,,2023,0,0
389.33,,64.52,,110.98,,2024,1,0
406.51,,70.04,,8.0,,2019,3,1
338.24,,71.59,,29.14,,2022,1,1
334.83,,70.4,,57.8,,2021,2,0
432.0,,70.86,,8.0,,2024,4,0
375.63,,90.81,,63.04,,2023,2,0
395.68,,80.49,,43.79,,2019,2,0
363.15,,83.88,,176.26,,2021,2,0
429.43,,76.64,,8.0,,2019,2,0
346.57,,72.72,,41.68,,2023,2,0
372.54,,76.1,,123.48,,2022,2,0
423.23,,74.26,,57.17,,2023,0,0
444.51,,80.08,,17.21,,2022,1,1
351.19,,62.25,,8.0,,2020,0,0
487.78,,79.25,,139.35,,2018,2,0
397.23,,73.67,,8.0,,2024,3,1
322.64,,53.93,,155.22,,2019,1,0
400.3,,72.86,,15.19,,2023,1,0
358.94,,58.94,,82.67,,2020,2,1
403.87,,66.65,,33.94,,2024,3,0
377.64,,70.41,,102.36,,2022,0,0
384.09,,56.93,,23.36,,2021,2,1
329.86,,71.46,,79.62,,2023,0,1
434.45,,72.68,,11.44,,2021,2,0
316.41,,79.55,,26.41,,2022,0,0
319.02,,67.46,,78.66,,2024,1,0
400.2,,74.74,,8.0,,2018,1,0
468.16,,71.05,,54.78,,2020,1,0
360.61,,67.82,,24.12,,2023,1,0
418.55,,55.29,,30.24,,2023,0,0
439.03,,70.88,,36.34,,2020,2,0
424.81,,79.45,,13.54,,2024,1,0
362.88,,62.66,,8.0,,2023,1,1
319.99,,69.82,,8.0,,2021,0,0
258.58,,71.3,,23.68,,2021,0,0
365.54,,83.02,,13.15,,2022,2,0
444.79,,72.3,,42.09,,2018,2,1
318.17,,74.88,,52.86,,2023,2,0
418.51,,71.91,,29.43,,2019,2,1
327.74,,67.08,,40.52,,2023,0,0
385.83,,60.66,,34.55,,2024,0,0
418.93,,69.15,,8.0,,2024,2,0
343.73,,75.93,,77.42,,2020,0,0
389.38,,73.23,,8.0,,2023,0,0
357.17,,86.8,,22.18,,2024,0,0
418.78,,81.46,,8.0,,2019,0,1
392.94,,84.41,,45.6,,2018,1,0
383.11,,51.68,,16.54,,2020,2,1
465.71,,87.79,,8.0,,2020,0,1
416.43,,74.67,,8.0,,2021,3,1
342.03,,76.09,,11.37,,2024,1,1
375.28,,80.96,,46.22,,2023,2,0
375.83,,72.21,,53.2,,2018,1,0
384.42,,61.3,,8.0,,2022,3,1
518.85,,86.47,,8.0,,2024,0,0
400.4,,64.32,,37.78,,2022,2,1
268.03,,62.14,,132.42,,2020,1,1
350.15,,69.66,,33.81,,2024,1,0
273.72,,68.14,,52.24,,2021,2,0
361.86,,72.04,,35.98,,2021,1,0
270.7,,71.02,,8.0,,2021,1,0
332.06,,85.47,,122.95,,2021,1,0
296.36,,76.59,,8.0,,2023,2,0
401.13,,63.42,,59.92,,2021,1,0
380.03,,64.79,,162.97,,2022,1,0
396.66,,68.12,,16.14,,2021,1,1
374.25,,68.16,,8.0,,2022,2,1
303.31,,66.85,,35.07,,2024,1,1
408.24,,60.98,,66.57,,2021,0,0
485.72,,74.9,,125.38,,2024,0,1
402.51,,67.44,,49.69,,2020,3,0
356.57,,62.48,,17.19,,2020,1,1
301.46,,76.85,,28.64,,2019,1,0
330.06,,80.48,,60.15,,2024,1,1
404.92,,69.54,,65.14,,2022,3,1
439.02,,89.81,,8.0,,2022,1,1
394.35,,94.16,,39.95,,2018,0,0
423.99,,76.97,,143.75,,2022,1,1
418.92,,67.31,,64.61,,2023,1,0
407.86,,74.69,,8.0,,2022,3,1
343.78,,59.76,,10.7,,2019,1,0
389.57,,63.28,,24.73,,2021,1,0
333.34,,55.17,,51.45,,2023,1,1
380.96,,65.72,,34.03,,2022,2,0
398.2,,59.67,,8.0,,2022,1,1
472.33,,78.24,,56.3,,2018,4,0
307.96,,64.51,,76.63,,2022,0,1
406.48,,74.77,,9.68,,2022,1,1
461.47,,79.48,,8.0,,2024,0,0
421.74,,83.71,,65.74,,2021,1,1
425.81,,68.47,,42.96,,2023,0,1
412.32,,75.11,,68.34,,2024,1,1
451.41,,75.43,,35.12,,2022,3,0
320.19,,84.72,,23.5,,2018,0,1
303.77,,79.84,,138.56,,2019,0,1
379.65,,85.03,,63.59,,2024,1,0
261.14,,55.35,,22.3,,2022,2,0
447.69,,65.36,,99.99,,2020,2,0
447.14,,82.32,,211.51,,2022,1,0
356.17,,77.81,,15.48,,2024,1,1
359.61,,70.75,,93.66,,2018,1,0
376.02,,67.26,,8.0,,2022,2,1
382.86,,79.89,,10.13,,2020,0,0
386.99,,52.2,,8.0,,2022,0,0
410.7,,79.92,,18.52,,2023,1,1
370.51,,72.91,,34.73,,2022,2,1
431.88,,67.11,,53.46,,2024,1,1
404.53,,77.02,,97.9,,2022,0,0
346.62,,68.14,,8.0,,2024,1,1
453.43,,72.29,,36.26,,2021,2,1
305.3,,71.54,,33.98,,2018,1,0
374.93,,79.45,,25.76,,2020,0,0
433.18,,73.59,,49.82,,2019,1,1
340.23,,52.91,,30.25,,2023,3,0
397.03,,58.08,,33.56,,2020,0,0
409.88,,61.16,,98.13,,2023,2,0
332.67,,76.57,,82.66,,2022,0,0
376.01,,77.57,,36.17,,2020,3,0
371.39,,88.7,,8.0,,2023,2,1
349.65,,61.86,,133.85,,2018,1,0
506.59,,85.09,,40.94,,2021,1,0
338.03,,52.62,,69.2,,2023,0,0
435.27,,72.18,,8.0,,2023,0,0
358.4,,74.45,,95.4,,2023,4,0
320.24,,74.42,,49.67,,2022,1,0
385.65,,68.9,,48.57,,2022,1,1
415.7,,73.18,,8.0,,2022,0,0
430.63,,59.65,,52.41,,2024,1,0
465.92,,80.65,,8.0,,2024,1,0
541.99,,74.5,,8.0,,2018,0,0
393.78,,75.62,,16.53,,2024,1,0
343.53,,69.21,,8.0,,2024,0,0
404.91,,68.72,,8.0,,2023,1,0
365.36,,77.25,,54.39,,2021,1,0
430.93,,87.9,,75.66,,2022,3,1
308.66,,58.06,,8.31,,2024,1,1
510.26,,57.56,,72.8,,2020,3,0
427.08,,74.66,,27.51,,2023,3,0
287.38,,68.68,,133.04,,2020,1,1
341.0,,73.24,,8.0,,2021,5,0
424.88,,71.76,,8.0,,2018,1,0
444.7,,78.22,,78.32,,2024,0,0
310.03,,69.14,,18.87,,2019,1,0
419.22,,59.92,,25.66,,2023,1,0
272.9,,64.1,,30.11,,2022,2,1
375.09,,70.4,,73.24,,2024,0,0
441.16,,59.45,,8.0,,2022,1,0
349.67,,71.63,,33.64,,2024,1,1
297.12,,72.61,,23.65,,2023,2,1
388.04,,68.42,,17.47,,2023,0,1
346.74,,74.09,,17.97,,2024,3,0
414.63,,55.86,,111.89,,2021,1,0
331.31,,62.47,,13.11,,2021,1,0
337.5,,60.57,,25.46,,2023,1,0
268.84,,80.8,,28.51,,2020,1,0
389.35,,95.06,,53.44,,2024,2,0
371.15,,63.19,,30.74,,2022,0,0
314.64,,69.65,,40.78,,2023,0,0
390.66,,65.07,,21.37,,2024,1,0
436.49,,74.21,,53.26,,2024,5,0
368.14,,65.92,,26.34,,2022,3,0
394.75,,74.83,,10.58,,2021,2,0
395.03,,78.65,,71.31,,2023,1,0
313.76,,59.76,,60.9,,2023,3,1
493.11,,74.72,,41.47,,2021,2,0
354.1,,54.06,,31.0,,2021,1,0
416.09,,69.43,,9.82,,2020,0,0
422.31,,68.76,,85.16,,2024,1,1
372.32,,69.71,,8.0,,2019,2,0
413.37,,68.88,,20.29,,2020,1,1
393.52,,67.05,,80.4,,2023,2,0
302.03,,69.34,,38.02,,2022,1,0
361.73,,74.38,,24.25,,2019,0,1
346.31,,74.66,,65.82,,2021,1,0
354.6,,73.15,,191.42,,2022,2,0
308.28,,66.26,,8.79,,2024,2,0
441.95,,82.8,,8.0,,2021,0,1
468.11,,87.25,,26.11,,2019,2,0
433.79,,59.12,,14.23,,2024,0,0
449.88,,73.64,,46.15,,2022,1,0
361.05,,67.32,,28.63,,2020,3,0
345.01,,81.26,,29.03,,2023,2,1
337.18,,71.87,,18.42,,2024,5,1
415.42,,72.53,,9.94,,2023,2,0
392.49,,76.95,,10.08,,2021,1,0
375.75,,69.02,,20.55,,2020,1,0
451.23,,88.77,,48.1,,2024,1,1
402.27,,77.1,,17.27,,2020,2,0
333.87,,81.32,,16.57,,2023,2,1
342.55,,69.79,,23.24,,2018,0,0
417.51,,70.77,,197.2,,2022,1,0
437.3,,80.12,,8.0,,2024,3,0
410.34,,79.11,,14.66,,2023,1,1
484.33,,59.51,,14.5,,2021,2,0
469.93,,73.28,,154.1,,2023,0,1
404.26,,76.74,,21.96,,2021,0,1
333.88,,70.7,,35.15,,2024,2,0
307.95,,75.79,,9.27,,2020,2,0
358.69,,71.12,,8.0,,2021,1,0
421.43,,49.53,,17.41,,2023,1,1
480.47,,58.89,,42.8,,2023,0,1
402.96,,81.75,,49.4,,2022,2,0
444.28,,69.56,,58.88,,2021,0,0
366.51,,73.9,,82.78,,2022,3,1
414.25,,71.96,,8.0,,2020,1,0
425.28,,63.75,,8.0,,2019,3,0
271.12,,67.33,,65.09,,2024,0,0
357.26,,75.29,,24.03,,2022,0,0
432.23,,76.31,,123.47,,2022,1,0
395.1,,93.88,,120.68,,2023,0,0
314.19,,67.22,,8.0,,2022,3,0
246.34,,88.71,,49.36,,2022,4,0
359.88,,63.4,,8.0,,2023,0,0
376.06,,76.89,,21.69,,2022,1,0
331.38,,73.78,,77.42,,2024,1,0
387.87,,70.74,,25.95,,2021,2,0
407.85,,71.94,,8.0,,2018,3,0
416.89,,65.77,,11.54,,2020,3,0
250.42,,81.04,,8.0,,2024,2,0
307.71,,63.57,,22.04,,2024,1,0
363.25,,75.18,,50.11,,2019,4,0
411.47,,79.56,,45.35,,2024,1,1
406.91,,85.84,,53.31,,2024,0,0
405.95,,81.72,,20.34,,2023,1,0
358.91,,77.72,,12.95,,2023,2,1
361.98,,65.62,,8.0,,2018,1,0
339.94,,64.14,,119.28,,2020,0,0
422.25,,60.61,,8.0,,2020,0,0
329.37,,59.66,,8.25,,2022,2,0
426.75,,71.99,,8.0,,2023,1,0
391.43,,64.73,,16.02,,2024,1,1
377.52,,83.99,,71.75,,2022,2,0
343.88,,66.21,,16.96,,2022,0,0
305.45,,72.94,,46.06,,2019,3,1
344.38,,69.35,,141.46,,2024,0,0
361.85,,57.96,,93.68,,2024,1,1
249.7,,82.89,,8.33,,2019,3,0
369.15,,78.95,,18.69,,2022,3,0
430.84,,80.11,,58.42,,2021,1,1
411.2,,77.95,,159.66,,2022,0,1
352.71,,64.41,,52.86,,2023,0,1
382.58,,64.6,,12.21,,2022,1,0
349.41,,76.52,,8.0,,2022,1,0
388.18,,87.43,,28.71,,2021,1,1
464.71,,75.86,,9.0,,2019,1,1
433.27,,81.78,,10.85,,2023,0,0
408.64,,66.74,,42.26,,2021,0,0
352.89,,82.98,,30.38,,2024,1,1
421.25,,67.81,,8.0,,2024,3,0
287.22,,74.4,,8.0,,2019,0,0
366.12,,68.34,,8.0,,2023,3,0
412.1,,80.89,,10.42,,2024,1,0
420.72,,81.03,,91.69,,2023,0,0
416.84,,57.23,,66.16,,2021,3,0
396.22,,85.25,,22.5,,2021,3,1
369.24,,95.76,,56.89,,2022,2,0
409.59,,68.45,,21.95,,2021,1,0
327.59,,70.73,,65.97,,2024,0,0
333.54,,84.39,,8.43,,2018,1,0
383.4,,72.67,,8.0,,2019,1,1
389.53,,71.96,,8.0,,2023,1,0
279.59,,90.97,,11.63,,2023,0,0
405.03,,58.46,,8.0,,2023,2,0
422.5,,64.11,,67.31,,2021,2,0
375.75,,76.18,,11.52,,2021,1,0
510.6,,55.8,,30.5,,2022,1,0
342.44,,68.27,,59.28,,2020,0,0
360.14,,68.18,,47.47,,2021,0,1
358.27,,81.62,,9.61,,2023,1,0
375.81,,78.93,,8.0,,2022,1,0
361.92,,55.17,,101.96,,2024,4,0
302.63,,65.07,,40.86,,2022,2,1
349.94,,65.1,,51.5,,2021,5,1
374.63,,69.83,,20.49,,2020,1,0
447.57,,61.02,,11.62,,2020,0,0
501.12,,76.52,,31.77,,2018,1,1
453.45,,65.06,,8.0,,2022,3,0
337.35,,77.89,,67.59,,2024,0,1
341.73,,71.97,,44.64,,2023,3,1
371.24,,62.27,,60.23,,2021,0,0
478.15,,85.88,,35.37,,2023,1,0
370.9,,86.18,,36.23,,2024,1,0
306.99,,74.9,,38.52,,2023,0,0
352.44,,69.61,,64.39,,2022,0,1
421.64,,61.44,,10.73,,2020,1,1
417.95,,82.71,,48.06,,2019,3,0
368.99,,80.23,,33.79,,2020,1,1
417.59,,63.86,,28.7,,2023,5,0
254.98,,65.13,,32.7,,2020,1,0
385.71,,76.57,,13.34,,2022,2,1
427.34,,60.25,,8.0,,2022,1,1
334.19,,65.74,,59.79,,2023,0,1
334.0,,61.59,,104.12,,2019,0,1
277.35,,61.92,,27.53,,2024,1,0
467.44,,64.8,,76.42,,2023,0,0
340.39,,81.06,,34.03,,2023,2,0
393.26,,54.45,,111.87,,2018,1,1
413.22,,76.33,,29.83,,2019,2,0
463.16,,74.58,,9.63,,2023,1,0
371.54,,81.68,,85.73,,2019,0,1
350.33,,74.57,,67.65,,2024,1,1
389.52,,68.21,,21.32,,2023,4,1
450.62,,63.85,,77.47,,2019,0,0
370.64,,81.9,,8.0,,2023,0,0
327.48,,76.97,,67.54,,2024,0,0
295.26,,67.07,,48.92,,2024,1,0
312.83,,81.09,,20.06,,2022,0,1
427.54,,67.54,,65.87,,2022,0,0
362.37,,71.99,,8.0,,2023,1,0
346.59,,65.96,,9.55,,2024,0,1
340.62,,77.34,,32.03,,2023,0,0
384.68,,62.06,,89.41,,2022,1,0
366.83,,69.01,,8.0,,2023,1,0
364.98,,65.45,,34.89,,2023,0,1
454.21,,74.64,,58.75,,2022,1,0
464.59,,75.88,,57.12,,2024,0,0
291.45,,60.96,,41.53,,2023,1,0
398.02,,76.06,,118.81,,2021,3,0
337.27,,57.23,,27.64,,2024,1,0
366.35,,93.92,,89.14,,2024,1,1
397.01,,66.89,,40.59,,2023,1,1
368.3,,82.49,,56.17,,2018,3,0
392.68,,74.01,,26.26,,2023,0,0
417.01,,74.42,,8.0,,2018,2,0
396.2,,60.34,,8.0,,2019,1,1
344.42,,80.43,,48.16,,2021,1,1
345.39,,72.49,,19.84,,2021,0,1
300.82,,76.7,,35.2,,2022,1,0
333.03,,71.09,,57.57,,2020,1,0
487.91,,73.3,,64.85,,2020,1,0
336.44,,63.13,,29.93,,2023,1,1
314.36,,70.47,,15.86,,2022,2,1
397.6,,67.8,,62.81,,2019,0,0
373.93,,64.94,,22.54,,2022,1,0
369.24,,73.35,,115.93,,2023,1,0
457.5,,75.63,,73.1,,2019,1,0
410.2,,74.51,,57.71,,2024,1,0
350.85,,70.98,,11.6,,2022,4,1
356.65,,76.11,,18.93,,2022,0,0
352.36,,74.42,,79.39,,2021,2,0
428.11,,72.98,,8.0,,2023,2,0
363.05,,73.66,,63.87,,2018,1,1
281.38,,83.83,,21.75,,2023,0,0
377.34,,59.95,,67.46,,2019,4,0
295.46,,68.81,,33.76,,2022,0,1
500.13,,75.38,,31.43,,2020,1,0
326.89,,56.17,,50.79,,2020,0,1
371.1,,85.83,,68.95,,2022,1,0
394.2,,74.55,,49.66,,2019,2,1
364.12,,81.57,,25.16,,2020,0,1
364.05,,83.2,,16.25,,2022,1,1
403.2,,76.12,,78.47,,2023,1,0
463.94,,49.67,,30.89,,2021,1,1
422.21,,73.48,,64.26,,2024,0,0
461.32,,74.12,,229.03,,2020,0,1
322.44,,61.13,,43.37,,2022,1,0
397.45,,54.1,,13.7,,2019,3,0
388.54,,76.62,,84.28,,2020,1,1
399.31,,59.51,,13.43,,2024,3,0
455.69,,92.61,,12.67,,2024,0,1
367.86,,74.63,,8.0,,2024,0,1
357.7,,85.52,,8.0,,2024,0,1
409.37,,72.31,,83.28,,2020,1,0
282.2,,79.52,,11.02,,2021,0,0
366.97,,72.53,,8.0,,2019,1,0
372.62,,82.06,,18.26,,2019,0,0
329.38,,51.62,,52.51,,2023,1,0
438.14,,80.88,,17.43,,2022,1,0
321.58,,78.69,,15.54,,2023,1,0
372.53,,70.46,,28.12,,2022,3,1
396.12,,67.91,,8.0,,2018,1,0
454.44,,69.01,,28.37,,2021,0,0
379.42,,74.83,,193.5,,2023,2,0
431.49,,84.14,,67.46,,2024,2,0
418.53,,66.66,,8.0,,2020,1,0
386.79,,54.98,,44.68,,2019,4,1
320.08,,96.85,,25.97,,2024,1,1
301.1,,78.72,,73.51,,2024,1,0
385.86,,68.09,,8.0,,2023,0,0
350.15,,83.89,,11.13,,2019,2,0
430.56,,81.34,,65.78,,2023,2,0
421.02,,76.92,,79.46,,2019,1,0
369.85,,67.23,,31.65,,2024,0,0
316.33,,78.67,,8.0,,2021,5,0
408.09,,82.9,,94.15,,2022,1,0
324.01,,54.8,,20.27,,2020,1,1
338.28,,74.24,,8.0,,2023,1,0
326.13,,74.98,,71.75,,2022,2,1
372.38,,74.66,,22.74,,2023,1,1
444.36,,72.46,,8.85,,2021,1,0
379.72,,83.86,,67.93,,2021,3,0
355.62,,69.89,,25.7,,2024,1,1
296.09,,71.97,,39.31,,2021,0,1
410.37,,75.16,,72.76,,2024,4,0
337.08,,70.22,,31.04,,2019,2,1
386.46,,58.14,,8.0,,2020,2,0
360.52,,74.14,,139.34,,2023,0,1
426.1,,74.25,,14.18,,2024,1,1
371.35,,68.35,,216.66,,2024,0,0
376.76,,70.68,,8.0,,2022,1,0
406.72,,40.2,,27.77,,2022,1,1
495.88,,84.08,,51.26,,2022,1,0
428.86,,81.01,,99.44,,2023,0,1
375.13,,58.62,,63.66,,2022,1,0
380.18,,65.25,,12.4,,2019,3,0
351.13,,86.49,,11.71,,2024,1,1
327.75,,60.45,,18.52,,2024,0,0
349.6,,76.78,,8.0,,2024,0,1
337.53,,67.08,,46.51,,2022,1,0
415.94,,76.1,,119.05,,2020,1,1
321.08,,72.5,,43.16,,2019,2,1
453.33,,69.17,,32.01,,2022,2,0
421.36,,75.89,,29.39,,2021,0,1
381.13,,67.07,,37.72,,2022,0,0
380.02,,54.16,,52.08,,2019,1,0
349.35,,62.72,,66.56,,2020,0,1
394.85,,61.52,,50.33,,2022,1,0
439.85,,55.96,,51.28,,2020,1,1
341.33,,75.69,,127.3,,2020,0,1
295.66,,70.27,,96.43,,2018,0,0
418.68,,75.54,,72.95,,2019,3,0
397.84,,77.21,,8.0,,2019,1,0
318.39,,79.56,,46.42,,2023,1,0
339.66,,76.07,,25.49,,2020,1,1
332.75,,62.2,,40.37,,2024,0,0
340.15,,77.8,,48.69,,2023,0,1
362.2,,74.22,,52.67,,2024,0,0
365.34,,93.9,,85.5,,2021,0,1
344.21,,72.08,,101.13,,2019,0,1
338.3,,75.83,,39.21,,2019,1,1
367.42,,71.05,,94.33,,2023,1,1
389.22,,72.49,,60.76,,2024,1,0
362.6,,71.81,,9.52,,2020,4,1
443.73,,67.65,,8.0,,2024,0,0
407.94,,73.77,,8.0,,2023,0,0
292.5,,78.22,,37.1,,2023,1,0
408.81,,67.8,,30.97,,2023,0,1
413.3,,80.36,,50.06,,2019,0,0
356.09,,79.14,,77.72,,2023,3,0
297.76,,63.2,,8.0,,2022,1,1
380.44,,62.36,,81.52,,2024,3,0
379.58,,76.48,,8.0,,2022,2,1
318.31,,66.12,,90.2,,2022,1,1
300.18,,61.54,,79.82,,2022,1,0
375.18,,89.17,,50.14,,2022,0,0
367.18,,62.34,,14.98,,2021,2,1
357.05,,56.76,,8.0,,2020,1,1
375.41,,64.16,,63.23,,2021,0,1
319.35,,74.32,,10.32,,2022,0,0
356.08,,72.74,,24.42,,2023,2,1
409.33,,90.87,,31.79,,2022,1,0
360.75,,64.32,,48.58,,2023,2,0
288.04,,74.36,,28.07,,2022,2,0
354.0,,83.28,,49.81,,2021,1,0
321.14,,65.41,,70.65,,2022,1,0
394.69,,79.04,,52.44,,2021,0,1
397.54,,53.68,,14.95,,2018,2,0
288.77,,89.59,,94.37,,2021,2,0
421.75,,81.95,,33.59,,2022,2,1
318.83,,65.19,,26.3,,2021,0,0
465.76,,80.3,,35.94,,2023,2,1
377.32,,85.13,,27.73,,2024,1,0
311.45,,59.11,,59.09,,2021,1,1
317.19,,66.0,,22.93,,2018,1,0
399.15,,85.46,,62.97,,2024,3,0
358.48,,72.67,,59.97,,2022,1,1
374.68,,76.36,,13.62,,2018,0,0
468.7,,72.7,,8.0,,2022,0,1
341.54,,80.91,,79.95,,2019,1,0
383.3,,77.13,,8.0,,2023,1,1
458.09,,73.06,,8.0,,2022,3,1
394.88,,50.98,,21.62,,2024,0,0
291.64,,78.4,,12.32,,2021,2,0
407.8,,79.29,,10.45,,2024,1,1
316.03,,59.6,,8.0,,2024,1,1
457.37,,60.28,,58.09,,2023,1,1
334.74,,77.18,,64.25,,2022,2,0
543.32,,73.94,,8.0,,2022,0,1
460.71,,52.25,,33.24,,2021,4,0
336.19,,63.78,,8.0,,2019,1,1
381.1,,75.14,,29.07,,2023,1,0
421.45,,78.77,,17.96,,2023,3,0
423.1,,66.16,,9.47,,2023,2,0
404.33,,70.53,,124.22,,2022,5,1
448.87,,63.21,,131.91,,2021,0,1
373.24,,85.24,,34.86,,2023,0,0
359.83,,73.75,,8.75,,2022,1,0
360.92,,65.32,,36.76,,2024,1,1
427.21,,60.44,,110.8,,2021,0,1
400.08,,59.33,,19.93,,2019,1,0
396.02,,90.12,,8.0,,2018,0,0
423.74,,70.26,,49.69,,2023,0,0
267.19,,68.0,,44.85,,2022,0,1
397.05,,69.87,,8.0,,2019,3,0
392.02,,65.7,,80.7,,2024,1,1
471.78,,70.93,,45.4,,2022,3,0
295.93,,72.35,,9.15,,2022,1,0
465.65,,72.15,,8.0,,2023,0,0
384.15,,59.37,,150.63,,2023,1,1
406.89,,80.92,,59.02,,2020,0,1
472.18,,66.47,,19.08,,2023,2,0
410.84,,65.41,,23.81,,2024,0,0
402.02,,64.96,,32.51,,2021,0,1
393.33,,61.48,,53.26,,2021,1,0
353.41,,74.68,,8.0,,2019,1,0
378.43,,80.95,,9.15,,2023,2,0
340.65,,64.77,,8.0,,2023,3,0
377.55,,53.57,,178.67,,2024,3,0
251.52,,61.73,,87.53,,2023,0,1
403.6,,67.52,,33.81,,2022,1,1
373.3,,59.69,,23.63,,2024,0,0
361.51,,66.01,,11.39,,2020,0,0
392.09,,66.48,,37.96,,2023,2,0
301.15,,71.85,,49.26,,2021,2,0
486.11,,57.45,,49.08,,2024,0,0
374.35,,77.8,,8.0,,2023,3,0
371.98,,88.61,,50.85,,2021,0,1
326.9,,86.29,,84.53,,2023,2,1
381.32,,66.16,,8.0,,2024,3,0
456.28,,78.69,,59.14,,2021,1,0
436.98,,77.5,,72.78,,2022,0,1
426.99,,71.56,,13.57,,2022,3,0
410.05,,73.77,,52.3,,2024,0,0
360.28,,78.83,,8.0,,2024,1,0
300.24,,80.83,,44.0,,2019,1,0
368.94,,63.88,,29.99,,2022,0,0
367.03,,79.48,,79.64,,2022,1,1
437.68,,88.66,,25.26,,2024,0,1
397.02,,80.82,,23.47,,2023,2,0
468.68,,87.36,,114.02,,2021,2,0
445.86,,46.16,,114.33,,2022,1,0
354.89,,77.96,,8.0,,2021,0,1
281.27,,74.64,,27.92,,2021,1,1
456.21,,82.27,,8.0,,2023,1,0
454.77,,60.74,,13.43,,2022,2,0
304.86,,66.94,,46.08,,2020,1,0
463.01,,81.01,,8.0,,2023,1,0
401.02,,61.4,,8.0,,2022,0,0
388.84,,74.42,,54.55,,2021,1,0
468.81,,71.83,,43.07,,2019,0,0
453.96,,70.04,,97.84,,2024,0,0
415.82,,77.73,,32.83,,2024,5,0
406.03,,60.84,,122.07,,2021,2,0
413.9,,64.2,,39.47,,2022,1,0
358.0,,70.61,,20.56,,2024,1,1
376.97,,59.99,,39.38,,2022,0,1
330.37,,84.31,,58.09,,2020,1,1
361.68,,64.01,,17.93,,2022,3,1
359.84,,79.86,,19.57,,2021,0,0
345.06,,63.24,,41.75,,2022,2,1
387.52,,79.04,,25.54,,2024,0,1
362.18,,55.91,,31.44,,2022,0,0
407.62,,86.09,,168.92,,2023,0,0
290.77,,83.35,,8.0,,2020,3,1
373.77,,66.47,,43.84,,2022,3,1
387.24,,63.74,,107.62,,2022,0,0
362.92,,76.58,,11.32,,2024,1,1
370.52,,56.74,,10.01,,2018,1,0
292.81,,72.35,,18.94,,2021,1,0
399.61,,63.92,,8.0,,2024,0,0
415.62,,69.46,,34.51,,2021,0,0
407.14,,65.56,,43.55,,2020,2,1
437.13,,64.02,,72.0,,2024,0,0
391.08,,89.05,,8.0,,2022,1,1
406.33,,79.81,,24.07,,2022,0,1
388.58,,57.2,,64.4,,2022,2,1
417.82,,63.24,,61.42,,2020,2,0
293.25,,80.57,,8.0,,2022,2,0
330.85,,81.69,,8.0,,2022,3,0
467.28,,58.15,,64.23,,2022,2,1
244.68,,78.99,,8.0,,2019,2,0
372.29,,74.65,,36.21,,2023,2,0
444.48,,52.58,,8.0,,2023,1,0
374.87,,67.97,,14.71,,2022,1,1
357.72,,70.64,,8.0,,2020,1,0
387.12,,72.48,,56.0,,2021,0,1
360.58,,58.79,,46.91,,2022,2,0
381.7,,64.37,,8.0,,2023,1,0
342.41,,65.77,,8.0,,2020,1,0
440.98,,66.64,,26.38,,2024,3,0
458.28,,66.81,,9.14,,2021,2,0
372.66,,70.67,,8.0,,2023,0,1
303.74,,75.1,,12.89,,2024,3,0
351.19,,89.74,,10.18,,2023,4,0
369.88,,80.71,,48.51,,2019,1,0
407.8,,85.17,,82.84,,2021,1,0
324.56,,67.19,,11.4,,2022,2,1
337.7,,61.96,,10.6,,2023,1,0
408.09,,80.01,,20.61,,2021,5,0
431.64,,71.84,,8.0,,2022,0,0
345.81,,79.3,,123.23,,2021,3,0
306.67,,63.18,,11.72,,2023,0,0
560.63,,78.49,,8.0,,2024,0,1
423.08,,70.25,,34.19,,2023,0,1
365.31,,67.39,,32.4,,2021,0,1
427.8,,68.33,,41.98,,2022,0,1
373.15,,76.9,,142.9,,2022,1,0
427.69,,79.74,,16.41,,2018,4,0
388.77,,68.34,,18.72,,2024,0,0
385.02,,75.44,,17.26,,2022,1,0
373.75,,75.41,,41.6,,2024,3,0
300.39,,79.38,,38.91,,2023,0,0
486.6,,81.87,,31.6,,2023,1,0
328.22,,90.11,,19.03,,2022,1,0
305.2,,67.35,,23.44,,2024,1,0
368.29,,86.6,,66.05,,2020,2,0
327.12,,73.17,,39.47,,2024,2,0
377.16,,61.05,,52.91,,2023,1,0
417.83,,65.5,,13.61,,2021,2,1
434.74,,76.66,,101.84,,2023,3,0
424.81,,79.24,,8.0,,2023,4,0
363.19,,61.84,,38.03,,2023,3,0
382.73,,64.36,,70.27,,2021,1,0
402.43,,66.67,,84.51,,2018,2,1
283.32,,63.37,,16.17,,2024,4,0
411.38,,53.2,,25.86,,2023,0,0
299.85,,49.81,,8.0,,2022,2,0
492.22,,68.18,,65.5,,2020,1,0
357.75,,74.52,,8.0,,2022,1,1
369.83,,78.56,,23.47,,2021,0,1
337.67,,58.38,,196.96,,2020,0,0
345.35,,58.55,,104.91,,2022,2,0
505.08,,66.72,,16.82,,2024,1,0
431.72,,72.03,,10.64,,2022,3,1
294.79,,82.09,,12.18,,2022,0,0
462.73,,79.18,,48.49,,2024,2,0
445.63,,68.32,,54.34,,2023,3,0
364.53,,75.6,,10.25,,2020,2,0
396.87,,63.56,,11.53,,2022,2,0
379.18,,72.74,,16.41,,2022,1,1
488.49,,71.38,,23.84,,2023,1,0
336.2,,86.04,,104.77,,2023,0,1
388.03,,76.94,,8.0,,2021,2,0
356.45,,64.29,,42.7,,2021,0,1
301.18,,64.39,,83.09,,2019,4,1
500.54,,68.67,,53.97,,2019,1,0
315.01,,56.36,,10.26,,2023,1,1
392.11,,69.7,,27.2,,2024,2,0
284.26,,70.56,,101.26,,2020,0,0
358.05,,76.67,,8.0,,2024,0,1
403.21,,78.12,,184.08,,2021,0,0
334.64,,72.99,,8.0,,2024,0,0
412.27,,55.7,,8.0,,2018,0,0
365.2,,59.79,,70.39,,2019,5,1
443.8,,65.95,,74.02,,2022,2,0
454.9,,78.52,,8.0,,2024,0,0
347.73,,78.19,,8.0,,2022,1,1
384.22,,69.51,,124.6,,2024,3,0
390.09,,95.6,,13.76,,2021,1,0
414.06,,87.62,,8.0,,2020,1,1
380.79,,84.4,,12.31,,2024,0,0
390.46,,79.01,,55.85,,2019,1,0
366.61,,76.59,,104.26,,2023,0,1
386.34,,75.86,,8.0,,2024,0,0
451.39,,53.95,,10.67,,2019,1,0
415.53,,61.49,,24.47,,2022,1,1
418.57,,69.78,,57.94,,2019,0,0
419.77,,73.28,,45.15,,2022,3,1
371.54,,70.76,,16.67,,2023,2,1
397.54,,74.72,,8.0,,2021,1,0
320.32,,50.97,,12.25,,2020,2,1
449.78,,77.06,,10.41,,2021,2,1
226.94,,72.62,,8.0,,2023,3,0
375.21,,70.13,,155.0,,2024,2,1
442.75,,81.27,,12.38,,2020,1,0
304.99,,61.54,,76.07,,2019,1,0
401.99,,69.63,,27.86,,2019,2,0
342.56,,74.84,,150.61,,2023,1,0
359.72,,63.47,,8.0,,2023,1,1
432.03,,51.97,,8.0,,2022,0,0
390.89,,60.47,,8.0,,2019,0,0
268.11,,71.35,,53.23,,2024,1,0
326.3,,69.51,,15.36,,2024,2,0
433.64,,71.82,,85.8,,2021,3,1
404.69,,65.41,,42.19,,2024,1,0
476.15,,58.88,,36.18,,2024,0,0
472.55,,73.37,,28.03,,2022,3,0
361.18,,70.33,,12.54,,2023,1,1
517.68,,78.38,,8.0,,2023,1,1
381.35,,64.52,,24.62,,2024,0,1
327.05,,51.79,,8.0,,2019,2,0
345.15,,45.96,,99.19,,2019,2,0
255.88,,67.99,,74.26,,2023,0,1
468.39,,73.28,,40.61,,2018,4,0
467.71,,69.68,,25.3,,2019,2,1
324.15,,66.35,,25.43,,2022,0,0
367.47,,56.09,,26.23,,2020,1,0
385.26,,53.11,,57.47,,2024,1,1
327.18,,75.67,,8.0,,2021,2,0
283.47,,69.72,,31.83,,2022,0,0
368.43,,68.36,,70.34,,2018,1,0
362.34,,56.58,,29.97,,2022,1,0
358.64,,62.34,,8.0,,2024,2,0
392.25,,72.45,,11.79,,2024,0,0
458.62,,74.85,,46.38,,2023,2,1
363.33,,70.36,,114.29,,2020,3,0
389.37,,85.79,,94.16,,2021,3,1
419.98,,66.25,,72.66,,2020,1,0
410.48,,84.87,,125.96,,2021,1,0
346.21,,74.17,,13.79,,2022,3,1
385.3,,73.08,,8.0,,2022,4,1
410.11,,81.33,,18.38,,2024,1,0
317.94,,65.76,,36.14,,2020,1,0
449.49,,68.71,,15.98,,2022,2,1
458.74,,59.76,,8.0,,2023,2,1
340.25,,81.35,,29.72,,2024,4,1
390.65,,75.36,,9.36,,2020,1,0
415.33,,82.98,,54.62,,2024,2,0
349.99,,74.05,,8.0,,2023,0,0
406.49,,83.03,,133.27,,2020,0,0
388.98,,64.53,,87.91,,2023,2,0
299.26,,81.87,,86.95,,2020,0,0
405.25,,68.02,,65.53,,2023,0,0
319.49,,72.03,,42.17,,2020,2,0
431.66,,79.28,,8.0,,2022,3,0
343.08,,95.28,,45.61,,2023,2,0
371.13,,80.2,,57.71,,2023,3,1
455.48,,81.14,,8.0,,2023,1,0
407.3,,66.55,,40.17,,2024,1,0
320.63,,73.57,,27.37,,2018,1,0
324.18,,71.04,,26.86,,2022,1,0
347.04,,86.08,,9.34,,2024,1,1
401.71,,70.54,,56.49,,2023,3,0
399.71,,85.29,,108.86,,2021,1,0
333.63,,58.98,,65.11,,2021,0,1
315.8,,85.99,,19.34,,2023,0,1
395.49,,63.39,,174.15,,2020,1,0
370.0,,80.54,,19.02,,2024,2,0
498.65,,63.36,,11.22,,2019,2,0
382.01,,78.18,,144.68,,2022,0,0
479.78,,62.37,,65.51,,2024,1,0
315.63,,82.36,,60.16,,2023,1,1
293.47,,80.45,,8.0,,2022,0,1
318.4,,65.99,,8.96,,2020,0,0
445.4,,77.78,,8.0,,2023,3,1
476.59,,81.47,,62.96,,2024,1,0
336.98,,62.77,,13.69,,2019,3,0
354.67,,61.66,,8.0,,2018,2,1
315.71,,61.29,,8.43,,2022,0,1
280.36,,59.87,,43.04,,2022,1,1
419.51,,61.24,,23.83,,2021,1,0
392.27,,81.25,,119.15,,2023,2,1
380.58,,77.58,,19.13,,2022,1,0
303.0,,55.04,,75.39,,2021,2,0
470.2,,66.9,,33.21,,2023,0,1
352.32,,60.42,,51.32,,2019,2,1
409.35,,80.62,,8.0,,2018,1,0
300.0,,67.5,,58.05,,2019,2,0
369.52,,56.56,,8.0,,2024,3,1
396.03,,73.7,,49.34,,2023,0,1
397.99,,78.06,,26.31,,2024,1,1
388.51,,62.46,,10.9,,2021,0,0
407.2,,69.35,,27.5,,2022,1,0
317.82,,62.98,,81.3,,2021,4,0
390.86,,84.44,,8.0,,2022,0,0
386.26,,67.69,,8.0,,2024,1,1
392.74,,64.78,,32.07,,2018,0,0
383.98,,71.49,,41.22,,2022,3,0
309.97,,69.92,,22.89,,2020,0,0
307.52,,78.88,,13.01,,2024,3,0
258.22,,84.16,,8.0,,2024,1,0
424.96,,84.24,,8.0,,2024,1,0
425.52,,68.18,,8.0,,2018,3,0
426.4,,75.05,,97.25,,2021,1,0
396.87,,86.88,,8.0,,2020,3,0
262.68,,87.27,,14.69,,2024,3,0
323.53,,63.24,,178.96,,2018,0,0
389.37,,77.92,,110.2,,2024,1,1
387.45,,76.23,,8.0,,2022,4,0
367.75,,81.26,,33.66,,2023,2,0
400.29,,84.44,,42.16,,2022,1,0
380.64,,61.59,,8.0,,2023,1,0
386.64,,65.09,,54.7,,2021,1,0
344.85,,81.08,,185.31,,2023,2,0
434.01,,73.48,,23.56,,2022,0,0
356.31,,49.73,,25.06,,2024,2,0
306.81,,55.34,,45.23,,2024,0,0
337.6,,78.63,,56.02,,2022,0,0
360.83,,80.39,,65.5,,2023,0,1
434.67,,58.51,,8.0,,2023,1,0
377.68,,82.99,,67.74,,2023,0,1
369.76,,70.03,,83.82,,2024,2,0
311.32,,61.78,,8.0,,2024,1,0
423.2,,66.4,,8.0,,2023,2,1
344.14,,59.77,,33.62,,2019,0,0
374.5,,65.84,,28.84,,2021,5,1
461.41,,53.31,,164.51,,2021,3,0
407.98,,71.26,,14.65,,2022,1,0
290.45,,77.87,,37.47,,2024,2,1
282.68,,58.53,,29.68,,2023,2,1
376.46,,72.17,,32.23,,2023,2,1
313.3,,63.95,,45.27,,2018,1,0
415.67,,78.69,,32.4,,2019,1,0
382.32,,48.86,,8.0,,2024,2,0
389.1,,79.12,,77.95,,2020,1,0
341.13,,53.82,,9.43,,2023,2,1
475.78,,69.9,,11.04,,2022,2,0
536.34,,64.91,,43.85,,2021,0,1
364.68,,68.39,,27.28,,2023,2,1
399.42,,56.71,,35.89,,2024,1,0
385.36,,88.6,,28.9,,2021,0,0
365.72,,59.13,,22.72,,2021,1,0
334.24,,59.92,,27.73,,2021,1,0
320.33,,89.95,,8.0,,2023,3,0
317.54,,75.23,,146.31,,2023,2,0
402.29,,59.46,,35.91,,2022,2,0
351.42,,70.71,,14.2,,2020,1,1
238.19,,69.64,,52.4,,2021,1,1
404.47,,55.12,,89.09,,2023,0,0
377.9,,64.42,,14.77,,2024,1,0
454.07,,71.74,,16.48,,2022,2,1
400.52,,84.66,,24.24,,2020,2,0
298.67,,70.11,,10.29,,2023,2,0
257.37,,70.86,,69.7,,2023,1,1
340.43,,63.85,,36.85,,2024,1,0
345.62,,82.96,,8.0,,2021,2,0
431.87,,81.02,,240.0,,2024,1,1
379.51,,79.89,,35.94,,2023,0,0
442.35,,73.12,,92.68,,2024,1,0
307.13,,56.01,,29.25,,2019,1,0
433.09,,82.87,,36.68,,2024,1,1
419.65,,72.57,,25.45,,2022,6,1
269.0,,68.91,,23.08,,2023,2,0
452.74,,76.48,,10.34,,2020,1,0
385.14,,74.24,,137.48,,2021,0,0
401.56,,61.31,,8.43,,2022,1,0
332.43,,68.79,,31.39,,2022,1,0
450.14,,52.96,,8.0,,2022,1,1
314.78,,72.86,,210.72,,2020,3,0
425.77,,85.3,,34.07,,2024,2,0
425.13,,54.04,,70.78,,2024,0,1
326.42,,73.29,,34.76,,2020,1,0
489.09,,78.68,,68.66,,2021,1,0
392.73,,80.16,,32.11,,2024,2,0
415.96,,64.54,,24.73,,2023,1,1
296.01,,60.98,,25.56,,2024,1,0
496.48,,66.13,,8.0,,2024,1,1
312.65,,83.91,,19.45,,2024,2,0
436.37,,54.9,,127.49,,2022,2,1
325.29,,59.84,,47.28,,2021,0,0
345.96,,67.41,,105.72,,2022,1,0
423.38,,62.24,,9.39,,2023,1,0
436.52,,71.58,,28.38,,2019,0,0
310.08,,86.15,,8.0,,2023,2,1
439.98,,59.96,,47.47,,2024,3,0
437.47,,70.54,,64.37,,2020,2,0
328.41,,71.92,,57.86,,2024,1,0
467.93,,68.65,,8.0,,2024,0,0
299.87,,56.22,,11.94,,2019,2,0
345.64,,65.62,,44.8,,2024,2,0
406.35,,65.65,,59.76,,2022,0,0
333.05,,78.34,,13.46,,2022,1,0
394.51,,76.2,,21.89,,2023,1,0
393.26,,56.48,,18.17,,2020,0,0
369.71,,68.13,,8.0,,2023,0,1
425.78,,67.0,,36.09,,2024,2,0
367.44,,91.55,,46.45,,2021,2,0
392.73,,74.92,,13.59,,2021,0,0
443.06,,61.23,,48.89,,2024,1,1
423.49,,64.23,,11.68,,2022,1,1
423.23,,68.21,,52.8,,2023,0,0
316.8,,75.62,,25.66,,2024,3,0
408.86,,76.85,,86.32,,2023,1,0
331.68,,74.0,,33.05,,2021,1,0
309.52,,69.9,,8.57,,2018,0,0
376.06,,70.64,,72.49,,2022,0,0
330.26,,70.71,,63.15,,2020,0,0
423.48,,54.17,,8.0,,2022,1,1
424.8,,71.39,,8.0,,2022,0,1
275.36,,66.23,,8.0,,2024,0,0
334.44,,55.47,,78.39,,2023,0,0
299.71,,96.18,,16.22,,2020,0,1
354.56,,75.11,,29.51,,2021,1,1
405.03,,72.13,,38.8,,2022,2,0
366.67,,68.29,,57.14,,2022,2,0
347.56,,79.3,,74.41,,2022,0,0
451.51,,60.38,,30.47,,2024,0,0
253.23,,68.87,,22.57,,2023,0,1
448.03,,62.48,,9.16,,2019,2,0
350.06,,79.22,,39.28,,2024,5,1
375.7,,63.73,,33.53,,2022,0,1
351.0,,83.01,,14.45,,2022,1,0
464.86,,71.01,,24.82,,2024,0,1
312.3,,79.74,,56.52,,2020,1,0
380.65,,76.0,,41.43,,2022,1,0
409.01,,82.59,,27.61,,2024,3,0
291.39,,62.65,,13.35,,2023,1,0
329.41,,81.06,,46.31,,2021,2,1
371.85,,53.37,,41.49,,2022,3,1
331.23,,72.43,,25.74,,2018,1,0
335.14,,66.54,,11.44,,2018,1,1
360.76,,57.95,,8.07,,2019,1,0
415.73,,63.06,,17.41,,2023,0,1
361.15,,65.59,,100.54,,2023,0,0
439.31,,70.03,,58.88,,2024,0,0
325.12,,66.75,,93.12,,2023,1,1
311.14,,72.8,,77.66,,2022,4,0
485.95,,63.7,,25.79,,2024,1,0
343.81,,67.23,,31.75,,2018,2,0
307.9,,69.11,,8.0,,2018,1,0
284.19,,73.82,,53.6,,2021,2,1
439.13,,80.49,,23.02,,2019,1,0
361.23,,80.54,,8.0,,2021,1,1
366.05,,74.37,,8.0,,2021,0,1
371.24,,76.3,,50.03,,2022,2,0
435.71,,75.12,,27.64,,2023,1,0
370.13,,68.85,,8.0,,2021,5,0
508.92,,81.01,,73.09,,2024,0,1
387.36,,62.86,,40.58,,2022,2,0
438.4,,51.52,,8.0,,2024,1,0
424.29,,61.59,,15.26,,2024,0,0
378.0,,86.03,,53.83,,2018,1,0
347.72,,69.05,,8.0,,2022,0,0
398.26,,74.74,,55.98,,2024,0,1
408.06,,69.26,,29.53,,2024,1,0
348.51,,77.62,,64.14,,2023,0,1
389.15,,72.71,,81.17,,2024,1,0
447.99,,71.31,,61.32,,2023,0,0
493.85,,78.14,,8.0,,2020,0,1
426.99,,67.34,,25.91,,2022,3,1
482.45,,75.72,,16.12,,2023,1,0
345.38,,70.25,,29.83,,2023,3,1
418.6,,70.93,,141.77,,2019,2,0
453.62,,63.81,,8.0,,2020,0,1
330.7,,69.84,,84.29,,2023,1,1
353.29,,66.59,,197.16,,2022,2,0
475.58,,83.3,,193.51,,2018,1,1
326.37,,55.16,,66.91,,2023,1,0
306.24,,80.89,,26.32,,2019,0,0
464.04,,54.56,,8.23,,2020,3,0
445.82,,77.37,,39.36,,2024,1,0
403.77,,63.62,,39.59,,2021,3,1
377.49,,77.66,,15.98,,2018,0,1
355.88,,70.79,,40.29,,2018,0,0
395.51,,57.68,,8.0,,2024,2,0
466.89,,85.59,,42.22,,2021,1,1
393.12,,79.77,,95.35,,2023,2,0
499.18,,77.03,,26.83,,2022,0,0
330.61,,65.6,,60.75,,2020,2,0
378.92,,80.11,,42.4,,2024,1,1
359.48,,59.17,,8.0,,2024,0,0
320.32,,49.72,,8.0,,2024,1,0
371.58,,56.38,,62.62,,2018,1,1
402.95,,62.78,,8.0,,2019,1,0
408.83,,64.45,,131.43,,2024,3,1
499.37,,67.65,,94.29,,2020,0,1
405.55,,68.1,,18.9,,2022,2,0
443.26,,65.5,,15.61,,2022,1,0
383.64,,50.84,,39.86,,2023,1,0
472.29,,73.92,,39.74,,2018,1,0
511.91,,69.35,,8.0,,2021,1,0
409.21,,65.04,,10.19,,2022,1,0
325.4,,85.98,,42.5,,2020,0,1
349.82,,69.58,,67.76,,2024,1,0
395.51,,72.59,,8.95,,2024,1,0
405.11,,79.96,,50.84,,2020,3,1
418.41,,57.1,,85.84,,2023,1,0
405.31,,71.77,,8.0,,2022,1,1
380.38,,79.93,,24.29,,2021,0,1
345.01,,71.09,,79.83,,2021,1,1
402.06,,58.97,,19.45,,2023,1,0
482.02,,67.18,,13.19,,2024,2,1
436.1,,73.89,,57.49,,2024,0,1
409.41,,50.93,,21.51,,2021,3,1
436.63,,58.47,,51.46,,2023,0,0
359.59,,91.74,,8.0,,2022,1,1
352.05,,76.85,,33.87,,2022,1,0
338.87,,86.83,,20.04,,2021,3,1
373.11,,80.66,,240.0,,2019,1,1
356.79,,75.94,,37.59,,2020,2,0
446.46,,68.91,,48.14,,2022,1,0
353.86,,75.81,,8.0,,2023,3,0
335.85,,86.5,,202.63,,2018,2,0
486.84,,80.26,,8.0,,2021,1,1
355.17,,73.67,,8.0,,2020,1,0
388.44,,70.28,,8.0,,2023,0,1
404.82,,76.98,,85.88,,2024,1,0
317.48,,66.68,,54.77,,2024,6,0
447.95,,76.98,,151.78,,2024,0,0
415.04,,65.02,,8.0,,2024,2,1
465.71,,68.46,,49.42,,2023,0,0
342.64,,61.72,,32.0,,2020,0,1
385.45,,67.6,,42.81,,2023,1,1
382.16,,65.16,,30.21,,2023,3,0
394.51,,88.92,,47.25,,2020,0,0
300.0,,63.06,,99.78,,2020,4,1
386.1,,75.85,,37.19,,2019,1,0
301.54,,62.53,,95.23,,2022,0,0
399.71,,72.47,,64.01,,2021,2,0
262.92,,74.9,,84.08,,2024,5,0
278.16,,53.49,,45.22,,2018,0,0
425.02,,58.02,,30.7,,2021,0,0
349.92,,62.45,,8.0,,2024,1,1
325.67,,58.97,,75.65,,2024,1,1
449.9,,72.84,,11.64,,2023,2,1
398.02,,74.43,,8.0,,2024,1,1
427.96,,61.37,,30.75,,2018,0,0
370.86,,73.24,,42.05,,2023,1,0
527.38,,67.76,,45.54,,2022,0,0
346.75,,71.01,,46.53,,2023,4,0
475.95,,65.72,,44.54,,2022,1,1
376.62,,76.88,,69.35,,2022,1,1
289.0,,88.35,,61.61,,2021,0,1
406.56,,79.74,,70.38,,2022,0,0
397.31,,85.93,,25.9,,2021,1,0
322.18,,57.97,,8.0,,2021,1,0
329.28,,65.24,,42.86,,2021,1,0
378.64,,77.65,,9.91,,2020,0,0
399.24,,87.08,,82.43,,2020,2,0
244.11,,78.5,,53.72,,2024,2,0
437.92,,61.74,,60.98,,2022,1,1
352.8,,67.65,,14.17,,2023,0,0
306.75,,75.33,,42.11,,2022,2,0
431.76,,70.35,,31.54,,2021,1,1
378.7,,64.01,,13.13,,2018,0,1
446.89,,69.1,,70.25,,2019,0,0
404.09,,71.86,,33.53,,2024,0,1
379.92,,61.15,,8.89,,2019,0,0
371.6,,81.85,,15.3,,2020,1,0
406.55,,67.6,,10.82,,2024,2,0
357.26,,71.27,,15.73,,2024,0,0
333.11,,82.35,,8.76,,2019,2,0
413.55,,70.75,,19.48,,2023,2,1
372.05,,81.8,,49.73,,2022,0,0
381.85,,61.71,,134.46,,2021,4,0
439.92,,76.33,,9.93,,2022,0,0
373.74,,80.39,,14.97,,2020,2,0
380.83,,63.7,,8.0,,2024,1,0
347.02,,70.22,,10.72,,2020,1,0
403.69,,70.42,,22.77,,2020,0,0
399.24,,74.1,,26.02,,2021,1,1
429.54,,76.75,,13.01,,2020,1,0
348.15,,62.89,,8.0,,2021,1,0
354.82,,71.4,,34.78,,2018,0,0
423.57,,87.91,,22.1,,2023,2,0
393.87,,82.54,,23.33,,2020,1,0
330.16,,79.94,,94.65,,2024,1,0
451.86,,70.07,,34.62,,2019,3,1
286.59,,93.29,,20.65,,2019,1,0
423.14,,82.3,,12.3,,2020,1,1
310.41,,72.37,,23.51,,2022,2,0
483.72,,74.2,,83.14,,2023,1,0
295.05,,67.41,,140.92,,2022,3,1
443.37,,75.93,,19.89,,2024,1,0
375.51,,77.93,,9.85,,2022,0,1
359.84,,79.03,,103.3,,2020,2,0
390.2,,70.19,,8.0,,2020,1,0
414.75,,57.26,,14.82,,2021,1,0
330.26,,74.42,,9.59,,2024,4,1
335.13,,79.07,,35.04,,2022,1,0
415.73,,62.21,,22.06,,2024,1,1
286.1,,71.09,,14.22,,2019,0,1
347.87,,85.41,,61.35,,2023,3,1
547.24,,59.97,,45.82,,2022,0,0
326.76,,69.16,,227.06,,2020,1,0
443.13,,86.87,,15.71,,2019,1,0
347.77,,73.58,,78.38,,2021,1,0
408.0,,66.74,,15.13,,2024,1,0
415.99,,71.93,,8.0,,2023,2,1
442.09,,80.26,,8.0,,2022,1,1
368.99,,69.96,,29.83,,2024,0,0
489.39,,77.98,,69.75,,2020,0,0
347.59,,74.35,,8.0,,2021,0,0
392.88,,75.17,,74.92,,2022,0,0
393.49,,78.62,,52.88,,2022,1,0
318.29,,69.05,,8.0,,2021,3,0
364.28,,62.55,,8.0,,2022,1,0
388.88,,76.74,,8.0,,2019,0,1
356.23,,70.68,,47.72,,2018,0,1
514.25,,67.52,,34.58,,2024,0,0
333.88,,77.26,,18.67,,2022,0,1
444.87,,84.77,,8.0,,2020,0,0
427.11,,70.45,,20.97,,2021,1,0
379.24,,72.08,,48.14,,2022,0,0
332.41,,60.18,,8.0,,2024,2,0
337.75,,69.77,,81.56,,2023,0,1
351.51,,74.21,,8.0,,2024,2,1
281.78,,71.8,,39.35,,2019,1,1
324.81,,68.38,,8.81,,2020,2,0
298.46,,79.26,,8.0,,2021,1,1
454.02,,72.58,,18.42,,2020,1,0
414.02,,97.89,,46.17,,2024,1,0
423.23,,74.08,,8.0,,2020,2,0
412.39,,44.53,,27.12,,2020,0,0
389.18,,60.88,,21.88,,2022,2,1
460.34,,77.32,,23.42,,2023,0,0
346.41,,65.57,,120.63,,2021,1,0
385.87,,66.19,,18.03,,2018,2,1
421.09,,59.61,,200.88,,2023,3,0
307.33,,67.23,,32.47,,2024,0,1
550.31,,73.94,,77.62,,2024,2,0
381.57,,75.86,,18.02,,2024,1,0
387.81,,61.8,,8.0,,2024,1,1
449.13,,80.05,,8.0,,2023,1,0
430.32,,60.09,,35.85,,2024,1,0
382.09,,76.38,,111.64,,2019,1,1
387.16,,75.37,,8.0,,2019,2,1
297.27,,62.66,,49.07,,2019,0,0
349.39,,61.47,,34.79,,2022,0,0
408.45,,75.82,,44.36,,2020,2,1
404.41,,66.4,,10.2,,2018,1,1
447.16,,70.1,,8.0,,2019,0,0
373.37,,78.87,,8.0,,2019,1,0
303.7,,76.79,,11.9,,2023,1,0
438.12,,62.84,,10.09,,2020,1,0
458.98,,71.46,,8.0,,2024,3,0
429.4,,62.65,,12.91,,2024,0,0
371.0,,80.7,,32.07,,2022,0,0
437.44,,87.37,,125.41,,2022,0,0
568.59,,63.55,,107.29,,2021,0,1
386.33,,71.69,,13.32,,2023,3,0
307.85,,81.17,,8.0,,2024,2,0
347.75,,72.24,,228.22,,2020,0,0
414.4,,77.62,,27.18,,2024,1,1
291.74,,72.52,,160.88,,2020,3,1
389.32,,61.43,,32.4,,2021,1,0
400.92,,73.19,,91.34,,2024,4,0
464.43,,83.27,,24.9,,2022,0,0
452.06,,75.14,,40.86,,2018,1,1
427.55,,88.24,,32.23,,2024,3,0
261.05,,54.28,,10.43,,2023,3,1
430.66,,75.79,,60.61,,2023,2,1
418.8,,65.52,,8.0,,2020,3,0
394.08,,63.24,,18.9,,2024,2,0
284.84,,85.34,,85.66,,2023,4,0
337.28,,69.45,,29.34,,2024,2,0
315.82,,68.48,,8.0,,2022,0,0
269.17,,75.44,,9.77,,2022,2,0
379.84,,50.47,,8.0,,2023,0,1
336.12,,85.55,,13.66,,2019,0,0
524.39,,91.04,,8.0,,2020,0,1
370.72,,81.15,,52.27,,2021,4,0
451.16,,76.12,,45.24,,2024,2,0
293.7,,69.83,,8.0,,2018,2,1
350.85,,61.25,,24.73,,2024,2,1
385.33,,83.94,,14.73,,2021,1,1
330.05,,81.16,,17.27,,2023,0,1
356.78,,76.5,,36.03,,2022,1,1
368.01,,75.34,,96.16,,2023,2,0
367.14,,75.01,,95.6,,2024,0,1
482.03,,66.74,,22.38,,2022,1,0
400.8,,97.01,,20.98,,2020,0,0
406.37,,69.14,,30.65,,2020,1,0
409.68,,67.73,,26.99,,2021,0,0
413.69,,83.21,,8.0,,2020,0,0
375.44,,71.71,,36.31,,2018,1,1
362.36,,71.81,,36.91,,2024,1,0
389.17,,86.15,,25.13,,2023,1,0
443.62,,78.79,,22.44,,2022,1,1
441.94,,79.29,,117.43,,2020,3,1
366.78,,57.82,,38.57,,2018,0,0
422.23,,76.01,,71.16,,2021,2,1
369.3,,61.94,,129.18,,2018,2,1
381.86,,67.45,,69.77,,2019,1,0
353.96,,73.76,,120.3,,2019,1,0
370.01,,71.64,,59.82,,2024,3,0
453.77,,78.54,,8.0,,2023,0,1
385.08,,79.71,,10.81,,2021,0,0
387.44,,80.46,,9.05,,2021,1,0
300.4,,58.56,,16.33,,2021,1,0
362.99,,95.63,,18.42,,2022,1,0
366.73,,71.75,,70.01,,2024,3,0
334.4,,84.13,,18.8,,2022,0,0
381.19,,46.86,,54.56,,2020,2,1
356.39,,69.35,,98.34,,2020,2,0
384.4,,57.39,,8.0,,2019,0,0
386.68,,63.39,,8.0,,2023,2,0
327.43,,72.51,,92.2,,2021,1,0
358.07,,68.65,,11.43,,2024,0,0
384.26,,85.14,,8.0,,2021,1,1
445.14,,89.69,,14.69,,2023,1,0
394.12,,62.33,,8.64,,2022,0,1
343.59,,,67122.35,66.28,,2024,1,0
401.95,,61.69,,42.27,,2022,1,1
473.92,,83.56,,8.0,,2020,3,0
430.42,,73.59,,36.79,,2024,1,0
410.11,,72.32,,9.8,,2018,0,0
419.91,,75.12,,9.24,,2022,1,0
459.2,,68.89,,38.01,,2020,0,1
439.16,,63.44,,45.89,,2021,1,1
411.17,,72.51,,17.85,,2022,2,0
438.78,,69.33,,60.54,,2022,0,1
320.51,,75.47,,76.24,,2021,3,1
297.38,,55.68,,104.2,,2023,2,0
388.64,,73.86,,41.31,,2020,0,0
383.78,,65.11,,10.44,,2023,1,1
350.08,,73.51,,57.97,,2023,3,0
425.42,,81.05,,8.0,,2021,0,0
277.54,,66.44,,8.4,,2022,3,0
350.59,,83.97,,75.12,,2022,2,0
353.33,,54.59,,101.52,,2024,2,0
290.0,,87.44,,8.0,,2022,0,0
462.21,,84.38,,15.71,,2023,2,1
305.24,,63.13,,41.67,,2023,3,1
347.64,,63.22,,117.23,,2023,2,0
429.94,,57.05,,35.52,,2023,0,1
415.53,,81.21,,72.25,,2020,0,1
319.05,,68.7,,107.55,,2024,2,0
417.54,,67.96,,30.74,,2023,1,1
395.94,,60.77,,56.65,,2019,1,1
508.32,,90.12,,45.61,,2023,2,0
402.22,,62.27,,46.74,,2022,1,1
372.23,,72.24,,30.57,,2020,2,0
332.89,,74.16,,40.99,,2022,0,0
339.07,,68.01,,33.95,,2024,0,1
334.58,,65.99,,42.65,,2024,1,1
455.41,,68.31,,29.55,,2019,0,0
380.99,,77.65,,10.57,,2022,0,0
411.09,,68.53,,49.68,,2022,1,0
463.28,,88.26,,20.35,,2023,1,0
250.28,,64.23,,8.0,,2023,1,0
450.34,,79.54,,80.05,,2024,0,0
383.05,,54.44,,8.4,,2022,1,0
403.93,,64.23,,32.68,,2024,3,0
334.44,,63.84,,53.63,,2022,2,0
338.47,,60.96,,43.82,,2018,3,0
406.89,,74.83,,8.0,,2022,2,1
511.15,,70.9,,9.07,,2020,1,0
435.18,,49.21,,8.0,,2022,1,1
449.6,,91.96,,8.0,,2023,1,0
369.44,,73.76,,13.99,,2023,2,0
346.99,,72.01,,31.19,,2022,0,0
337.06,,85.1,,8.0,,2023,1,0
353.14,,81.89,,148.5,,2019,2,0
267.1,,69.02,,50.4,,2024,0,1
340.13,,52.47,,36.78,,2024,1,0
349.18,,77.64,,48.04,,2024,1,0
370.36,,62.37,,24.05,,2018,0,0
387.25,,84.39,,26.66,,2020,3,1
399.93,,64.24,,92.2,,2019,0,0
379.18,,67.48,,53.76,,2024,2,0
348.02,,58.57,,37.26,,2023,1,0
272.02,,59.38,,126.0,,2019,2,1
348.36,,70.91,,45.64,,2022,0,1
326.52,,69.98,,21.36,,2022,1,0
405.63,,67.24,,8.0,,2023,0,1
430.01,,92.53,,20.81,,2021,1,0
431.62,,78.04,,108.68,,2021,0,1
421.63,,72.1,,8.0,,2022,2,1
372.66,,44.43,,8.57,,2022,1,0
351.29,,80.26,,69.47,,2019,1,1
338.91,,101.95,,19.07,,2023,0,0
297.09,,70.12,,8.64,,2020,1,0
434.55,,63.89,,71.02,,2024,2,1
370.39,,73.63,,34.33,,2023,1,1
311.45,,57.69,,33.39,,2024,3,0
334.54,,76.62,,14.61,,2020,3,1
332.32,,87.0,,47.22,,2024,0,1
382.37,,65.29,,83.13,,2023,3,0
438.71,,65.61,,58.26,,2024,1,0
360.86,,71.2,,39.81,,2018,3,0
256.11,,66.99,,18.13,,2021,1,0
369.6,,56.88,,81.05,,2018,0,1
371.41,,68.15,,35.07,,2020,0,0
367.63,,66.13,,92.55,,2024,0,1
345.49,,85.67,,12.32,,2022,0,0
391.96,,83.55,,44.61,,2023,2,0
383.64,,85.97,,114.92,,2022,0,0
378.63,,80.02,,19.68,,2022,3,0
402.7,,74.06,,126.9,,2023,3,0
356.36,,63.26,,20.93,,2022,1,1
353.24,,85.26,,24.18,,2018,2,0
455.91,,75.48,,68.97,,2024,0,0
410.76,,59.52,,12.69,,2021,2,0
425.48,,62.86,,51.4,,2023,1,0
447.44,,59.36,,14.88,,2023,1,0
408.93,,51.48,,37.84,,2020,0,1
431.06,,75.89,,62.83,,2020,3,0
293.14,,59.62,,8.0,,2022,0,1
391.23,,64.44,,8.0,,2021,2,1
369.95,,72.39,,114.4,,2021,2,1
472.27,,70.12,,71.06,,2021,0,1
431.02,,64.87,,88.02,,2021,0,1
345.33,,87.19,,24.27,,2019,3,0
400.5,,56.73,,52.92,,2019,5,1
389.22,,57.17,,240.0,,2024,1,0
404.99,,76.58,,23.8,,2024,1,0
323.96,,65.74,,78.79,,2022,1,1
399.8,,65.35,,8.0,,2021,1,0
367.45,,61.21,,32.97,,2023,2,0
395.53,,75.38,,17.02,,2019,2,1
340.16,,74.26,,31.1,,2019,1,0
347.82,,73.19,,8.0,,2020,0,1
444.56,,66.17,,19.25,,2023,1,0
322.16,,64.49,,8.0,,2024,0,1
326.22,,70.37,,25.35,,2022,2,0
377.16,,81.67,,24.49,,2020,1,1
337.55,,87.68,,16.8,,2021,1,0
331.32,,83.11,,124.43,,2024,3,0
385.78,,77.06,,8.0,,2022,0,0
297.22,,81.82,,73.18,,2022,4,0
324.56,,60.18,,18.41,,2023,0,1
492.98,,64.86,,9.34,,2021,0,1
405.27,,77.24,,13.37,,2018,1,1
338.94,,70.82,,97.51,,2024,0,1
403.0,,75.38,,73.18,,2023,1,0
411.2,,81.79,,8.0,,2024,0,0
434.69,,80.24,,8.0,,2024,2,0
373.01,,61.09,,47.21,,2021,4,1
433.71,,72.12,,16.04,,2021,0,0
267.89,,62.79,,105.63,,2020,3,0
321.9,,64.23,,64.85,,2024,1,1
389.01,,54.89,,87.35,,2023,1,0
398.13,,73.34,,9.0,,2021,2,1
329.85,,54.15,,8.0,,2024,0,0
394.27,,75.94,,112.86,,2023,0,0
345.69,,85.58,,21.75,,2024,2,1
364.77,,77.3,,22.57,,2020,2,1
436.36,,72.52,,48.46,,2022,3,1
429.99,,87.34,,21.28,,2024,3,0
325.16,,75.27,,87.4,,2021,4,0
321.85,,63.37,,134.23,,2022,3,0
357.39,,73.25,,16.98,,2022,2,1
378.53,,91.6,,9.8,,2018,2,1
343.82,,61.07,,8.0,,2020,0,1
437.24,,58.2,,10.13,,2021,2,1
399.11,,78.15,,8.0,,2018,1,1
402.33,,69.76,,8.0,,2021,1,1
310.34,,66.68,,8.0,,2022,0,1
444.2,,59.41,,29.91,,2018,1,0
224.89,,52.5,,51.67,,2022,0,0
425.87,,57.44,,171.77,,2023,1,1
431.39,,88.15,,8.0,,2020,1,0
356.22,,71.91,,50.32,,2024,0,0
450.01,,52.38,,33.91,,2022,0,1
376.53,,83.84,,27.31,,2022,4,1
383.43,,84.35,,53.74,,2022,1,1
398.67,,84.29,,11.45,,2021,2,1
555.26,,67.77,,15.66,,2023,3,0
453.94,,69.31,,20.39,,2020,1,0
418.56,,73.38,,8.46,,2024,1,0
329.8,,86.01,,27.35,,2024,3,0
387.9,,66.45,,8.0,,2023,0,0
335.28,,64.46,,16.08,,2023,3,0
425.22,,78.96,,,0.133,2023,0,0
387.73,,84.09,,8.0,,2022,0,1
318.15,,71.47,,18.43,,2020,0,1
384.46,,78.7,,40.37,,2021,1,0
333.28,,73.12,,8.0,,2024,3,0
388.32,,69.49,,211.23,,2023,0,1
332.75,,63.71,,13.47,,2024,2,1
381.51,,60.46,,8.0,,2024,3,1
421.28,,65.85,,8.0,,2022,0,0
377.08,,62.24,,46.13,,2022,0,1
358.5,,74.83,,46.55,,2022,1,0
391.18,,84.18,,97.86,,2022,3,1
418.35,,74.04,,8.0,,2024,0,0
319.1,,62.79,,19.83,,2020,2,0
394.34,,80.55,,92.43,,2020,1,0
452.46,,74.97,,67.11,,2021,1,0
411.55,,76.95,,11.17,,2024,2,0
383.18,,66.81,,92.69,,2024,1,0
415.19,,83.33,,47.96,,2024,0,0
404.89,,83.28,,12.89,,2022,1,1
421.45,,70.16,,8.0,,2024,2,0
268.68,,79.18,,28.9,,2020,0,0
294.56,,83.01,,52.44,,2022,0,0
435.27,,67.35,,13.14,,2021,0,0
297.21,,71.19,,8.0,,2021,1,1
402.08,,72.8,,8.0,,2019,0,1
360.64,,61.02,,77.5,,2021,0,0
325.21,,76.42,,8.0,,2018,1,1
399.23,,82.23,,39.48,,2021,0,1
391.06,,70.56,,60.51,,2022,2,0
496.07,,75.4,,63.69,,2021,0,0
345.64,,85.99,,44.54,,2023,1,0
459.21,,67.95,,44.43,,2021,0,0
399.38,,75.6,,26.99,,2019,2,0
343.64,,66.3,,22.64,,2020,1,0
423.96,,66.03,,8.0,,2024,2,0
411.12,,75.42,,32.19,,2023,2,0
381.97,,74.41,,8.0,,2022,0,0
394.65,,77.55,,26.52,,2022,2,0
347.17,,72.76,,55.13,,2023,2,0
334.58,,76.65,,24.57,,2020,1,1
421.77,,88.66,,29.81,,2020,1,1
367.68,,82.6,,77.55,,2020,1,1
375.6,,75.38,,43.68,,2021,0,1
395.39,,77.05,,8.0,,2021,3,1
394.59,,69.01,,32.88,,2024,0,0
301.39,,70.41,,19.05,,2018,1,1
450.74,,76.92,,9.73,,2022,3,1
386.67,,72.88,,43.85,,2023,1,1
368.85,,79.93,,20.52,,2024,1,0
403.7,,84.67,,61.24,,2024,2,0
393.01,,70.98,,37.09,,2019,3,0
422.19,,51.91,,8.0,,2020,1,1
409.59,,92.34,,18.12,,2024,0,1
419.48,,65.48,,13.21,,2021,2,1
454.3,,73.95,,8.0,,2019,0,0
428.6,,79.27,,67.64,,2024,1,0
371.17,,86.09,,19.98,,2022,0,0
318.24,,90.06,,39.9,,2021,2,0
471.73,,68.36,,89.76,,2020,0,0
366.93,,83.9,,32.89,,2022,0,0
353.98,,73.98,,12.54,,2021,5,0
284.48,,99.43,,65.68,,2024,4,0
398.62,,83.0,,24.04,,2020,1,0
388.19,,70.23,,34.85,,2019,2,0
296.67,,64.07,,97.59,,2021,0,0
404.93,,45.73,,28.22,,2022,1,0
352.6,,78.75,,17.12,,2021,5,0
527.97,,82.08,,54.59,,2021,2,1
348.69,,79.45,,8.0,,2021,1,0
356.06,,48.47,,102.91,,2024,2,1
331.89,,59.42,,103.81,,2023,2,1
450.28,,76.81,,36.38,,2022,0,0
359.5,,89.86,,8.0,,2022,3,0
340.13,,71.44,,25.27,,2019,2,1
418.88,,82.92,,23.12,,2024,1,0
304.08,,61.66,,14.88,,2019,1,0
414.38,,74.07,,8.08,,2020,2,1
477.98,,69.25,,12.86,,2022,1,1
411.16,,83.88,,34.06,,2020,0,0
415.08,,66.6,,48.61,,2023,0,1
427.85,,88.77,,163.47,,2022,1,1
474.03,,68.92,,10.21,,2022,1,1
446.54,,61.3,,9.58,,2024,2,0
404.18,,61.64,,8.0,,2023,1,0
429.71,,65.78,,117.46,,2023,3,1
331.27,,75.71,,20.2,,2023,0,1
422.7,,65.9,,108.22,,2021,0,1
324.69,,63.8,,92.49,,2019,0,1
359.81,,80.9,,8.0,,2022,2,1
210.46,,39.89,,13.78,,2022,0,0
402.08,,67.7,,15.13,,2019,1,0
344.59,,58.66,,13.64,,2024,1,1
441.11,,63.31,,23.27,,2022,1,1
401.46,,74.44,,29.05,,2022,1,0
441.83,,69.95,,59.62,,2022,1,1
320.4,,69.04,,13.09,,2023,2,0
437.11,,83.9,,14.91,,2019,1,1
495.82,,71.86,,38.34,,2020,2,0
422.03,,90.06,,8.3,,2024,2,0
423.47,,79.12,,26.92,,2018,0,0
389.33,,62.33,,12.14,,2023,0,0
351.14,,91.34,,9.27,,2020,2,0
421.87,,74.78,,66.69,,2022,1,0
297.17,,90.72,,51.58,,2022,1,0
357.02,,69.34,,12.07,,2023,0,1
282.59,,74.72,,22.53,,2020,2,1
341.3,,76.32,,8.0,,2023,3,1
415.31,,70.32,,8.0,,2023,1,1
407.8,,84.72,,36.96,,2020,4,1
382.8,,91.33,,18.98,,2023,2,1
389.37,,49.07,,9.75,,2019,0,1
276.28,,80.15,,8.0,,2021,4,0
359.51,,63.05,,47.86,,2021,1,0
342.53,,46.07,,13.3,,2021,1,0
343.75,,77.17,,99.93,,2023,2,1
412.98,,77.19,,9.0,,2021,1,0
332.67,,78.8,,11.74,,2023,0,0
346.74,,75.71,,80.17,,2019,2,0
265.21,,80.75,,35.68,,2021,3,0
363.82,,65.97,,8.0,,2024,3,1
320.17,,74.63,,33.49,,2021,0,0
384.36,,78.98,,15.47,,2022,2,0
327.69,,85.53,,56.09,,2023,0,0
385.75,,72.44,,8.0,,2019,1,0
372.04,,69.86,,104.98,,2023,2,0
471.96,,71.45,,27.32,,2019,3,1
407.35,,60.06,,55.66,,2022,3,0
278.82,,79.7,,51.22,,2023,0,0
310.43,,57.43,,8.25,,2020,1,1
383.04,,75.91,,89.08,,2024,0,1
328.86,,72.85,,11.12,,2022,0,1
216.74,,56.49,,8.88,,2020,0,1
454.23,,57.06,,30.88,,2024,0,0
419.61,,63.46,,175.14,,2024,1,0
408.65,,68.56,,15.79,,2023,2,0
346.6,,86.8,,140.15,,2022,1,1
403.52,,70.89,,23.99,,2022,1,0
341.26,,77.46,,75.59,,2023,1,1
391.27,,84.67,,31.71,,2021,1,1
329.37,,82.73,,9.65,,2022,0,0
463.4,,71.93,,89.05,,2023,2,1
293.64,,64.94,,8.0,,2020,0,0
447.78,,76.99,,48.22,,2019,2,1
382.14,,65.14,,74.61,,2020,3,0
353.08,,90.15,,74.93,,2018,0,1
389.19,,80.68,,44.73,,2023,3,1
420.33,,74.09,,12.14,,2024,1,0
455.17,,77.13,,31.86,,2023,0,1
397.22,,73.78,,41.71,,2024,2,0
331.01,,68.32,,92.59,,2019,1,1
383.06,,76.99,,8.0,,2024,1,1
479.92,,69.57,,26.26,,2022,1,0
454.12,,91.37,,17.02,,2021,1,0
429.98,,65.07,,23.44,,2020,1,1
423.76,,77.09,,8.49,,2022,0,0
418.47,,64.17,,10.3,,2023,1,0
443.73,,64.07,,61.7,,2019,0,0
354.89,,54.14,,27.33,,2024,0,1
305.47,,76.11,,30.32,,2024,1,0
383.8,,66.68,,95.66,,2024,1,1
335.03,,82.83,,11.53,,2022,2,1
321.97,,76.13,,16.77,,2024,0,0
340.38,,73.48,,15.5,,2019,0,0
516.69,,57.9,,45.22,,2024,1,0
387.49,,77.85,,34.72,,2024,2,0
399.9,,65.38,,26.79,,2022,1,0
312.77,,57.67,,46.31,,2023,2,1
278.59,,76.31,,27.78,,2021,0,0
334.95,,59.42,,71.09,,2024,2,0
459.1,,51.09,,22.18,,2019,4,0
398.39,,84.97,,92.94,,2024,1,0
412.92,,66.39,,8.0,,2021,5,1
420.62,,54.56,,8.0,,2024,1,0
347.48,,62.37,,44.78,,2018,0,1
456.34,,64.79,,20.74,,2020,1,0
345.2,,83.44,,25.55,,2020,2,1
457.34,,55.37,,50.01,,2024,2,0
404.33,,58.61,,10.14,,2020,0,0
281.6,,81.8,,8.0,,2021,0,0
338.86,,67.5,,24.27,,2021,1,1
281.83,,74.28,,94.55,,2024,2,0
443.98,,67.09,,25.17,,2023,2,1
378.64,,92.21,,35.64,,2021,0,0
257.44,,59.1,,,0.164,2024,0,0
400.67,,74.82,,26.2,,2023,1,0
350.46,,87.03,,27.52,,2023,2,0
298.39,,68.25,,11.26,,2022,2,0
472.29,,64.46,,8.0,,2022,0,0
385.9,,79.67,,18.11,,2023,2,0
363.86,,82.04,,8.0,,2018,1,0
358.03,,64.0,,8.0,,2022,1,0
296.77,,86.62,,55.2,,2024,0,0
308.25,,72.51,,43.99,,2023,1,0
450.67,,77.09,,15.75,,2021,1,0
353.94,,86.88,,33.65,,2020,2,0
381.21,,79.69,,74.27,,2021,1,0
267.56,,72.0,,76.74,,2022,0,0
307.5,,65.28,,44.62,,2023,1,0
413.54,,99.09,,8.0,,2024,3,1
400.77,,64.11,,8.0,,2022,1,1
476.44,,75.18,,14.48,,2021,1,0
453.86,,77.1,,46.65,,2021,1,0
367.31,,77.57,,12.53,,2023,0,0
406.01,,93.28,,26.23,,2022,1,1
362.59,,72.48,,73.33,,2023,0,0
493.01,,71.05,,93.39,,2021,1,1
443.2,,87.52,,76.59,,2021,1,0
389.33,,70.64,,8.0,,2024,1,0
391.02,,80.76,,101.49,,2020,5,0
459.47,,73.94,,48.4,,2021,2,1
411.88,,81.21,,40.5,,2022,1,0
465.72,,79.25,,11.95,,2022,1,0
259.35,,67.97,,110.64,,2019,3,0
405.37,,53.56,,8.0,,2024,0,0
351.65,,55.26,,8.0,,2021,0,0
476.6,,53.6,,8.0,,2019,2,0
465.05,,71.09,,49.75,,2021,3,1
381.81,,48.47,,40.96,,2021,0,1
464.46,,70.4,,121.57,,2020,2,0
478.07,,73.34,,18.03,,2020,4,0
384.09,,80.56,,17.94,,2022,0,0
515.96,,77.04,,46.5,,2023,0,0
378.28,,81.02,,8.04,,2023,3,0
368.2,,76.14,,26.2,,2022,1,0
427.62,,68.76,,8.0,,2019,3,0
360.54,,70.94,,37.66,,2024,1,0
384.69,,63.48,,64.36,,2021,2,1
457.52,,74.28,,9.57,,2019,1,0
381.06,,56.16,,15.41,,2021,1,0
286.77,,82.66,,8.0,,2023,2,0
400.2,,62.43,,40.16,,2021,4,0
341.7,,73.54,,34.87,,2020,0,0
427.59,,75.21,,73.54,,2021,2,0
418.29,,83.63,,147.76,,2022,0,0
460.93,,55.19,,172.75,,2024,1,0
429.91,,68.75,,8.0,,2020,1,0
439.96,,77.5,,33.83,,2020,1,1
343.2,,89.51,,65.48,,2022,0,0
424.22,,71.61,,45.18,,2019,0,1
488.26,,66.06,,95.46,,2024,0,0
342.12,,92.27,,24.48,,2024,3,0
478.99,,80.03,,23.4,,2019,0,0
349.79,,85.74,,8.0,,2024,2,0
333.14,,59.9,,8.0,,2021,1,1
396.29,,77.21,,49.55,,2021,2,1
419.38,,61.17,,26.78,,2021,2,1
430.15,,58.95,,45.34,,2019,0,0
327.1,,77.82,,11.43,,2023,0,1
403.9,,78.52,,83.51,,2020,4,1
342.29,,67.18,,97.93,,2020,0,1
298.11,,86.32,,45.59,,2023,4,0
328.92,,68.31,,13.67,,2019,0,1
338.7,,69.3,,10.23,,2021,1,0
408.69,,71.64,,41.25,,2022,3,0
443.37,,69.57,,118.71,,2019,2,1
298.97,,84.77,,36.25,,2022,2,1
399.36,,61.58,,76.79,,2021,0,1
315.28,,64.46,,35.0,,2021,3,1
414.6,,60.09,,47.15,,2021,1,0
345.75,,90.84,,35.23,,2021,1,1
322.18,,68.75,,35.97,,2021,2,1
423.98,,64.31,,56.46,,2019,1,0
347.72,,69.13,,21.19,,2020,5,1
362.62,,80.49,,98.42,,2024,0,0
257.9,,78.64,,83.64,,2024,0,0
432.06,,66.25,,54.27,,2024,2,0
425.15,,68.0,,57.13,,2022,2,0
380.3,,57.45,,22.39,,2020,1,0
295.98,,73.39,,75.05,,2023,1,0
446.52,,84.82,,113.28,,2024,4,0
343.36,,66.18,,66.59,,2018,0,1
355.07,,78.36,,8.0,,2018,1,1
507.16,,66.18,,64.88,,2023,3,0
341.3,,61.04,,26.24,,2018,0,1
420.82,,78.8,,39.41,,2021,1,1
410.92,,95.48,,198.6,,2021,2,0
401.46,,77.43,,18.7,,2019,0,1
395.51,,67.86,,18.0,,2023,0,1
400.7,,68.51,,12.82,,2019,3,1
394.96,,91.09,,8.0,,2021,0,1
377.14,,75.07,,8.0,,2023,1,0
463.12,,64.34,,30.33,,2023,0,1
307.8,,71.38,,101.04,,2022,1,1
436.18,,74.15,,69.73,,2018,0,0
425.23,,76.69,,8.46,,2023,4,0
418.41,,87.12,,34.64,,2024,2,0
441.43,,84.76,,78.83,,2019,0,0
374.91,,73.98,,32.57,,2024,0,0
277.21,,71.59,,101.81,,2021,2,0
376.02,,75.96,,100.16,,2022,0,0
325.48,,65.92,,17.98,,2022,0,0
339.75,,81.8,,86.98,,2023,3,0
311.67,,69.97,,36.95,,2022,3,1
353.75,,76.91,,27.45,,2022,1,1
347.19,,89.13,,62.51,,2023,2,0
249.23,,77.53,,65.47,,2024,1,0
418.51,,74.31,,47.26,,2024,0,1
502.12,,66.83,,69.95,,2023,1,0
413.34,,71.22,,127.03,,2019,1,0
368.84,,60.64,,86.7,,2020,1,0
376.99,,77.33,,8.0,,2019,2,0
356.85,,50.66,,79.69,,2024,1,1
384.95,,81.68,,63.89,,2023,1,0
377.96,,79.32,,109.78,,2018,2,0
333.74,,72.98,,56.51,,2023,0,0
472.56,,66.67,,88.31,,2021,2,1
298.21,,71.84,,8.0,,2022,0,0
419.51,,54.26,,159.93,,2022,0,1
374.43,,80.24,,8.9,,2020,2,0
484.55,,70.36,,83.87,,2021,2,0
398.75,,87.15,,111.46,,2022,1,0
360.21,,75.92,,8.0,,2023,1,0
366.38,,74.31,,102.89,,2024,1,0
382.19,,76.01,,74.23,,2023,0,0
317.15,,62.24,,107.37,,2023,0,0
337.82,,67.49,,8.18,,2023,0,0
281.83,,73.33,,63.11,,2019,1,0
329.24,,68.97,,28.07,,2021,0,0
385.16,,66.23,,12.52,,2022,1,0
396.51,,69.18,,59.27,,2022,0,0
271.14,,72.44,,26.92,,2024,1,0
372.45,,95.19,,96.66,,2022,0,1
410.99,,68.75,,52.1,,2024,1,1
371.04,,65.23,,8.0,,2024,1,0
345.14,,70.47,,12.13,,2023,3,1
357.33,,87.02,,12.9,,2019,2,0
350.26,,87.73,,17.71,,2020,2,1
344.98,,91.49,,46.11,,2024,1,0
389.56,,72.61,,94.39,,2022,2,1
506.92,,78.42,,37.83,,2022,1,0
339.1,,61.5,,58.53,,2024,2,1
362.5,,68.47,,16.0,,2021,2,0
377.16,,60.85,,31.04,,2018,1,0
342.2,,76.73,,29.46,,2021,2,1
440.4,,72.38,,50.72,,2021,1,0
249.6,,74.26,,30.65,,2022,0,0
350.79,,63.54,,17.09,,2018,2,0
425.01,,80.51,,11.74,,2024,2,0
363.82,,47.93,,12.35,,2019,3,0
334.85,,69.48,,166.2,,2020,1,0
404.24,,70.93,,18.58,,2023,2,1
429.85,,51.78,,69.01,,2024,0,1
391.58,,75.84,,8.0,,2022,0,1
335.93,,70.27,,8.0,,2021,3,0
405.09,,77.61,,48.67,,2020,1,0
357.89,,92.0,,25.66,,2024,1,0
420.99,,75.25,,89.22,,2019,3,0
461.58,,81.73,,83.25,,2019,0,0
236.69,,85.81,,59.19,,2019,2,0
386.11,,76.92,,70.94,,2022,2,0
284.53,,63.34,,85.85,,2024,2,1
514.3,,55.6,,64.28,,2022,1,0
354.25,,75.74,,31.43,,2021,1,1
421.05,,68.0,,12.92,,2020,0,1
378.06,,84.84,,65.03,,2022,0,0
335.83,,67.25,,16.06,,2022,1,0
329.29,,71.86,,11.79,,2019,0,0
467.21,,60.41,,8.0,,2018,0,1
432.58,,68.56,,41.44,,2022,1,0
486.9,,62.57,,11.66,,2024,0,1
383.05,,63.48,,19.73,,2023,2,0
395.84,,71.47,,51.86,,2021,0,1
365.3,,65.93,,66.32,,2020,1,0
364.21,,98.29,,15.88,,2023,1,1
322.7,,80.36,,77.71,,2023,1,0
384.62,,82.85,,8.0,,2024,2,1
336.59,,70.89,,178.91,,2024,3,1
404.3,,73.06,,22.65,,2019,0,1
389.35,,67.7,,16.5,,2021,1,1
395.82,,98.24,,108.06,,2021,1,0
472.13,,70.91,,8.0,,2022,0,1
377.93,,65.96,,18.6,,2019,1,1
421.62,,64.46,,18.67,,2021,1,1
492.83,,75.35,,23.2,,2023,1,0
451.86,,86.21,,79.22,,2018,1,1
443.42,,82.87,,79.51,,2024,1,1
363.13,,64.44,,37.62,,2020,0,1
392.63,,64.19,,201.54,,2021,5,0
307.49,,84.46,,78.08,,2023,1,0
407.44,,93.01,,48.0,,2023,0,1
395.1,,70.55,,9.34,,2020,2,0
381.29,,84.07,,33.51,,2022,0,1
436.5,,57.34,,10.11,,2020,0,1
313.57,,63.56,,15.08,,2022,1,0
469.92,,61.9,,48.63,,2023,0,0
429.6,,76.12,,8.56,,2021,2,1
376.12,,70.21,,8.0,,2022,0,1
371.82,,74.38,,31.85,,2022,2,1
406.43,,84.19,,8.0,,2022,1,0
463.65,,65.47,,39.43,,2022,1,0
385.59,,72.94,,97.28,,2020,2,1
387.92,,58.62,,8.86,,2018,4,1
381.0,,83.64,,20.27,,2019,1,0
478.01,,82.96,,104.22,,2024,1,0
359.71,,75.62,,51.11,,2019,2,0
378.38,,73.2,,8.0,,2021,2,1
460.49,,66.91,,20.21,,2023,0,1
388.09,,58.04,,59.24,,2024,5,0
442.54,,75.06,,45.9,,2021,0,1
329.88,,79.56,,8.0,,2023,0,0
368.71,,92.19,,8.0,,2023,0,0
461.64,,68.06,,48.08,,2024,6,1
342.8,,74.7,,39.44,,2024,2,1
371.68,,83.14,,8.0,,2022,2,1
394.12,,83.45,,154.62,,2022,0,0
325.6,,65.78,,12.22,,2024,0,1
357.24,,69.21,,20.49,,2022,1,0
386.2,,66.75,,8.21,,2021,1,1
382.57,,62.98,,74.06,,2024,5,0
450.42,,86.72,,137.98,,2024,3,0
464.78,,72.63,,10.08,,2024,0,0
332.92,,71.26,,13.98,,2021,1,0
386.12,,74.48,,51.49,,2020,2,1
417.08,,72.54,,31.52,,2022,1,0
463.4,,69.79,,8.0,,2023,0,0
419.52,,64.38,,110.87,,2021,3,0
396.0,,87.65,,39.67,,2022,0,0
416.66,,66.3,,15.06,,2020,0,1
417.06,,62.69,,28.26,,2023,2,0
328.98,,71.19,,29.13,,2023,0,0
390.6,,93.58,,31.3,,2022,2,0
460.25,,63.78,,28.89,,2023,3,0
368.6,,79.1,,34.65,,2023,1,0
387.12,,69.54,,20.99,,2024,2,0
366.66,,74.45,,8.0,,2022,1,0
252.74,,81.22,,45.88,,2021,2,1
381.13,,54.8,,66.05,,2023,0,0
396.6,,63.04,,77.24,,2019,2,1
351.81,,81.08,,8.0,,2022,0,1
316.49,,72.97,,21.78,,2024,0,0
331.57,,74.12,,161.15,,2023,3,0
422.03,,79.11,,8.0,,2024,1,0
488.49,,63.1,,64.67,,2021,2,0
456.03,,82.55,,8.0,,2021,0,0
306.06,,80.2,,73.12,,2019,2,1
427.0,,74.38,,46.85,,2021,0,0
343.53,,76.68,,54.23,,2020,1,0
347.98,,83.65,,159.03,,2021,1,0
354.59,,66.06,,117.8,,2018,1,0
418.83,,78.61,,15.24,,2022,3,0
432.76,,89.44,,19.75,,2024,1,1
374.61,,78.41,,21.96,,2023,2,0
375.54,,69.78,,8.36,,2020,3,1
405.53,,95.18,,20.15,,2021,3,0
411.24,,74.31,,162.31,,2021,4,0
444.69,,85.99,,28.24,,2019,3,0
309.36,,67.78,,128.06,,2024,0,0
381.1,,82.68,,8.0,,2023,3,1
321.26,,66.54,,8.0,,2023,0,0
377.2,,75.23,,35.97,,2023,0,1
367.56,,65.93,,55.98,,2022,1,1
377.43,,91.01,,10.3,,2024,0,0
336.01,,69.79,,29.4,,2020,3,0
298.2,,60.92,,86.65,,2021,1,0
264.81,,72.95,,60.24,,2021,1,0
372.79,,77.37,,11.08,,2024,1,0
356.29,,71.73,,17.1,,2018,0,0
342.82,,63.87,,15.33,,2019,1,0
452.74,,82.37,,53.39,,2024,0,0
332.73,,84.59,,144.8,,2023,1,1
457.93,,55.52,,13.8,,2023,1,1
469.31,,63.23,,37.27,,2024,3,0
272.7,,70.41,,187.76,,2024,1,1
385.08,,66.69,,8.0,,2024,1,0
358.02,,77.26,,45.2,,2024,0,1
219.85,,90.39,,16.94,,2024,1,0
300.54,,68.19,,201.08,,2019,1,0
422.62,,87.77,,8.0,,2023,0,0
491.06,,57.32,,25.21,,2022,1,0
429.65,,76.56,,12.36,,2023,1,1
397.8,,66.05,,8.0,,2024,0,0
378.83,,76.77,,139.15,,2021,3,0
472.55,,54.43,,35.27,,2023,2,0
498.15,,59.15,,50.68,,2020,0,0
347.72,,76.75,,40.67,,2022,0,1
270.0,,65.7,,8.0,,2023,2,0
264.6,,68.77,,8.0,,2019,0,1
452.7,,90.36,,41.36,,2024,1,0
377.41,,73.38,,63.56,,2024,2,0
390.08,,81.02,,39.66,,2024,3,1
281.51,,64.41,,35.48,,2018,2,0
338.57,,58.59,,57.55,,2024,0,0
363.75,,71.19,,11.73,,2024,1,0
391.43,,57.1,,55.25,,2024,5,0
358.08,,65.01,,22.25,,2018,2,0
322.95,,74.38,,47.08,,2022,3,0
336.85,,70.89,,13.49,,2024,2,0
446.46,,75.35,,8.0,,2023,2,0
393.46,,78.0,,8.0,,2024,0,0
413.67,,60.04,,68.33,,2023,2,1
330.56,,62.58,,9.21,,2018,1,1
217.54,,50.21,,18.97,,2024,1,0
351.23,,68.29,,61.52,,2023,1,1
332.34,,79.37,,25.12,,2020,1,1
399.2,,86.91,,10.3,,2023,1,0
560.71,,73.9,,9.1,,2022,1,0
418.23,,85.73,,22.01,,2023,0,1
530.48,,75.84,,34.98,,2022,3,0
411.28,,73.07,,20.92,,2019,1,1
345.36,,65.89,,98.67,,2024,0,1
399.14,,48.15,,8.0,,2023,1,0
477.94,,84.23,,21.6,,2023,2,0
480.63,,71.47,,57.04,,2023,0,0
348.36,,85.88,,93.05,,2022,2,1
393.93,,62.5,,18.64,,2023,0,1
301.39,,96.29,,47.02,,2020,3,1
425.36,,69.51,,36.47,,2022,2,1
465.43,,65.08,,9.45,,2023,1,0
382.19,,69.85,,47.98,,2024,2,1
343.29,,73.7,,12.06,,2024,1,1
399.81,,71.3,,64.35,,2024,1,1
402.96,,66.85,,84.39,,2018,1,0
384.46,,53.97,,27.34,,2020,2,0
389.83,,63.96,,8.0,,2023,3,0
370.44,,82.74,,56.15,,2019,1,1
434.78,,63.2,,26.44,,2024,5,1
420.49,,54.83,,8.0,,2022,0,0
325.93,,61.45,,16.89,,2023,0,0
324.42,,71.11,,14.42,,2018,2,0
366.01,,64.41,,54.43,,2022,1,1
420.53,,69.2,,23.17,,2020,2,1
388.14,,64.02,,37.15,,2019,1,0
344.63,,82.1,,29.2,,2023,3,0
394.38,,76.91,,54.11,,2024,0,1
361.81,,94.18,,53.17,,2021,1,0
428.43,,68.18,,25.02,,2024,2,1
398.32,,69.15,,8.0,,2018,1,0
362.66,,83.84,,22.01,,2023,4,0
392.73,,75.91,,8.0,,2022,1,0
452.33,,62.58,,134.32,,2021,0,1
348.67,,77.56,,125.94,,2022,2,0
402.15,,75.97,,25.62,,2023,1,1
376.12,,54.06,,8.0,,2022,1,0
403.48,,65.49,,19.72,,2022,2,1
344.0,,73.9,,94.7,,2024,1,1
386.07,,86.46,,14.27,,2023,0,0
440.93,,78.98,,40.86,,2020,0,0
328.46,,66.36,,8.54,,2024,1,0
306.88,,64.92,,73.24,,2022,1,0
308.97,,79.98,,93.44,,2018,2,0
315.61,,47.74,,40.1,,2023,1,0
412.74,,63.92,,41.06,,2021,0,0
302.68,,86.09,,19.98,,2024,1,1
363.62,,74.97,,51.57,,2022,1,1
414.01,,64.41,,27.34,,2021,2,0
402.92,,59.98,,57.47,,2023,1,0
358.79,,80.4,,145.24,,2021,4,0
390.5,,72.78,,72.58,,2018,3,1
385.89,,69.81,,30.59,,2019,0,0
367.67,,75.74,,162.03,,2023,0,1
368.4,,73.65,,39.23,,2020,3,1
502.95,,72.88,,8.0,,2020,0,1
424.51,,58.76,,55.05,,2020,1,0
516.44,,61.74,,72.04,,2021,2,0
352.67,,79.48,,8.0,,2023,1,1
375.33,,77.59,,47.76,,2022,0,0
306.73,,75.82,,106.56,,2020,1,1
335.47,,66.13,,12.16,,2020,0,1
484.61,,79.65,,36.94,,2021,0,1
351.29,,68.29,,13.48,,2024,0,0
485.56,,85.02,,62.54,,2020,1,1
311.62,,64.53,,36.5,,2024,1,0
322.06,,66.75,,23.47,,2024,2,1
361.23,,,70485.51,8.0,,2024,4,0
376.49,,80.47,,121.66,,2023,0,0
430.77,,71.65,,28.92,,2019,1,1
404.79,,72.38,,68.47,,2018,1,0
357.1,,68.08,,20.89,,2022,3,0
372.67,,74.68,,79.43,,2021,1,1
362.45,,71.29,,8.0,,2024,0,1
329.69,,64.16,,11.06,,2022,0,1
331.16,,73.27,,17.03,,2024,1,0
436.53,,73.51,,8.0,,2022,0,0
279.45,,95.5,,24.64,,2020,3,0
468.95,,65.89,,27.95,,2020,0,0
361.14,,63.61,,8.0,,2021,0,0
337.51,,74.79,,23.4,,2018,3,0
420.69,,62.07,,9.23,,2022,0,1
461.69,,61.27,,87.41,,2021,1,0
441.47,,57.63,,29.9,,2018,2,0
407.6,,64.25,,127.51,,2022,2,1
439.78,,64.5,,17.54,,2023,1,0
285.59,,59.17,,17.54,,2019,0,0
351.3,,69.5,,17.37,,2023,4,0
329.89,,48.34,,13.12,,2024,2,0
447.36,,76.92,,64.41,,2021,2,0
358.91,,66.43,,13.96,,2024,2,1
426.5,,67.9,,14.27,,2023,1,0
409.47,,77.87,,8.0,,2018,0,1
332.57,,75.72,,141.24,,2024,0,0
347.72,,65.7,,91.31,,2022,1,0
451.16,,76.52,,14.53,,2023,2,0
337.35,,87.49,,30.89,,2023,1,1
386.87,,61.88,,27.69,,2021,1,0
336.96,,79.54,,8.0,,2022,2,0
362.73,,60.87,,31.82,,2022,3,0
377.46,,83.75,,8.0,,2024,1,0
336.94,,64.88,,23.91,,2020,2,1
327.18,,64.5,,8.0,,2024,0,1
395.75,,83.49,,37.34,,2024,2,0
333.54,,79.22,,8.0,,2022,0,0
335.41,,65.21,,41.58,,2020,0,0
328.35,,73.27,,51.59,,2022,3,1
375.72,,64.9,,35.53,,2019,1,1
431.9,,56.07,,26.62,,2024,3,0
462.86,,73.89,,8.0,,2021,2,1
340.07,,68.44,,8.0,,2021,1,1
498.27,,62.54,,17.61,,2023,3,0
324.74,,85.05,,61.96,,2022,0,1
439.6,,62.88,,43.77,,2022,1,0
340.31,,73.44,,8.0,,2022,2,0
332.1,,82.8,,48.91,,2022,2,0
339.04,,69.44,,35.93,,2021,1,0
377.12,,64.66,,8.0,,2021,2,1
411.9,,74.98,,59.12,,2024,3,0
416.84,,76.56,,74.5,,2022,3,0
328.08,,80.77,,11.12,,2022,1,0
325.57,,90.71,,42.43,,2021,1,0
329.58,,67.43,,19.95,,2023,2,0
373.88,,73.96,,8.0,,2020,1,0
368.44,,59.31,,82.98,,2019,0,1
327.74,,78.66,,72.2,,2024,2,1
394.83,,73.84,,16.07,,2022,1,1
504.44,,70.21,,31.85,,2022,2,0
352.24,,65.82,,30.16,,2022,4,0
356.16,,68.52,,8.2,,2018,1,1
410.78,,74.36,,8.0,,2023,0,0
349.27,,62.34,,78.1,,2022,2,0
416.79,,68.93,,84.84,,2020,1,1
340.48,,72.17,,54.25,,2022,1,1
480.77,,56.6,,8.0,,2020,2,0
398.96,,61.49,,100.74,,2023,2,0
345.9,,65.4,,165.92,,2023,2,0
347.62,,87.68,,62.76,,2021,2,0
351.74,,63.69,,18.31,,2019,1,0
455.5,,71.44,,21.86,,2023,2,0
310.22,,61.59,,85.57,,2023,0,0
343.26,,64.24,,13.81,,2023,2,0
349.11,,57.59,,8.0,,2022,0,0
379.14,,78.7,,72.68,,2023,2,0
365.09,,58.74,,9.02,,2020,1,1
297.98,,81.07,,99.89,,2022,0,1
358.01,,76.68,,38.03,,2020,0,1
374.52,,71.25,,34.04,,2019,0,0
345.45,,81.4,,62.79,,2024,2,1
417.77,,103.03,,8.0,,2018,0,1
430.57,,76.78,,52.51,,2018,1,1
375.69,,60.8,,38.33,,2021,3,1
392.68,,86.89,,31.16,,2021,1,0
261.14,,73.86,,10.29,,2018,4,0
356.84,,93.11,,74.28,,2023,0,0
435.27,,66.94,,12.12,,2019,1,0
356.71,,84.82,,28.26,,2019,0,0
339.45,,72.0,,8.0,,2019,0,1
505.27,,98.57,,152.82,,2023,0,0
480.05,,69.18,,9.09,,2020,5,0
405.72,,102.02,,68.28,,2022,1,0
442.64,,76.4,,12.82,,2020,0,0
257.57,,80.47,,12.42,,2024,2,0
336.68,,89.0,,23.0,,2020,1,0
354.15,,64.12,,78.53,,2022,2,1
367.02,,81.69,,48.86,,2022,1,0
353.05,,69.07,,86.22,,2024,2,1
239.75,,73.51,,8.0,,2020,3,1
401.23,,72.83,,130.9,,2023,0,0
409.9,,77.72,,8.0,,2018,1,0
468.1,,77.3,,53.62,,2023,0,0
336.64,,66.25,,9.75,,2022,1,0
332.14,,73.25,,77.19,,2024,0,0
232.6,,48.66,,83.29,,2023,3,1
363.85,,81.9,,33.65,,2022,0,0
429.56,,88.94,,21.66,,2022,0,0
346.35,,73.91,,66.23,,2018,3,0
497.89,,55.94,,87.01,,2024,1,0
365.89,,79.43,,56.3,,2024,2,1
388.08,,64.36,,99.72,,2022,0,0
305.03,,73.82,,41.37,,2021,3,1
395.8,,78.86,,46.62,,2024,2,0
271.14,,77.46,,35.63,,2023,1,0
418.15,,82.81,,28.13,,2020,3,0
419.84,,73.46,,44.68,,2020,1,0
454.76,,73.73,,34.59,,2023,2,1
323.9,,79.37,,55.19,,2023,2,0
388.83,,71.29,,114.31,,2019,3,0
411.01,,65.12,,19.61,,2024,2,0
404.33,,76.52,,22.24,,2022,2,1
332.41,,60.71,,8.0,,2020,0,0
248.44,,71.19,,31.45,,2022,0,1
399.08,,58.22,,8.0,,2024,0,0
371.61,,66.45,,52.87,,2019,1,0
348.83,,66.87,,63.51,,2020,1,0
422.02,,62.16,,53.88,,2022,0,0
377.53,,83.01,,33.23,,2018,1,0
307.44,,82.18,,32.09,,2020,1,0
273.77,,85.14,,43.68,,2020,1,0
317.91,,70.12,,33.98,,2024,1,0
511.62,,67.66,,58.27,,2022,4,0
419.75,,80.04,,94.47,,2023,1,0
390.37,,73.28,,32.26,,2018,1,0
370.01,,73.24,,8.0,,2021,0,0
366.39,,46.56,,8.0,,2022,2,1
444.2,,79.57,,19.8,,2024,0,0
353.02,,78.24,,28.8,,2020,0,0
411.73,,71.95,,10.71,,2019,0,0
360.84,,80.16,,25.32,,2024,4,1
486.71,,78.02,,8.0,,2020,0,1
420.83,,65.03,,11.57,,2023,1,0
448.51,,69.8,,55.61,,2019,2,0
347.86,,61.92,,178.02,,2023,1,1
438.2,,86.62,,8.65,,2022,1,0
362.81,,81.77,,17.39,,2024,1,0
386.05,,63.86,,18.14,,2020,1,0
469.93,,78.19,,10.61,,2019,1,1
322.65,,74.79,,9.59,,2022,0,0
391.18,,65.14,,8.0,,2024,1,0
404.09,,73.24,,99.99,,2020,0,0
408.6,,80.58,,44.02,,2024,3,1
355.21,,81.4,,14.41,,2021,1,0
494.74,,95.32,,12.54,,2019,2,1
308.78,,72.94,,37.42,,2022,1,1
460.24,,69.62,,50.18,,2022,2,0
446.83,,77.62,,12.25,,2024,3,0
484.55,,70.17,,17.91,,2019,0,0
292.65,,66.15,,14.42,,2023,0,0
332.21,,62.74,,8.0,,2023,0,1
462.06,,37.72,,20.52,,2024,1,0
276.76,,79.35,,32.03,,2021,2,0
291.64,,55.62,,44.74,,2018,1,1
353.14,,63.2,,22.64,,2022,1,0
390.56,,74.92,,172.06,,2022,1,0
467.57,,68.78,,41.29,,2021,1,1
369.81,,93.49,,91.42,,2023,2,1
346.55,,56.91,,104.03,,2021,2,1
397.13,,94.39,,72.35,,2020,0,0
405.83,,85.81,,13.22,,2022,0,1
404.27,,81.09,,23.7,,2023,0,1
370.21,,86.39,,8.0,,2024,1,0
272.47,,76.05,,25.22,,2023,0,0
329.53,,54.97,,14.61,,2021,0,1
458.11,,77.15,,8.0,,2023,3,0
390.29,,57.19,,76.6,,2020,2,1
362.26,,66.72,,47.0,,2023,1,0
441.5,,71.22,,240.0,,2022,3,0
317.84,,62.89,,28.98,,2021,0,1
367.61,,81.46,,16.86,,2023,1,0
387.58,,69.86,,12.86,,2022,1,0
355.72,,76.09,,24.01,,2023,0,0
385.54,,71.91,,15.58,,2023,2,0
369.68,,73.26,,196.73,,2021,0,0
303.04,,63.13,,8.48,,2024,0,0
389.98,,60.26,,8.0,,2022,0,0
306.94,,70.46,,8.0,,2024,2,0
389.11,,62.34,,93.29,,2020,0,0
455.58,,85.94,,49.72,,2020,1,1
364.54,,58.24,,64.36,,2023,0,0
315.57,,95.37,,16.23,,2022,0,0
373.02,,75.02,,40.94,,2022,3,1
334.24,,72.69,,51.69,,2024,0,0
412.7,,66.6,,16.6,,2018,2,0
371.86,,78.57,,54.15,,2022,1,1
474.04,,69.96,,41.72,,2021,4,1
443.96,,75.0,,14.76,,2022,1,1
371.58,,80.42,,8.0,,2024,2,0
419.36,,78.69,,11.41,,2024,0,0
358.37,,84.4,,40.59,,2020,2,0
381.87,,77.38,,38.38,,2023,0,0
360.12,,62.49,,29.76,,2022,2,1
422.16,,51.2,,12.17,,2022,1,0
458.81,,74.11,,24.69,,2021,3,1
423.93,,74.25,,8.0,,2022,2,0
430.71,,91.26,,45.61,,2022,2,1
430.77,,70.84,,85.42,,2022,0,0
410.32,,75.74,,26.17,,2023,0,0
317.34,,79.77,,10.06,,2024,3,0
473.55,,77.13,,73.9,,2022,0,0
479.24,,80.44,,15.77,,2022,1,1
367.14,,63.82,,37.86,,2024,3,0
359.61,,62.24,,8.0,,2019,2,0
413.68,,69.19,,53.16,,2024,0,0
410.29,,50.26,,25.93,,2021,3,0
368.89,,71.6,,23.12,,2022,2,0
311.25,,65.4,,114.7,,2021,1,1
396.81,,75.22,,28.4,,2019,0,0
410.33,,69.35,,8.0,,2023,2,0
419.92,,61.85,,135.01,,2024,2,0
399.21,,85.11,,8.0,,2022,1,1
365.09,,72.83,,32.24,,2020,2,0
434.67,,80.63,,42.17,,2021,1,0
383.62,,73.84,,94.45,,2019,0,1
354.43,,76.64,,47.75,,2024,1,1
370.06,,58.39,,70.0,,2022,0,1
283.97,,84.78,,61.71,,2024,1,0
369.98,,80.79,,10.09,,2023,3,1
417.86,,71.81,,50.63,,2023,1,1
398.69,,74.88,,42.63,,2022,2,1
463.64,,82.03,,11.75,,2021,4,0
365.54,,68.28,,8.0,,2021,2,0
406.8,,56.17,,58.5,,2024,3,1
423.6,,68.47,,148.88,,2020,1,0
508.86,,73.52,,56.33,,2020,2,1
387.96,,71.68,,58.13,,2022,1,0
322.57,,85.18,,8.0,,2022,0,0
426.64,,62.4,,11.92,,2020,1,0
482.62,,63.67,,37.02,,2021,2,0
362.26,,61.42,,8.0,,2021,0,0
426.26,,76.29,,46.3,,2023,2,0
447.58,,56.74,,8.0,,2022,3,1
435.94,,79.44,,22.4,,2023,0,1
386.91,,62.67,,16.21,,2019,2,1
341.58,,64.27,,8.0,,2021,2,1
375.53,,89.7,,36.31,,2021,1,0
405.22,,84.33,,18.83,,2022,0,0
429.95,,73.19,,8.0,,2022,1,1
398.37,,58.89,,24.69,,2021,2,0
359.11,,92.14,,37.47,,2024,0,1
410.55,,70.04,,8.0,,2024,1,0
427.3,,74.48,,36.94,,2023,0,0
400.88,,81.12,,15.1,,2023,0,1
334.01,,52.37,,12.63,,2022,0,1
370.02,,65.6,,66.66,,2021,0,1
432.13,,71.32,,26.49,,2024,2,0
303.93,,73.31,,19.94,,2023,0,0
264.88,,58.96,,70.42,,2024,0,1
462.94,,75.26,,101.29,,2022,0,0
408.13,,72.34,,15.9,,2022,3,0
413.37,,88.67,,8.0,,2019,3,0
320.78,,82.0,,32.68,,2021,0,0
420.56,,69.31,,52.74,,2021,1,1
395.14,,70.04,,37.22,,2022,0,1
292.86,,82.14,,48.93,,2022,2,1
458.34,,74.84,,43.7,,2024,4,1
388.73,,58.29,,131.18,,2022,1,0
358.22,,92.94,,84.39,,2024,1,1
359.21,,62.1,,8.0,,2019,0,1
269.16,,96.79,,25.31,,2022,3,1
412.63,,76.28,,25.47,,2022,3,1
394.4,,65.65,,25.6,,2020,2,0
369.33,,48.33,,112.11,,2020,0,1
450.32,,79.77,,16.64,,2022,2,0
303.89,,56.5,,40.01,,2022,2,0
347.18,,75.57,,95.19,,2024,0,0
333.25,,91.34,,8.0,,2020,1,1
364.67,,60.62,,88.55,,2021,1,0
383.71,,79.38,,60.82,,2020,1,0
403.65,,63.88,,9.79,,2023,0,1
360.92,,83.33,,16.54,,2020,2,0
331.75,,72.66,,15.62,,2024,0,0
472.73,,71.81,,10.51,,2024,2,1
512.64,,84.07,,42.74,,2019,1,0
387.88,,78.25,,170.71,,2020,0,0
338.38,,63.95,,8.0,,2021,2,0
461.15,,89.87,,11.1,,2024,1,1
300.43,,56.64,,14.41,,2019,1,0
361.59,,74.76,,116.5,,2021,1,0
341.71,,63.77,,41.29,,2023,2,1
316.23,,57.13,,10.04,,2023,0,1
364.6,,60.66,,68.44,,2021,1,1
332.47,,71.51,,107.62,,2024,1,0
380.7,,75.5,,21.7,,2021,2,1
381.49,,82.59,,8.0,,2023,0,1
345.83,,86.76,,15.58,,2023,3,1
359.62,,74.78,,10.28,,2024,1,1
367.3,,67.57,,9.45,,2021,2,0
424.54,,82.39,,8.0,,2022,2,0
371.84,,65.85,,87.69,,2022,2,1
425.36,,56.04,,8.0,,2019,1,0
412.22,,81.39,,22.4,,2023,2,0
411.43,,85.24,,8.0,,2023,0,0
456.33,,63.78,,14.59,,2024,3,1
318.43,,91.61,,51.55,,2023,3,1
353.97,,77.83,,9.52,,2022,2,0
476.98,,76.34,,240.0,,2022,1,0
365.85,,66.83,,8.0,,2023,1,1
225.17,,82.17,,8.0,,2018,1,1
368.84,,56.76,,64.93,,2022,1,1
387.42,,68.6,,156.64,,2018,2,0
236.06,,64.67,,129.33,,2022,1,0
453.37,,58.91,,67.23,,2020,0,0
340.75,,80.63,,151.68,,2018,0,1
398.07,,75.41,,77.18,,2023,1,1
367.57,,80.05,,8.0,,2023,2,0
309.14,,69.22,,78.47,,2021,0,0
321.12,,81.85,,27.77,,2019,0,0
328.57,,72.77,,25.63,,2024,0,1
439.71,,67.28,,8.0,,2020,2,1
371.89,,65.61,,40.67,,2022,0,1
351.3,,52.17,,46.77,,2021,1,1
328.6,,83.64,,65.69,,2020,1,0
445.79,,82.51,,16.57,,2022,2,0
460.53,,101.27,,8.0,,2020,2,0
445.16,,68.65,,24.34,,2021,1,0
407.08,,65.33,,18.89,,2023,0,0
395.94,,54.99,,58.75,,2021,2,0
313.12,,81.6,,10.95,,2022,0,0
366.48,,79.3,,8.0,,2020,1,1
342.39,,87.52,,24.37,,2023,1,0
279.6,,62.83,,41.53,,2023,2,0
438.14,,79.16,,13.86,,2023,2,0
341.73,,66.78,,8.0,,2021,0,0
445.78,,85.44,,24.29,,2024,1,1
428.5,,77.36,,137.21,,2023,3,1
410.62,,56.44,,143.67,,2019,4,1
413.71,,70.69,,51.8,,2024,1,0
346.16,,52.52,,63.05,,2022,2,1
482.18,,60.37,,9.56,,2023,0,0
382.37,,60.97,,19.72,,2021,0,0
396.61,,65.59,,38.99,,2022,2,0
344.3,,69.37,,58.29,,2023,1,1
328.79,,73.65,,8.0,,2024,0,0
406.25,,73.15,,25.7,,2024,0,0
391.96,,71.76,,8.0,,2024,1,1
336.59,,75.32,,42.14,,2022,0,1
300.89,,59.5,,,1.035,2019,1,0
310.15,,72.73,,75.25,,2022,1,0
445.79,,86.34,,55.36,,2020,1,0
346.27,,70.34,,8.0,,2023,1,0
361.36,,76.95,,74.03,,2021,2,0
459.77,,76.02,,17.1,,2022,0,0
318.28,,80.62,,75.87,,2023,0,0
340.02,,74.87,,12.13,,2024,3,0
337.72,,80.45,,27.12,,2023,1,0
468.99,,77.07,,36.09,,2018,4,1
489.64,,78.57,,8.0,,2020,1,0
421.34,,76.42,,98.29,,2024,1,0
423.09,,61.93,,30.09,,2023,2,1
348.08,,60.29,,8.96,,2020,3,1
487.1,,68.47,,8.0,,2022,2,0
394.72,,87.52,,48.72,,2022,1,1
426.92,,70.28,,8.0,,2023,2,0
374.2,,75.1,,24.34,,2024,1,1
365.26,,52.33,,32.64,,2023,1,1
471.47,,73.94,,11.15,,2023,0,0
409.68,,72.86,,8.0,,2023,2,0
459.83,,45.27,,28.34,,2020,1,0
394.04,,74.91,,17.47,,2023,2,0
333.34,,55.49,,8.0,,2022,2,1
347.92,,64.75,,9.92,,2024,1,0
385.66,,81.94,,26.74,,2023,1,0
345.54,,73.57,,8.0,,2021,1,0
319.09,,67.52,,115.53,,2024,1,0
446.08,,66.66,,62.73,,2020,2,0
350.03,,67.82,,16.54,,2022,1,0
387.6,,73.61,,12.55,,2019,0,1
396.29,,59.99,,87.1,,2023,2,1
347.65,,83.24,,23.38,,2022,0,1
459.79,,60.52,,83.4,,2022,0,0
318.56,,54.73,,56.98,,2020,1,0
394.39,,81.91,,8.0,,2022,1,0
393.54,,67.63,,70.56,,2022,0,1
377.02,,72.7,,32.6,,2018,1,0
308.67,,78.55,,47.54,,2020,0,1
427.89,,64.81,,10.38,,2024,0,0
420.89,,73.37,,8.0,,2023,3,1
342.84,,78.48,,17.05,,2019,1,0
418.91,,88.43,,8.88,,2024,1,0
400.62,,66.89,,24.0,,2022,2,1
309.57,,67.37,,8.0,,2023,2,1
333.03,,77.63,,94.68,,2022,1,1
442.61,,74.09,,8.0,,2023,2,0
397.02,,70.63,,60.68,,2023,2,1
348.96,,87.93,,117.69,,2019,0,1
332.78,,55.18,,8.0,,2024,0,0
351.65,,57.78,,17.87,,2023,2,1
355.55,,55.29,,55.16,,2020,1,0
333.47,,84.02,,52.64,,2020,1,0
284.2,,77.15,,8.0,,2023,0,1
442.7,,58.29,,8.0,,2023,0,1
433.38,,70.77,,8.0,,2019,0,0
309.97,,71.72,,35.25,,2024,0,0
387.5,,49.91,,8.0,,2023,4,0
330.38,,73.88,,37.28,,2024,1,0
365.61,,60.22,,17.61,,2022,0,1
361.04,,79.07,,46.49,,2019,0,1
356.47,,60.53,,63.99,,2024,0,0
490.16,,74.19,,65.83,,2024,0,0
355.78,,84.95,,8.0,,2018,1,0
335.55,,81.75,,123.53,,2022,1,0
338.06,,77.07,,37.1,,2018,0,0
437.41,,71.19,,94.94,,2021,2,0
289.13,,57.0,,40.11,,2024,0,0
338.06,,67.61,,27.8,,2023,0,0
459.58,,69.74,,54.95,,2024,1,0
393.42,,69.02,,10.4,,2022,1,1
390.56,,56.66,,8.0,,2023,0,0
497.27,,76.34,,8.0,,2022,3,0
393.55,,60.19,,79.44,,2022,2,0
341.05,,87.46,,102.29,,2022,2,0
364.49,,73.48,,70.74,,2020,4,1
317.55,,81.79,,98.61,,2023,3,1
449.08,,81.59,,175.76,,2024,2,0
411.6,,92.78,,31.36,,2020,0,0
441.84,,73.82,,8.0,,2021,1,0
446.71,,68.1,,39.32,,2024,1,0
357.22,,68.29,,18.35,,2021,1,1
328.04,,86.96,,17.86,,2024,2,1
377.16,,58.8,,54.65,,2023,0,1
332.0,,63.22,,8.0,,2024,1,0
389.07,,74.37,,8.0,,2020,0,0
442.27,,70.47,,49.91,,2023,2,0
370.75,,81.68,,12.69,,2018,0,0
388.25,,58.61,,20.45,,2021,0,1
374.84,,71.33,,15.44,,2021,1,1
424.15,,70.13,,40.07,,2023,1,1
343.27,,61.28,,8.0,,2023,4,1
259.2,,80.79,,53.55,,2021,0,0
405.9,,71.08,,108.75,,2024,2,1
434.33,,70.66,,75.96,,2022,0,1
404.55,,63.75,,99.77,,2023,3,0
344.79,,68.3,,116.16,,2023,0,0
317.57,,61.78,,19.56,,2020,0,0
407.2,,80.64,,66.71,,2023,1,0
387.78,,82.33,,28.68,,2024,2,0
373.08,,88.8,,13.2,,2018,1,1
480.24,,76.34,,57.7,,2020,4,0
327.93,,68.61,,11.76,,2022,1,0
477.63,,67.31,,8.0,,2019,1,1
381.75,,76.91,,51.22,,2021,1,1
279.04,,74.01,,14.24,,2024,0,1
370.14,,70.26,,15.34,,2019,1,1
432.77,,69.38,,89.45,,2020,1,0
359.92,,83.71,,8.0,,2019,2,0
298.89,,67.68,,60.8,,2022,0,0
370.95,,85.47,,20.5,,2021,1,1
332.86,,73.82,,93.87,,2024,0,0
407.05,,68.32,,24.38,,2022,1,0
422.54,,64.15,,22.09,,2023,0,0
321.91,,70.45,,23.6,,2021,0,0
341.18,,77.03,,76.37,,2022,3,0
421.62,,68.23,,8.0,,2021,3,1
332.76,,80.5,,51.25,,2022,2,0
320.48,,67.73,,9.65,,2023,1,1
315.17,,70.75,,89.8,,2022,3,1
399.36,,59.13,,19.8,,2019,1,0
397.0,,77.59,,17.39,,2021,1,1
342.38,,69.33,,52.37,,2024,1,0
380.28,,87.79,,53.83,,2024,0,0
463.99,,79.05,,42.18,,2024,0,0
326.43,,72.84,,16.81,,2020,0,1
272.65,,84.25,,39.59,,2019,2,0
405.03,,76.05,,8.0,,2024,0,1
373.93,,82.08,,130.41,,2023,1,0
340.95,,63.38,,25.32,,2022,3,0
415.86,,76.61,,15.25,,2023,2,0
426.16,,77.03,,82.81,,2024,2,0
258.54,,56.55,,16.46,,2019,2,0
344.11,,87.07,,240.0,,2020,1,0
507.46,,60.4,,49.27,,2022,1,1
412.09,,59.01,,44.04,,2023,2,1
417.19,,43.51,,8.0,,2023,1,1
444.51,,76.74,,39.53,,2021,3,0
380.94,,55.57,,8.0,,2023,2,0
423.82,,66.83,,64.29,,2022,3,0
419.49,,80.38,,8.0,,2018,0,1
409.65,,73.92,,18.67,,2023,1,1
362.29,,65.76,,27.2,,2022,0,0
389.46,,56.09,,68.7,,2024,1,0
347.64,,70.92,,42.07,,2023,1,0
380.7,,80.55,,57.88,,2022,1,1
315.73,,79.01,,11.75,,2024,1,0
336.52,,89.87,,11.38,,2023,1,1
364.47,,65.47,,20.12,,2021,1,1
328.1,,58.83,,8.0,,2022,1,0
352.22,,75.1,,74.6,,2023,0,0
370.98,,74.11,,19.4,,2024,2,0
402.12,,71.95,,8.0,,2021,0,1
432.21,,64.54,,86.41,,2023,1,0
354.49,,45.47,,144.34,,2023,2,0
453.43,,61.93,,43.68,,2020,1,0
431.62,,77.57,,18.52,,2020,3,1
407.73,,74.84,,22.43,,2022,1,0
388.45,,81.65,,12.43,,2022,0,1
397.55,,75.45,,52.18,,2020,1,1
445.29,,79.36,,18.49,,2019,1,0
447.3,,79.65,,8.0,,2024,1,0
453.42,,72.2,,8.0,,2020,3,1
382.27,,72.27,,40.06,,2021,1,0
410.52,,42.91,,14.41,,2022,2,0
453.9,,65.43,,8.0,,2019,1,0
345.7,,65.87,,33.76,,2020,0,0
362.49,,70.91,,13.71,,2022,1,0
380.88,,62.7,,8.0,,2023,3,1
429.48,,81.38,,9.04,,2024,2,0
430.33,,63.18,,63.2,,2024,0,0
367.3,,83.02,,80.25,,2022,1,0
297.03,,62.39,,86.39,,2021,0,0
393.54,,65.96,,32.15,,2022,2,0
329.49,,65.2,,126.63,,2023,2,0
298.05,,67.04,,8.0,,2021,0,0
310.49,,83.79,,47.64,,2023,1,0
397.95,,68.73,,51.17,,2020,1,0
454.86,,68.98,,8.0,,2021,0,0
382.14,,64.58,,13.94,,2024,0,1
391.63,,69.4,,125.03,,2022,1,0
445.06,,74.16,,59.77,,2020,0,0
295.05,,69.85,,8.0,,2023,0,0
408.61,,70.5,,32.69,,2020,3,0
379.36,,82.16,,43.93,,2018,2,0
411.13,,74.74,,151.83,,2024,1,0
353.41,,60.49,,52.93,,2022,0,0
335.01,,71.15,,42.75,,2023,0,0
387.73,,66.62,,100.45,,2024,0,0
470.71,,77.21,,45.43,,2022,1,0
427.35,,73.03,,112.98,,2019,1,0
352.08,,83.3,,28.51,,2021,1,1
306.25,,64.6,,53.25,,2021,0,1
287.49,,70.08,,41.96,,2023,1,0
452.39,,61.36,,33.77,,2022,1,1
327.47,,71.58,,16.45,,2022,2,0
362.1,,56.63,,98.33,,2023,0,0
452.67,,75.21,,13.22,,2018,0,0
291.24,,71.45,,8.0,,2020,1,0
462.07,,73.55,,52.29,,2024,1,0
366.05,,79.88,,33.22,,2024,2,0
316.83,,74.25,,12.81,,2024,0,0
366.4,,59.23,,85.79,,2020,2,0
340.26,,66.44,,14.16,,2021,2,0
404.25,,71.2,,8.0,,2019,1,1
344.35,,68.72,,8.0,,2023,4,0
274.86,,69.94,,107.61,,2023,0,1
367.87,,88.21,,21.61,,2023,1,0
305.39,,73.0,,10.09,,2022,1,0
391.24,,75.82,,35.16,,2024,0,0
314.71,,51.91,,28.11,,2019,1,0
353.16,,79.46,,240.0,,2023,1,1
390.04,,100.52,,92.14,,2024,0,1
368.31,,85.46,,13.28,,2023,1,0
393.77,,67.6,,50.25,,2023,2,1
417.42,,94.81,,20.57,,2023,2,0
316.31,,72.27,,19.04,,2024,3,0
376.46,,75.07,,19.21,,2021,2,1
196.88,,69.33,,42.82,,2024,2,0
393.6,,69.07,,32.43,,2021,4,0
363.46,,49.52,,59.08,,2019,4,0
325.91,,79.87,,8.0,,2019,0,0
397.36,,69.03,,23.27,,2019,0,0
444.5,,70.12,,82.67,,2022,2,0
353.82,,74.73,,8.0,,2022,1,0
328.04,,67.85,,41.03,,2023,0,1
389.08,,74.64,,64.7,,2022,1,1
306.54,,84.03,,20.34,,2020,1,0
343.68,,76.05,,90.34,,2024,4,1
447.23,,70.47,,55.89,,2020,1,0
383.42,,70.77,,39.12,,2024,2,0
276.63,,74.01,,9.28,,2023,2,0
281.17,,63.68,,46.58,,2021,3,1
388.91,,74.08,,75.36,,2022,1,0
427.43,,78.85,,54.98,,2024,1,0
291.03,,72.88,,35.92,,2024,3,0
404.73,,67.76,,52.66,,2020,1,0
453.17,,69.13,,158.23,,2023,0,0
483.83,,78.52,,8.0,,2019,4,0
398.22,,61.0,,45.8,,2019,1,1
407.87,,63.84,,66.15,,2022,1,0
262.67,,55.93,,42.78,,2018,1,0
495.49,,72.34,,13.4,,2024,2,0
348.35,,80.62,,72.67,,2021,1,1
328.66,,85.31,,102.7,,2021,2,1
365.96,,87.49,,48.32,,2021,0,0
463.14,,65.1,,30.05,,2021,0,1
501.44,,74.5,,19.16,,2019,1,0
386.9,,67.98,,16.82,,2023,1,0
434.89,,88.48,,53.95,,2021,0,1
382.38,,85.03,,39.24,,2021,0,0
322.92,,73.68,,8.0,,2021,1,0
461.22,,65.81,,8.0,,2021,1,0
345.78,,37.52,,8.0,,2024,2,0
464.45,,57.66,,48.32,,2022,6,0
451.42,,53.48,,15.85,,2022,0,1
413.77,,57.54,,8.0,,2023,1,0
480.59,,90.79,,17.31,,2021,2,1
502.78,,59.05,,74.95,,2023,0,1
370.36,,61.39,,11.95,,2020,1,0
335.52,,62.79,,42.16,,2023,1,0
277.47,,97.99,,24.33,,2020,4,0
503.46,,71.38,,33.43,,2023,2,1
355.82,,81.94,,38.04,,2022,2,0
442.43,,73.75,,25.48,,2019,4,1
339.23,,52.16,,8.0,,2023,1,0
464.6,,87.33,,35.22,,2023,1,0
341.49,,76.01,,21.28,,2020,2,0
314.46,,70.78,,9.37,,2024,4,0
368.53,,89.6,,95.27,,2020,2,0
350.75,,68.53,,55.95,,2021,0,1
412.8,,70.56,,14.04,,2023,4,1
377.17,,68.55,,32.52,,2020,1,1
414.52,,82.76,,138.6,,2024,1,1
363.99,,80.14,,11.83,,2023,2,0
343.42,,74.79,,123.68,,2023,0,0
347.9,,61.48,,48.3,,2019,2,0
492.47,,68.3,,32.69,,2024,1,0
392.38,,61.48,,171.65,,2022,3,1
270.89,,83.6,,17.05,,2023,0,1
351.39,,56.25,,13.69,,2019,5,1
385.33,,87.94,,17.43,,2023,0,0
481.5,,84.88,,58.37,,2023,3,0
436.58,,62.81,,17.26,,2022,1,1
329.31,,67.84,,8.0,,2024,0,1
513.01,,64.88,,43.42,,2024,0,1
378.29,,76.3,,10.6,,2020,1,0
448.55,,86.12,,8.0,,2019,1,0
316.47,,83.86,,9.33,,2023,0,0
248.1,,67.67,,71.82,,2022,1,0
302.54,,84.55,,118.34,,2019,0,0
201.23,,83.72,,45.55,,2019,2,1
496.16,,70.11,,15.61,,2020,1,1
391.8,,71.91,,24.09,,2018,2,0
329.14,,87.42,,9.09,,2022,1,0
404.89,,82.58,,89.32,,2021,0,0
390.41,,84.25,,46.01,,2018,2,0
414.15,,97.85,,8.0,,2020,2,1
446.52,,77.47,,19.2,,2023,4,0
364.05,,75.26,,32.43,,2024,1,0
331.61,,85.58,,67.04,,2018,3,0
425.53,,91.88,,106.35,,2019,0,0
424.13,,65.89,,8.0,,2024,2,0
385.54,,69.98,,75.56,,2023,1,0
499.77,,61.81,,8.0,,2023,2,0
355.92,,75.43,,11.55,,2021,0,1
330.51,,80.89,,8.0,,2022,0,0
403.0,,62.51,,8.0,,2022,1,1
342.88,,83.34,,8.0,,2021,0,1
407.25,,67.47,,8.0,,2023,0,0
334.18,,66.65,,87.85,,2022,0,1
357.99,,83.3,,14.02,,2024,2,0
484.0,,65.75,,27.44,,2018,1,0
357.69,,57.97,,28.04,,2024,1,0
336.06,,79.44,,224.8,,2024,0,0
444.39,,70.68,,19.05,,2020,0,1
322.19,,83.98,,12.94,,2020,1,0
341.89,,80.33,,138.75,,2019,0,0
411.71,,54.52,,37.71,,2020,1,0
431.61,,85.16,,14.35,,2023,2,0
447.13,,91.0,,14.24,,2020,0,0
338.9,,82.34,,8.0,,2024,2,0
412.78,,82.74,,34.18,,2024,0,0
354.36,,69.52,,54.02,,2018,0,1
346.69,,67.23,,27.04,,2022,1,0
446.18,,74.12,,90.63,,2018,0,0
349.77,,81.2,,27.79,,2023,2,1
395.3,,80.95,,17.86,,2021,0,0
388.56,,67.62,,12.13,,2024,1,0
321.11,,66.61,,11.71,,2024,1,1
433.14,,57.1,,15.98,,2022,3,1
410.82,,78.47,,202.66,,2024,0,0
270.75,,68.1,,18.8,,2024,1,0
395.26,,68.99,,31.23,,2019,2,0
337.49,,89.28,,13.49,,2021,1,0
440.34,,77.98,,8.0,,2021,1,1
300.5,,75.23,,43.6,,2021,0,0
360.39,,80.3,,33.09,,2023,0,1
399.91,,86.21,,8.0,,2021,4,1
382.99,,55.83,,90.04,,2021,2,0
421.96,,66.34,,29.76,,2019,2,0
296.49,,69.68,,17.15,,2022,0,0
470.86,,62.22,,63.47,,2019,1,1
408.88,,69.35,,8.0,,2024,0,0
454.78,,56.49,,26.97,,2023,1,0
428.08,,81.22,,33.42,,2021,1,0
379.36,,,66824.95,62.67,,2018,0,1
309.37,,74.01,,19.42,,2019,1,1
349.0,,72.51,,81.09,,2020,0,0
467.43,,77.57,,50.24,,2022,1,0
456.2,,47.39,,61.92,,2023,1,0
345.92,,76.5,,146.0,,2019,0,0
224.99,,69.25,,78.24,,2023,2,1
368.3,,76.07,,17.89,,2022,0,0
364.18,,60.21,,43.59,,2023,0,1
366.26,,76.14,,85.24,,2024,2,0
409.07,,84.99,,31.28,,2024,0,1
428.19,,73.9,,48.23,,2023,4,1
434.47,,64.83,,8.0,,2023,2,0
404.51,,65.26,,71.08,,2023,1,0
280.96,,77.76,,59.5,,2023,1,1
361.23,,77.7,,92.29,,2018,2,0
506.72,,75.57,,52.01,,2024,1,0
400.58,,71.62,,87.98,,2023,1,1
400.23,,74.03,,8.0,,2022,2,0
399.77,,71.35,,70.56,,2022,2,1
402.85,,68.19,,128.39,,2020,2,0
248.93,,79.57,,70.99,,2022,1,1
366.83,,75.1,,40.11,,2023,3,0
377.92,,84.91,,109.64,,2021,0,1
450.48,,83.17,,8.0,,2024,2,0
382.62,,74.77,,8.0,,2020,4,0
289.44,,77.95,,141.19,,2024,1,1
403.65,,62.43,,48.25,,2022,2,0
335.79,,71.22,,8.0,,2024,1,0
313.08,,75.43,,17.45,,2022,0,1
334.12,,56.17,,58.02,,2021,3,0
409.84,,76.29,,58.29,,2023,2,1
449.23,,62.41,,8.0,,2021,2,0
406.56,,63.5,,26.68,,2024,2,0
414.76,,66.71,,69.16,,2023,0,0
406.02,,71.69,,143.02,,2022,1,0
385.57,,58.72,,40.92,,2020,2,0
418.33,,80.57,,42.69,,2022,0,1
246.97,,73.77,,26.61,,2022,1,1
386.11,,91.25,,32.53,,2024,0,1
322.53,,75.0,,8.0,,2023,0,0
443.96,,77.71,,18.07,,2021,2,1
371.91,,63.46,,29.73,,2021,2,0
381.7,,60.18,,13.51,,2022,1,0
297.22,,78.19,,18.73,,2019,0,1
435.93,,61.07,,148.99,,2023,4,0
414.5,,78.42,,8.0,,2019,1,0
410.63,,89.07,,15.14,,2022,2,1
335.28,,81.46,,36.83,,2024,1,0
337.45,,77.7,,13.74,,2024,2,0
392.3,,74.69,,47.39,,2024,0,1
341.8,,68.16,,14.94,,2023,1,0
403.92,,70.85,,42.7,,2024,0,1
261.15,,66.35,,79.64,,2024,1,1
353.19,,58.85,,45.14,,2020,4,1
478.82,,72.35,,8.0,,2020,0,0
404.17,,83.08,,66.6,,2024,1,1
389.17,,59.11,,10.05,,2021,0,1
489.19,,85.98,,42.31,,2021,3,1
251.52,,84.17,,43.7,,2018,1,1
335.16,,75.97,,68.39,,2024,2,0
357.94,,76.05,,29.6,,2019,2,0
427.21,,70.14,,19.8,,2022,1,0
428.16,,72.42,,30.65,,2020,1,0
332.37,,67.36,,33.14,,2018,1,1
434.89,,72.32,,72.38,,2021,1,0
357.82,,73.4,,9.64,,2023,1,0
446.64,,90.81,,78.8,,2019,2,0
323.2,,77.66,,19.12,,2024,2,0
373.22,,69.91,,57.21,,2023,2,0
353.04,,71.01,,17.18,,2019,2,0
438.08,,64.87,,51.83,,2022,4,1
351.25,,66.52,,67.42,,2024,0,0
377.67,,81.11,,34.3,,2024,0,0
407.87,,67.06,,40.59,,2023,1,0
409.99,,65.82,,51.67,,2023,1,1
428.78,,66.07,,48.98,,2024,1,1
391.61,,64.71,,54.59,,2022,2,0
357.0,,83.27,,79.59,,2023,1,1
360.77,,73.43,,10.46,,2022,3,1
381.41,,69.18,,10.15,,2023,0,1
393.73,,72.29,,148.24,,2024,2,0
371.91,,74.17,,80.05,,2023,2,1
381.06,,64.53,,37.62,,2019,1,0
296.55,,58.1,,8.0,,2024,0,1
416.7,,85.39,,81.03,,2018,0,0
389.96,,81.88,,58.49,,2023,2,1
435.1,,75.78,,131.55,,2021,1,0
380.01,,81.19,,8.0,,2023,0,1
284.39,,91.14,,8.0,,2018,2,0
360.29,,66.65,,30.6,,2020,1,0
369.0,,60.8,,81.41,,2019,1,0
420.86,,78.62,,199.35,,2023,4,0
266.13,,57.33,,16.2,,2020,1,1
382.26,,72.38,,8.0,,2024,0,1
408.25,,69.02,,9.14,,2022,0,0
343.62,,78.74,,88.02,,2023,0,0
384.1,,67.18,,26.38,,2024,0,1
345.51,,84.0,,80.62,,2024,0,0
339.87,,64.53,,24.65,,2022,1,1
357.54,,79.06,,8.0,,2023,3,0
340.91,,65.34,,40.37,,2021,2,0
417.6,,77.48,,24.03,,2021,4,0
339.58,,61.85,,28.39,,2023,2,0
330.34,,71.76,,124.96,,2022,1,0
477.24,,85.22,,25.65,,2022,1,0
432.84,,73.15,,66.87,,2020,3,0
277.62,,83.83,,8.0,,2023,2,1
337.94,,71.74,,27.39,,2024,4,0
393.34,,66.95,,37.11,,2022,1,0
397.81,,73.72,,8.0,,2022,3,0
298.02,,78.18,,15.11,,2024,0,0
443.72,,52.94,,56.51,,2020,0,0
425.39,,77.22,,8.54,,2021,3,0
406.5,,62.6,,8.0,,2020,2,0
454.62,,60.12,,14.94,,2022,0,0
404.88,,77.39,,82.27,,2023,2,0
404.67,,85.39,,60.46,,2024,0,0
465.67,,74.16,,62.99,,2024,1,0
440.57,,58.45,,16.35,,2023,0,1
333.72,,65.29,,8.0,,2023,2,0
414.83,,67.82,,8.0,,2023,1,1
343.47,,73.96,,37.06,,2022,1,1
407.73,,71.28,,50.89,,2018,2,0
406.21,,76.95,,19.93,,2018,2,1
303.91,,82.0,,31.61,,2024,1,0
373.3,,75.45,,13.74,,2021,1,0
394.59,,80.98,,19.03,,2021,1,0
356.0,,69.3,,54.96,,2022,3,1
397.31,,104.96,,53.2,,2018,2,0
424.32,,77.53,,8.0,,2024,2,1
378.32,,78.84,,121.23,,2019,0,1
392.35,,89.58,,13.16,,2024,0,1
456.09,,72.88,,100.02,,2023,1,0
406.03,,65.54,,30.12,,2024,2,0
391.05,,85.06,,29.04,,2019,4,0
327.31,,85.65,,25.16,,2022,1,1
416.91,,73.54,,107.37,,2024,1,0
398.16,,89.6,,9.8,,2023,0,1
450.61,,71.17,,39.73,,2022,1,0
382.58,,81.32,,16.06,,2023,2,0
280.11,,87.16,,103.65,,2020,1,0
286.49,,72.98,,8.0,,2023,3,1
420.46,,76.57,,47.36,,2021,2,0
348.64,,82.26,,23.01,,2021,1,0
404.02,,68.34,,45.46,,2022,1,1
386.28,,63.86,,8.0,,2018,2,1
370.82,,85.33,,21.01,,2019,0,1
374.7,,75.07,,8.0,,2018,0,0
332.4,,66.94,,145.6,,2023,1,0
379.13,,72.94,,10.11,,2018,2,0
347.85,,77.09,,209.78,,2019,2,1
359.53,,56.31,,22.77,,2023,0,0
362.2,,79.16,,8.0,,2022,1,0
367.53,,76.08,,8.0,,2021,1,1
430.72,,88.55,,38.37,,2021,2,0
372.86,,69.81,,40.06,,2024,1,0
436.3,,85.77,,31.25,,2019,5,0
464.58,,71.55,,8.0,,2024,3,1
427.02,,73.39,,16.91,,2020,2,1
409.4,,74.81,,18.68,,2022,1,0
397.98,,92.93,,51.25,,2024,0,0
427.59,,59.61,,22.8,,2023,1,1
384.91,,76.95,,35.74,,2021,2,1
434.15,,72.42,,14.17,,2024,1,1
413.78,,71.71,,54.37,,2024,1,0
360.21,,77.83,,8.0,,2021,0,0
429.27,,83.06,,187.56,,2022,0,0
385.03,,77.32,,43.08,,2022,2,0
374.16,,84.35,,8.0,,2023,0,0
353.81,,69.49,,53.09,,2019,1,0
389.13,,71.51,,64.86,,2023,2,0
434.81,,61.99,,65.27,,2020,1,0
428.89,,91.83,,13.26,,2021,1,1
399.44,,70.13,,133.79,,2022,2,0
412.98,,69.03,,8.0,,2020,2,1
449.94,,78.07,,20.07,,2024,1,0
371.75,,83.07,,8.0,,2022,0,0
318.65,,65.08,,20.41,,2020,1,0
451.56,,83.87,,8.0,,2019,2,1
350.86,,68.97,,43.49,,2023,1,0
342.03,,86.31,,8.0,,2024,0,1
281.21,,66.59,,40.18,,2019,3,0
411.42,,79.35,,11.2,,2022,2,0
290.82,,72.43,,8.29,,2023,1,1
338.74,,60.74,,17.9,,2024,2,1
412.35,,57.84,,43.02,,2018,1,0
419.71,,64.57,,36.26,,2021,1,0
344.16,,81.93,,47.92,,2019,1,0
372.62,,52.57,,105.55,,2022,3,0
332.01,,75.34,,9.55,,2021,1,1
349.84,,74.47,,22.4,,2022,0,1
394.64,,55.18,,12.98,,2023,3,0
352.41,,64.03,,37.07,,2024,4,0
366.57,,64.01,,14.0,,2020,0,1
299.44,,72.53,,34.29,,2023,0,1
442.31,,86.66,,72.77,,2024,1,0
408.05,,82.75,,33.63,,2022,1,0
423.61,,68.4,,76.48,,2023,2,1
450.97,,63.71,,39.69,,2021,1,1
334.61,,56.42,,85.79,,2018,0,0
360.29,,68.21,,111.94,,2020,1,0
275.78,,63.01,,29.77,,2020,2,0
552.72,,71.64,,65.68,,2024,1,1
371.77,,72.02,,26.57,,2024,1,0
437.13,,67.24,,51.3,,2022,0,0
311.9,,67.45,,8.0,,2023,1,0
434.8,,65.06,,143.16,,2021,2,0
482.17,,66.88,,94.39,,2022,0,1
376.68,,86.36,,93.98,,2023,0,1
324.4,,77.18,,13.87,,2024,2,0
372.37,,77.31,,13.98,,2022,1,0
257.53,,82.12,,21.64,,2023,1,0
377.92,,81.24,,89.12,,2020,2,1
425.15,,86.25,,82.17,,2021,2,0
378.03,,77.88,,14.35,,2020,0,1
364.37,,74.05,,32.78,,2024,5,0
409.02,,66.09,,27.08,,2019,1,1
413.22,,63.76,,44.17,,2023,0,0
288.71,,80.82,,10.11,,2023,1,0
384.89,,70.89,,8.0,,2023,2,1
513.98,,58.4,,8.0,,2024,1,1
306.57,,51.07,,20.17,,2022,1,0
375.3,,93.48,,123.07,,2019,1,0
486.8,,62.14,,48.49,,2024,2,1
440.73,,65.14,,58.08,,2021,2,1
351.76,,84.28,,121.94,,2018,0,0
391.34,,59.91,,23.03,,2022,1,0
379.88,,77.31,,27.01,,2021,0,0
338.86,,90.22,,18.71,,2024,1,0
375.92,,93.14,,8.41,,2022,2,1
364.6,,67.53,,61.07,,2019,1,0
386.2,,71.88,,99.61,,2020,0,0
338.84,,68.04,,70.62,,2020,4,0
309.79,,71.82,,8.0,,2023,2,1
377.73,,84.98,,14.93,,2019,2,0
474.33,,58.01,,37.66,,2021,3,0
384.52,,78.48,,16.64,,2023,2,0
361.76,,70.05,,8.0,,2023,0,0
421.47,,85.69,,32.47,,2023,1,1
371.29,,85.15,,30.96,,2022,0,1
482.74,,67.93,,51.98,,2020,2,1
379.78,,70.89,,240.0,,2023,1,0
418.53,,80.93,,43.88,,2024,0,0
338.5,,81.83,,16.01,,2018,0,0
407.67,,47.28,,131.56,,2021,0,0
395.13,,80.9,,35.57,,2021,3,0
376.89,,88.46,,43.58,,2020,0,0
352.4,,74.56,,18.58,,2021,3,1
344.91,,81.5,,25.25,,2018,2,0
395.53,,84.79,,22.78,,2023,1,0
414.59,,74.22,,115.59,,2023,2,1
373.01,,80.14,,69.66,,2022,1,0
395.8,,72.13,,8.0,,2021,0,1
377.91,,71.48,,15.82,,2024,0,0
385.42,,65.38,,8.0,,2023,1,0
368.98,,73.73,,30.54,,2024,2,1
380.99,,90.87,,13.76,,2021,1,1
528.39,,62.98,,8.0,,2023,0,1
397.14,,78.17,,62.09,,2018,2,0
415.49,,75.21,,8.0,,2023,1,0
404.09,,86.75,,13.31,,2023,0,0
365.55,,88.63,,62.03,,2021,0,0
451.17,,62.76,,30.1,,2024,0,1
363.99,,66.26,,71.35,,2022,1,1
438.03,,66.8,,22.48,,2021,2,0
361.62,,67.16,,70.84,,2020,3,1
327.2,,68.02,,32.45,,2020,0,1
400.1,,75.47,,8.0,,2020,0,0
319.24,,63.49,,26.78,,2022,2,0
409.46,,64.89,,33.87,,2022,2,1
314.32,,64.09,,39.77,,2022,2,0
362.45,,76.93,,110.44,,2024,1,0
301.25,,71.36,,8.52,,2018,0,1
535.33,,69.59,,39.12,,2021,1,1
289.03,,63.58,,58.57,,2024,2,0
380.54,,55.96,,92.69,,2019,2,1
442.88,,88.32,,31.29,,2020,1,0
437.0,,69.11,,10.11,,2021,5,0
426.82,,99.1,,71.48,,2024,0,0
362.55,,79.73,,98.88,,2022,1,0
454.31,,90.29,,8.0,,2022,0,0
430.24,,81.93,,10.96,,2024,2,0
391.68,,73.59,,86.16,,2022,0,1
393.23,,66.02,,27.82,,2024,1,0
363.28,,62.23,,8.0,,2020,2,1
329.97,,83.2,,43.53,,2021,1,1
448.04,,74.65,,25.75,,2024,3,1
452.17,,78.17,,144.51,,2020,2,1
331.37,,80.15,,10.58,,2020,2,1
371.54,,75.56,,18.89,,2021,1,0
372.11,,67.28,,8.0,,2024,0,1
378.2,,82.13,,8.0,,2020,1,0
383.54,,70.02,,13.44,,2024,0,0
432.08,,72.91,,71.98,,2023,2,0
338.9,,79.17,,13.06,,2022,0,1
333.45,,71.41,,50.06,,2018,0,0
448.01,,53.82,,31.36,,2022,2,1
354.55,,82.41,,30.8,,2022,4,0
310.53,,84.55,,63.89,,2023,0,0
353.32,,53.69,,40.39,,2022,0,0
361.85,,61.57,,8.0,,2024,1,1
465.52,,92.24,,10.48,,2019,1,1
430.87,,74.32,,32.96,,2024,0,1
443.11,,72.04,,78.39,,2021,2,1
425.1,,67.74,,8.0,,2022,2,1
432.04,,61.69,,8.0,,2024,0,0
342.16,,70.06,,30.61,,2023,1,0
369.08,,81.74,,8.78,,2024,0,0
325.55,,71.84,,216.55,,2024,2,0
368.42,,78.1,,8.0,,2023,1,0
417.63,,89.66,,25.02,,2022,4,0
387.4,,66.2,,8.0,,2021,1,0
452.13,,75.03,,48.0,,2021,2,1
317.22,,82.04,,41.77,,2021,2,1
407.51,,62.67,,69.11,,2023,2,1
311.34,,73.78,,34.81,,2023,1,0
385.18,,90.72,,8.82,,2023,2,0
420.72,,68.6,,8.0,,2024,2,1
368.2,,82.68,,53.79,,2024,2,0
410.31,,70.59,,24.35,,2020,1,0
327.21,,90.0,,10.55,,2024,0,1
288.5,,55.55,,12.18,,2023,0,0
410.64,,72.65,,8.0,,2024,1,0
475.92,,57.21,,14.01,,2024,1,0
325.22,,64.99,,65.95,,2022,3,0
447.22,,64.93,,40.71,,2023,1,0
382.39,,69.33,,183.7,,2024,0,0
306.54,,60.12,,31.2,,2021,2,0
317.77,,71.28,,30.96,,2022,1,0
380.87,,76.6,,8.92,,2021,0,0
357.75,,56.68,,37.09,,2019,2,0
307.79,,65.65,,39.37,,2023,2,0
286.83,,97.41,,9.72,,2022,0,0
333.43,,75.29,,8.0,,2021,1,0
390.66,,53.82,,19.32,,2020,3,0
379.65,,58.0,,8.0,,2020,1,0
352.43,,74.26,,29.38,,2021,0,1
391.1,,73.01,,31.36,,2024,0,0
437.2,,66.13,,39.35,,2024,0,0
401.68,,93.93,,38.78,,2024,1,1
373.33,,98.19,,47.19,,2019,1,0
431.04,,69.36,,11.0,,2024,0,0
327.21,,80.73,,55.12,,2023,0,0
367.63,,81.23,,31.25,,2024,0,0
368.94,,82.56,,24.15,,2022,2,0
311.97,,65.6,,43.84,,2022,3,1
356.91,,91.39,,29.22,,2022,2,0
265.88,,71.31,,31.33,,2022,2,0
485.17,,76.22,,8.0,,2021,1,0
328.44,,72.02,,68.03,,2020,1,1
467.24,,70.6,,23.18,,2023,0,1
382.09,,74.78,,30.66,,2024,1,0
411.07,,60.14,,20.75,,2023,1,0
353.12,,52.29,,33.68,,2024,1,0
391.44,,69.87,,8.0,,2022,1,1
415.78,,63.2,,20.34,,2022,1,1
416.55,,77.48,,46.4,,2024,1,0
422.61,,76.34,,117.09,,2024,1,1
359.74,,72.13,,79.45,,2023,0,0
353.58,,86.82,,138.26,,2021,3,0
292.32,,71.94,,63.88,,2021,4,0
408.78,,57.42,,42.06,,2023,3,1
439.53,,69.76,,23.12,,2020,1,0
468.88,,83.71,,8.0,,2024,1,0
396.78,,53.16,,12.13,,2023,0,1
337.84,,71.06,,13.29,,2020,0,0
286.66,,77.75,,23.45,,2021,2,0
437.29,,98.52,,39.53,,2020,1,1
281.2,,84.08,,40.49,,2019,1,1
361.27,,73.33,,25.53,,2023,1,0
367.66,,77.21,,13.49,,2019,1,1
376.18,,53.02,,8.0,,2021,2,1
381.97,,61.5,,188.79,,2023,0,0
387.6,,78.51,,117.86,,2020,2,0
247.16,,73.61,,8.49,,2024,3,0
380.81,,74.89,,39.05,,2020,0,0
257.37,,72.34,,14.72,,2023,2,1
420.27,,71.95,,9.08,,2024,1,0
349.47,,73.03,,48.44,,2019,0,0
261.36,,61.44,,64.79,,2019,0,0
335.22,,69.71,,21.92,,2019,0,0
348.65,,59.56,,8.0,,2021,1,0
445.49,,65.8,,21.56,,2023,1,0
390.82,,83.96,,31.91,,2022,3,0
398.94,,70.19,,93.95,,2021,3,0
444.97,,77.96,,44.92,,2023,1,0
374.71,,73.15,,52.06,,2022,0,0
421.48,,68.15,,9.51,,2021,0,0
417.61,,61.91,,53.51,,2021,3,0
309.24,,68.0,,29.27,,2021,3,0
461.01,,73.83,,72.12,,2022,2,1
301.88,,77.8,,10.24,,2021,2,0
430.46,,73.22,,30.38,,2021,1,0
296.56,,78.49,,9.87,,2021,1,1
413.07,,56.8,,14.14,,2020,2,0
482.41,,80.67,,74.97,,2020,1,0
368.29,,60.72,,48.89,,2021,4,1
365.9,,81.84,,54.76,,2024,0,1
413.57,,77.02,,8.0,,2020,4,0
361.88,,53.3,,54.8,,2022,0,1
480.01,,79.37,,28.4,,2024,0,0
390.57,,81.95,,25.81,,2018,1,0
362.39,,84.58,,22.35,,2023,0,0
350.28,,64.31,,80.18,,2024,2,0
328.69,,73.79,,8.21,,2020,1,1
345.47,,78.94,,70.67,,2024,1,0
360.71,,79.36,,110.7,,2023,0,1
353.18,,76.1,,8.0,,2024,0,1
343.8,,67.73,,240.0,,2019,2,1
495.44,,81.88,,195.72,,2019,1,1
323.34,,81.94,,40.78,,2020,1,0
388.06,,70.46,,13.13,,2024,2,0
412.59,,64.16,,23.58,,2024,0,0
414.66,,64.72,,8.0,,2022,2,0
376.78,,85.65,,8.0,,2022,2,0
366.76,,81.51,,51.13,,2021,1,0
404.84,,71.8,,36.42,,2020,0,1
394.66,,70.01,,34.82,,2020,1,1
365.76,,54.32,,11.96,,2023,0,0
294.1,,71.16,,11.25,,2023,1,0
354.26,,60.09,,192.32,,2022,2,0
316.94,,73.59,,41.62,,2024,2,0
343.31,,83.85,,71.89,,2019,1,0
381.83,,62.2,,19.98,,2018,2,1
399.73,,74.39,,77.95,,2024,0,1
477.92,,81.98,,53.82,,2022,0,0
350.44,,74.2,,18.1,,2023,1,0
422.6,,66.76,,53.12,,2022,1,1
396.83,,72.1,,109.14,,2022,3,0
451.28,,81.57,,10.1,,2018,1,1
411.69,,74.63,,33.32,,2022,1,1
324.53,,71.97,,142.83,,2018,0,0
285.23,,83.56,,72.35,,2021,2,0
397.12,,77.15,,40.67,,2020,1,0
350.94,,59.97,,8.0,,2020,2,1
326.08,,78.31,,21.9,,2024,2,0
310.28,,81.5,,44.18,,2024,2,0
388.85,,59.63,,22.14,,2018,1,0
462.92,,49.31,,240.0,,2024,1,0
357.52,,61.58,,58.8,,2024,0,0
412.46,,70.98,,8.7,,2022,2,0
374.38,,82.1,,28.31,,2022,2,1
309.08,,63.09,,20.35,,2021,0,0
420.41,,77.55,,37.84,,2023,2,0
319.79,,43.08,,24.85,,2020,2,1
381.19,,73.8,,11.41,,2019,1,0
361.22,,67.93,,54.13,,2024,2,0
429.12,,92.99,,8.0,,2024,2,1
321.8,,53.08,,31.9,,2021,0,0
401.5,,71.85,,15.59,,2019,2,1
333.81,,53.02,,142.68,,2024,1,0
351.89,,66.5,,15.19,,2019,3,0
180.06,,54.99,,17.51,,2018,0,1
495.07,,95.01,,51.57,,2021,0,0
410.28,,68.44,,8.0,,2023,2,1
337.8,,69.89,,16.48,,2024,0,0
318.14,,71.57,,50.0,,2022,1,0
352.74,,60.68,,8.0,,2022,2,0
419.43,,82.55,,15.65,,2018,0,0
275.94,,78.4,,8.0,,2021,2,0
372.21,,81.18,,8.0,,2019,1,1
477.39,,59.82,,38.93,,2020,3,1
317.63,,83.35,,25.63,,2019,1,0
384.42,,82.2,,8.0,,2024,0,0
501.18,,69.68,,8.0,,2023,2,0
414.77,,80.95,,8.0,,2022,1,0
386.93,,74.73,,8.0,,2024,0,0
407.87,,56.06,,8.0,,2020,0,0
357.95,,70.17,,8.0,,2024,1,1
451.48,,67.18,,8.0,,2019,1,0
358.04,,72.85,,50.15,,2023,1,0
272.25,,82.21,,119.06,,2021,0,0
358.48,,55.59,,81.39,,2020,2,0
326.83,,67.56,,12.98,,2023,2,1
364.53,,63.78,,9.6,,2023,0,0
365.75,,64.21,,8.0,,2024,0,1
445.86,,63.77,,8.0,,2021,1,0
418.24,,72.68,,35.23,,2023,1,0
394.48,,77.23,,240.0,,2024,0,0
379.84,,75.48,,82.29,,2022,1,0
321.76,,73.86,,30.38,,2022,1,1
260.04,,78.22,,23.13,,2021,1,1
386.22,,95.8,,8.0,,2024,1,0
423.71,,73.36,,22.78,,2023,0,1
374.04,,82.21,,37.95,,2024,2,0
350.58,,81.64,,38.01,,2022,0,0
405.55,,89.78,,34.25,,2024,0,0
375.42,,77.61,,72.97,,2022,3,0
472.72,,63.56,,29.97,,2020,0,1
447.8,,75.05,,26.89,,2022,0,0
432.77,,74.51,,15.33,,2024,1,1
421.68,,80.15,,8.35,,2018,2,0
309.04,,63.27,,8.0,,2021,0,0
416.46,,84.66,,16.33,,2024,2,1
400.7,,72.05,,42.11,,2021,3,0
413.35,,80.39,,34.38,,2021,2,1
407.09,,75.1,,31.76,,2021,1,1
404.9,,73.23,,62.16,,2021,2,1
528.55,,74.34,,11.13,,2021,0,1
375.81,,78.72,,47.66,,2024,0,1
431.5,,91.59,,39.24,,2021,1,0
354.1,,51.83,,17.39,,2023,0,0
423.49,,77.4,,10.36,,2020,0,0
431.66,,72.44,,34.74,,2020,0,0
400.04,,70.23,,121.93,,2024,2,1
471.81,,48.37,,8.0,,2019,1,0
331.36,,77.8,,128.41,,2023,2,0
353.2,,70.75,,26.25,,2023,1,1
391.68,,63.66,,52.0,,2022,2,0
428.44,,72.42,,68.27,,2022,6,0
389.87,,69.07,,8.0,,2022,1,0
450.72,,54.58,,8.0,,2019,0,1
343.61,,72.88,,8.0,,2020,0,1
317.27,,77.8,,17.51,,2018,3,0
396.95,,66.51,,131.72,,2023,3,1
375.76,,74.62,,8.0,,2023,1,0
409.86,,73.08,,105.97,,2023,2,1
378.49,,82.45,,34.6,,2023,1,0
361.3,,70.96,,8.0,,2024,3,1
375.88,,80.01,,8.0,,2023,0,1
381.59,,68.87,,49.1,,2021,2,0
363.23,,91.67,,39.38,,2020,1,1
368.83,,67.63,,8.0,,2022,0,0
357.8,,65.15,,98.57,,2022,1,1
427.12,,71.0,,8.0,,2021,0,0
390.67,,64.72,,30.1,,2021,1,0
504.12,,59.51,,31.56,,2023,0,1
388.84,,79.28,,85.85,,2020,0,1
349.7,,41.37,,8.0,,2023,1,0
526.89,,64.82,,8.0,,2021,0,0
402.75,,58.58,,8.0,,2022,0,1
434.46,,73.42,,8.0,,2021,2,0
412.57,,50.11,,41.93,,2024,1,0
414.27,,77.48,,10.96,,2021,1,1
409.46,,78.56,,36.1,,2024,0,0
319.39,,55.67,,64.1,,2023,0,0
400.21,,73.91,,22.06,,2018,2,1
307.13,,77.16,,61.52,,2024,0,0
370.41,,81.4,,63.19,,2023,1,0
340.09,,57.31,,12.84,,2021,4,0
399.66,,55.9,,8.0,,2021,1,0
398.38,,87.03,,8.0,,2022,1,0
406.46,,63.78,,72.85,,2023,2,0
395.8,,66.73,,21.83,,2024,1,0
346.62,,78.33,,76.73,,2020,0,0
365.64,,60.31,,33.31,,2020,1,0
430.62,,69.34,,9.24,,2023,2,0
438.73,,80.92,,52.32,,2021,1,1
316.93,,57.79,,34.31,,2020,0,0
295.8,,67.0,,18.21,,2023,1,0
340.02,,60.73,,8.0,,2019,2,0
437.49,,64.26,,8.0,,2022,3,1
446.82,,83.86,,8.77,,2023,1,0
329.14,,86.05,,46.94,,2021,0,0
396.9,,74.58,,54.68,,2019,0,0
480.89,,77.32,,41.86,,2021,1,0
402.84,,77.05,,17.28,,2022,1,1
458.18,,65.28,,24.39,,2020,0,0
434.93,,74.38,,51.93,,2022,0,1
329.94,,59.05,,45.29,,2021,1,0
369.55,,62.41,,62.28,,2024,1,1
381.91,,71.13,,11.59,,2019,0,1
385.73,,61.39,,8.0,,2023,1,0
430.4,,59.27,,13.01,,2023,0,1
402.48,,64.88,,17.96,,2023,1,1
218.51,,83.46,,135.74,,2022,1,1
307.79,,87.57,,10.31,,2019,1,0
259.69,,71.67,,73.54,,2023,2,0
389.65,,77.82,,40.92,,2022,1,1
393.23,,66.37,,8.0,,2024,2,0
395.58,,51.34,,21.7,,2024,0,0
327.26,,63.06,,29.97,,2018,1,0
417.08,,68.92,,17.72,,2024,4,1
419.39,,73.41,,10.77,,2022,1,0
310.97,,70.99,,12.24,,2024,1,0
299.37,,69.18,,36.96,,2020,3,1
379.99,,66.25,,48.93,,2023,3,1
478.55,,75.44,,26.58,,2022,3,0
473.49,,58.36,,119.4,,2020,1,1
410.99,,80.02,,54.77,,2018,0,0
339.85,,66.14,,93.38,,2020,1,1
428.78,,92.67,,27.12,,2018,1,0
355.12,,68.85,,8.0,,2022,0,1
337.79,,67.2,,37.66,,2021,3,0
262.08,,66.37,,71.62,,2024,2,0
385.63,,67.3,,32.3,,2023,2,0
345.36,,78.07,,35.24,,2023,4,1
385.3,,71.58,,154.88,,2022,0,0
253.54,,81.87,,19.15,,2021,2,0
389.34,,76.64,,67.99,,2023,0,1
246.29,,72.31,,29.54,,2022,0,0
439.84,,75.73,,26.17,,2024,1,0
408.7,,83.96,,8.0,,2022,1,0
364.67,,78.57,,57.96,,2024,0,0
410.95,,74.81,,72.8,,2021,1,1
326.21,,76.23,,23.67,,2022,2,0
383.98,,60.47,,60.56,,2020,2,0
423.71,,97.72,,36.55,,2023,0,1
209.81,,77.28,,12.51,,2023,1,1
355.4,,78.28,,108.08,,2022,0,0
378.75,,71.71,,50.12,,2023,1,0
369.2,,49.02,,88.47,,2021,3,0
460.14,,69.35,,13.88,,2024,1,0
318.19,,72.76,,104.21,,2024,0,1
345.84,,63.77,,19.05,,2023,0,0
274.63,,63.68,,8.0,,2021,1,0
463.07,,68.61,,8.0,,2024,3,0
366.45,,79.72,,8.0,,2024,1,0
355.89,,84.56,,9.75,,2022,0,1
377.11,,73.71,,8.67,,2023,3,0
414.99,,66.33,,8.0,,2024,1,0
399.1,,68.38,,94.82,,2023,0,0
525.63,,73.0,,74.01,,2020,3,0
404.97,,74.18,,60.44,,2022,0,1
354.41,,76.35,,27.39,,2023,1,0
349.13,,67.61,,23.25,,2022,1,0
358.4,,77.29,,23.27,,2023,2,0
297.4,,76.5,,12.75,,2021,3,1
382.19,,68.05,,39.36,,2020,0,0
423.09,,54.81,,8.0,,2018,1,0
346.27,,63.15,,45.16,,2018,1,1
335.59,,87.68,,30.29,,2021,1,0
463.38,,55.06,,71.22,,2018,0,1
301.54,,85.18,,151.3,,2021,1,0
266.27,,54.71,,87.88,,2022,2,1
316.59,,64.27,,53.45,,2023,1,0
295.28,,68.25,,23.81,,2022,0,0
401.24,,89.82,,10.14,,2022,0,0
360.16,,72.26,,45.92,,2020,0,1
367.92,,69.86,,9.46,,2018,2,1
443.41,,62.65,,8.0,,2019,2,0
341.98,,77.22,,35.76,,2024,2,0
422.63,,66.87,,21.05,,2024,3,0
463.12,,69.71,,87.68,,2021,3,0
354.94,,68.42,,43.59,,2021,1,0
420.54,,79.2,,43.76,,2024,3,0
366.7,,79.62,,65.13,,2019,2,0
430.83,,63.1,,17.18,,2020,1,0
293.57,,65.73,,133.32,,2019,1,0
289.5,,64.74,,10.51,,2024,5,0
358.48,,73.83,,86.24,,2018,0,0
331.11,,81.07,,101.53,,2018,1,1
351.58,,73.97,,8.0,,2024,0,0
367.93,,50.09,,41.97,,2023,3,0
419.6,,79.6,,58.13,,2022,1,0
357.58,,58.51,,129.17,,2024,0,0
334.69,,64.85,,12.16,,2022,2,1
360.67,,73.98,,34.66,,2022,0,0
337.7,,71.16,,62.3,,2022,1,1
328.63,,80.73,,8.0,,2023,2,0
291.28,,65.89,,80.52,,2021,2,1
383.82,,62.33,,21.71,,2023,1,0
348.72,,68.88,,42.88,,2023,1,0
433.15,,81.77,,8.0,,2020,1,1
300.39,,78.3,,10.59,,2022,1,0
350.19,,72.87,,27.32,,2023,1,1
479.71,,85.26,,14.34,,2024,2,1
328.32,,83.45,,132.99,,2024,0,0
366.99,,79.88,,66.55,,2020,0,0
313.13,,60.22,,84.07,,2022,0,0
305.84,,79.83,,26.37,,2022,0,0
465.1,,69.98,,26.95,,2021,0,0
389.41,,68.05,,68.7,,2021,0,0
387.35,,65.17,,20.59,,2024,2,0
286.7,,70.28,,27.53,,2018,2,0
399.73,,65.74,,31.59,,2024,1,1
443.66,,73.7,,39.24,,2022,1,1
443.22,,70.27,,44.09,,2022,1,0
416.76,,74.21,,47.96,,2023,0,0
317.88,,77.53,,24.65,,2022,3,0
397.22,,69.06,,14.69,,2024,0,1
416.72,,64.63,,106.16,,2024,1,1
281.31,,51.94,,73.62,,2020,0,1
318.33,,79.71,,8.0,,2023,1,0
428.85,,72.79,,30.21,,2022,4,0
428.18,,70.24,,13.48,,2021,0,0
294.83,,83.72,,43.23,,2021,0,1
423.73,,59.11,,29.33,,2020,1,0
385.24,,72.56,,8.0,,2022,3,0
422.96,,62.36,,54.65,,2022,2,1
345.1,,78.56,,13.53,,2023,0,0
415.49,,49.74,,12.66,,2021,0,0
426.41,,80.04,,8.0,,2023,1,0
360.68,,79.63,,74.01,,2022,2,0
380.98,,62.77,,36.32,,2021,1,0
344.33,,72.66,,27.86,,2023,2,0
470.84,,62.98,,47.31,,2023,3,1
373.39,,76.28,,17.79,,2024,1,0
329.29,,80.2,,35.4,,2021,4,0
340.63,,61.95,,12.04,,2024,1,0
386.97,,59.03,,8.0,,2022,3,0
421.43,,82.96,,34.61,,2022,3,1
306.53,,91.41,,10.5,,2024,2,0
481.62,,76.94,,58.23,,2020,0,0
396.98,,77.68,,25.25,,2022,2,1
405.66,,68.68,,12.1,,2019,2,0
374.65,,73.8,,39.37,,2023,2,0
381.06,,75.51,,8.0,,2018,1,1
371.84,,70.17,,60.19,,2024,2,1
435.98,,85.5,,25.28,,2018,1,1
379.56,,73.77,,70.34,,2024,0,0
422.19,,75.06,,8.0,,2023,1,1
356.14,,70.38,,20.25,,2024,3,0
390.76,,71.4,,8.34,,2021,1,0
335.78,,84.19,,8.0,,2020,2,0
446.91,,73.46,,130.57,,2020,2,0
334.14,,73.69,,54.47,,2022,5,0
362.13,,73.82,,16.55,,2021,0,0
362.68,,68.35,,11.87,,2024,1,1
360.53,,57.92,,9.6,,2018,1,0
419.74,,87.73,,8.0,,2019,0,0
362.58,,82.68,,8.0,,2020,0,1
456.67,,84.49,,8.0,,2019,1,1
334.98,,61.27,,46.09,,2024,2,0
389.32,,86.45,,37.93,,2018,0,1
337.33,,91.67,,35.27,,2023,1,0
403.15,,82.45,,55.69,,2022,2,0
379.12,,88.48,,12.15,,2023,1,0
371.47,,79.98,,17.61,,2022,1,0
445.37,,63.53,,8.0,,2023,1,0
344.01,,77.08,,37.21,,2023,1,1
412.26,,61.8,,113.47,,2021,0,0
337.71,,66.03,,83.53,,2019,0,0
386.2,,75.16,,34.01,,2022,1,1
314.24,,73.82,,43.45,,2024,2,1
343.56,,76.63,,204.44,,2023,1,0
375.48,,54.08,,30.6,,2021,2,1
479.81,,70.46,,85.88,,2024,0,0
385.54,,77.49,,29.17,,2022,3,1
471.01,,79.48,,8.0,,2020,1,0
392.12,,80.14,,114.58,,2024,2,0
358.71,,74.51,,8.0,,2022,2,0
464.66,,68.21,,51.16,,2022,0,0
404.04,,77.01,,11.41,,2020,0,0
344.65,,69.0,,97.15,,2023,1,0
405.88,,81.01,,9.4,,2022,1,0
363.91,,76.27,,8.0,,2020,1,0
270.6,,71.38,,24.26,,2021,0,1
431.48,,64.31,,28.83,,2021,0,1
440.22,,83.19,,71.77,,2022,0,0
481.09,,77.59,,60.36,,2024,0,0
403.22,,93.03,,16.71,,2020,1,0
366.32,,77.26,,20.41,,2023,2,0
425.92,,78.1,,36.1,,2024,2,0
426.74,,57.35,,33.68,,2021,3,0
470.11,,75.1,,83.2,,2021,4,1
377.55,,68.83,,26.86,,2022,2,1
370.89,,80.26,,94.07,,2024,1,1
340.65,,75.35,,9.64,,2019,2,0
409.56,,81.85,,84.93,,2021,1,0
294.85,,93.33,,15.24,,2018,1,1
422.68,,64.02,,65.4,,2022,4,1
412.33,,81.47,,35.0,,2024,3,1
412.18,,78.84,,87.53,,2020,0,1
387.6,,91.79,,11.05,,2021,1,0
464.31,,79.05,,50.78,,2023,0,0
427.96,,78.01,,79.39,,2023,1,1
346.61,,80.51,,62.97,,2022,3,1
347.6,,81.21,,35.06,,2020,2,0
331.62,,86.54,,47.26,,2019,2,0
410.32,,63.81,,9.19,,2020,0,1
324.99,,68.08,,10.25,,2023,0,0
439.59,,89.35,,13.06,,2021,2,0
452.76,,52.41,,73.93,,2024,3,0
331.65,,71.15,,8.0,,2023,0,1
369.79,,73.5,,14.92,,2018,3,0
380.91,,70.23,,106.31,,2019,0,0
428.62,,87.81,,59.11,,2021,0,0
468.51,,76.76,,55.48,,2022,2,0
287.3,,68.13,,25.5,,2024,1,1
362.5,,65.66,,50.9,,2019,2,0
365.37,,74.82,,35.03,,2024,1,1
302.96,,83.66,,8.0,,2022,1,0
353.32,,73.38,,36.09,,2021,1,0
403.53,,70.66,,25.28,,2023,2,0
364.67,,65.05,,8.0,,2023,0,0
295.05,,75.74,,17.72,,2021,0,0
538.07,,75.19,,94.58,,2024,2,0
394.64,,64.76,,68.38,,2022,1,0
386.14,,82.26,,103.0,,2020,1,1
319.61,,89.06,,53.03,,2022,1,0
394.34,,72.49,,42.05,,2023,3,1
370.97,,75.02,,8.0,,2022,1,0
276.13,,60.95,,8.0,,2022,2,1
321.14,,79.37,,11.9,,2018,0,0
423.72,,76.64,,15.84,,2022,1,1
486.92,,68.74,,39.23,,2021,1,1
400.19,,64.57,,88.12,,2018,1,1
440.67,,90.48,,92.99,,2023,3,1
371.43,,75.83,,48.17,,2020,1,1
375.24,,62.82,,35.83,,2021,2,0
440.0,,80.56,,11.77,,2022,1,1
471.45,,74.3,,116.75,,2022,0,1
451.56,,72.59,,46.71,,2023,0,0
321.35,,81.79,,32.02,,2024,3,0
376.32,,45.87,,8.0,,2020,2,0
395.26,,53.93,,73.42,,2021,1,1
365.72,,85.79,,18.03,,2020,1,0
401.33,,70.71,,96.96,,2022,2,0
425.13,,67.73,,8.0,,2019,1,1
435.15,,58.62,,8.0,,2023,1,1
472.72,,73.94,,23.96,,2019,0,1
361.88,,75.17,,8.0,,2024,3,0
304.98,,86.41,,8.0,,2024,1,0
399.7,,75.72,,52.53,,2024,2,0
483.61,,68.97,,12.5,,2018,1,1
353.77,,76.06,,42.78,,2020,1,0
417.78,,83.09,,35.53,,2024,1,1
418.27,,80.91,,8.0,,2024,0,0
390.53,,78.21,,20.47,,2021,0,1
380.38,,74.75,,8.0,,2022,1,0
329.21,,66.19,,23.0,,2020,2,0
254.51,,61.67,,8.46,,2024,2,0
318.85,,60.09,,8.0,,2020,0,1
358.53,,75.94,,16.01,,2023,0,0
440.36,,76.98,,8.0,,2021,0,0
374.33,,82.94,,59.55,,2021,1,0
351.45,,77.62,,8.0,,2022,1,0
331.0,,82.51,,41.29,,2022,1,0
416.12,,70.69,,75.07,,2022,1,0
454.71,,79.71,,104.66,,2023,0,0
438.49,,61.99,,34.25,,2021,1,1
413.34,,71.4,,65.21,,2023,0,1
298.84,,53.69,,25.48,,2022,0,0
360.66,,72.32,,28.3,,2018,1,0
487.1,,84.25,,33.24,,2024,2,0
441.71,,72.7,,46.58,,2021,1,0
295.44,,79.22,,46.55,,2024,2,0
376.94,,74.73,,64.63,,2023,2,0
399.97,,66.3,,40.3,,2022,2,0
338.08,,70.13,,89.98,,2023,3,0
252.99,,83.8,,51.88,,2024,0,1
385.44,,79.17,,111.07,,2021,2,0
336.67,,65.82,,58.3,,2022,2,1
336.89,,58.13,,56.37,,2020,1,0
360.49,,74.07,,82.7,,2024,2,1
372.65,,66.18,,44.8,,2022,0,1
379.5,,70.23,,8.31,,2019,1,1
331.38,,57.46,,8.0,,2022,2,0
367.89,,82.41,,15.94,,2022,1,1
283.34,,71.03,,70.73,,2021,2,1
397.11,,72.55,,8.0,,2018,2,0
222.9,,63.67,,8.0,,2020,2,0
364.08,,69.23,,8.0,,2020,2,0
430.56,,73.22,,8.0,,2023,1,0
321.74,,65.87,,69.81,,2021,0,1
419.4,,69.84,,13.77,,2024,0,0
443.57,,85.86,,54.83,,2020,2,1
198.07,,54.5,,8.0,,2024,1,0
371.68,,73.85,,22.08,,2021,0,0
221.83,,64.15,,8.0,,2024,1,0
373.5,,85.36,,8.0,,2024,0,0
379.61,,70.19,,39.89,,2023,0,0
243.46,,61.53,,27.54,,2024,3,1
485.87,,69.84,,22.64,,2024,0,1
395.73,,75.5,,8.0,,2024,1,0
333.3,,99.76,,37.26,,2020,1,1
460.6,,50.9,,63.59,,2022,0,1
281.24,,60.01,,8.0,,2021,1,1
312.4,,85.05,,22.41,,2021,1,1
253.53,,56.91,,15.68,,2023,2,0
479.06,,72.1,,93.43,,2022,0,0
398.28,,67.17,,12.8,,2024,2,0
416.27,,65.6,,121.27,,2021,0,0
396.56,,70.28,,74.03,,2022,3,0
411.56,,68.67,,8.0,,2024,3,0
384.29,,82.57,,27.52,,2019,1,0
394.9,,85.28,,43.97,,2021,1,1
385.92,,76.26,,37.76,,2019,0,0
346.53,,69.64,,47.76,,2019,0,0
377.44,,74.58,,23.34,,2018,0,1
395.05,,80.05,,98.75,,2021,2,0
386.08,,82.02,,13.24,,2024,1,1
298.72,,75.7,,8.0,,2020,3,0
306.03,,87.28,,160.25,,2021,2,1
439.56,,65.83,,44.33,,2024,0,0
363.12,,83.4,,45.21,,2020,0,0
412.16,,79.04,,71.45,,2020,0,0
319.93,,65.9,,22.98,,2023,0,1
298.98,,74.33,,20.5,,2023,0,1
333.6,,75.01,,125.11,,2021,0,0
367.76,,70.58,,20.54,,2018,1,1
343.42,,70.47,,8.0,,2021,1,0
451.17,,56.75,,15.45,,2023,2,0
389.87,,65.11,,86.85,,2023,0,0
481.69,,69.62,,8.0,,2022,3,1
402.24,,66.27,,52.97,,2021,0,1
247.31,,63.44,,13.01,,2023,2,0
438.08,,82.61,,57.52,,2024,0,0
296.97,,70.96,,30.35,,2023,1,0
392.68,,93.67,,42.51,,2020,2,1
337.39,,74.23,,11.7,,2024,1,1
497.85,,82.4,,8.0,,2023,1,0
459.18,,69.92,,8.0,,2019,1,0
339.2,,65.38,,73.34,,2021,1,0
373.0,,74.63,,52.06,,2023,2,0
393.45,,84.96,,14.58,,2024,1,0
427.49,,71.11,,76.17,,2022,1,0
381.6,,76.47,,75.35,,2020,0,0
323.63,,74.58,,8.0,,2019,2,1
340.53,,71.02,,52.53,,2021,0,0
379.75,,71.53,,14.52,,2018,0,0
447.9,,62.02,,26.44,,2022,2,0
403.53,,71.89,,23.62,,2023,0,1
337.46,,78.53,,38.5,,2022,1,1
415.66,,74.96,,17.91,,2024,1,1
358.72,,73.84,,8.0,,2023,0,1
428.97,,79.25,,46.9,,2020,2,1
518.99,,73.95,,135.8,,2020,1,0
360.26,,72.14,,46.29,,2021,1,1
424.09,,79.35,,32.58,,2022,3,0
339.0,,73.37,,8.0,,2023,1,0
373.83,,69.63,,41.21,,2020,1,1
381.63,,76.68,,39.66,,2020,2,1
369.35,,71.65,,40.5,,2018,1,0
515.47,,69.18,,93.6,,2019,1,0
363.14,,73.55,,52.92,,2023,1,0
412.28,,73.67,,64.25,,2019,2,0
273.85,,60.96,,15.79,,2023,1,0
403.76,,75.33,,13.24,,2023,1,1
442.81,,90.47,,9.73,,2024,1,0
350.98,,62.2,,63.28,,2023,1,0
241.94,,66.97,,50.37,,2023,2,0
377.87,,99.8,,17.59,,2019,0,0
380.95,,63.78,,8.0,,2024,0,1
419.82,,84.86,,78.76,,2021,1,1
490.6,,69.71,,20.37,,2021,4,1
359.1,,72.6,,8.84,,2022,1,0
332.9,,70.69,,8.0,,2023,1,0
315.82,,76.26,,105.91,,2021,0,0
390.89,,56.2,,8.0,,2023,4,0
406.36,,73.86,,18.72,,2020,0,0
349.99,,67.97,,42.01,,2019,0,0
422.83,,53.37,,22.02,,2023,1,1
405.6,,83.21,,27.26,,2024,1,0
382.38,,50.92,,68.15,,2024,1,0
330.37,,93.48,,240.0,,2019,0,1
353.5,,78.17,,26.44,,2021,1,0
246.36,,58.39,,20.0,,2021,1,0
392.97,,85.38,,21.93,,2022,0,0
381.45,,64.5,,19.35,,2019,1,0
390.37,,64.95,,26.96,,2022,0,0
407.74,,53.99,,17.02,,2024,0,1
401.22,,63.36,,26.08,,2022,1,0
373.93,,64.54,,122.17,,2020,1,0
382.68,,80.18,,14.16,,2024,0,1
302.76,,83.67,,44.32,,2021,4,1
347.9,,59.59,,28.03,,2019,1,1
382.78,,74.71,,55.37,,2021,2,0
339.53,,53.6,,26.85,,2024,0,0
427.31,,74.74,,8.0,,2020,0,0
343.78,,93.62,,86.48,,2021,2,1
391.9,,54.2,,47.3,,2021,2,0
386.41,,61.85,,31.34,,2024,1,0
421.05,,79.27,,74.69,,2021,0,0
429.54,,80.45,,156.97,,2020,3,1
418.17,,62.59,,22.12,,2024,0,0
264.17,,86.74,,18.29,,2024,1,1
445.68,,63.84,,58.83,,2022,2,1
464.0,,88.73,,25.46,,2024,2,0
353.48,,76.69,,8.0,,2023,0,0
393.02,,84.71,,18.38,,2020,3,0
331.0,,75.71,,69.45,,2023,1,0
272.84,,78.57,,51.51,,2023,0,0
339.37,,79.1,,83.44,,2023,0,1
350.29,,83.45,,8.0,,2022,2,0
360.48,,71.67,,11.74,,2022,3,0
327.26,,63.0,,10.15,,2024,0,1
339.66,,71.21,,149.18,,2023,1,1
379.39,,65.33,,8.0,,2023,1,0
337.64,,65.98,,38.27,,2020,4,0
409.89,,88.55,,42.09,,2024,0,0
417.49,,78.23,,40.52,,2023,1,0
510.92,,77.77,,49.42,,2022,1,0
441.91,,82.73,,27.78,,2022,1,1
393.37,,78.18,,8.0,,2023,0,1
345.89,,90.67,,50.74,,2024,1,0
396.16,,51.05,,13.86,,2023,1,0
397.96,,62.02,,8.0,,2024,3,1
351.77,,64.99,,8.0,,2021,2,0
423.11,,58.24,,14.22,,2022,1,1
303.1,,73.13,,23.79,,2020,1,0
366.56,,73.6,,82.98,,2022,0,0
410.57,,91.75,,32.3,,2022,0,0
364.18,,81.04,,26.82,,2023,0,0
368.63,,66.92,,8.92,,2023,0,0
372.42,,76.94,,134.43,,2024,1,0
334.04,,53.73,,100.45,,2020,1,1
444.56,,73.42,,71.12,,2024,2,0
324.01,,72.89,,16.39,,2020,0,0
397.5,,62.98,,34.64,,2023,1,0
402.75,,69.99,,20.68,,2022,0,1
327.83,,65.07,,21.66,,2023,4,0
384.02,,62.67,,8.0,,2022,1,1
329.97,,78.74,,8.0,,2023,4,0
456.51,,82.34,,136.44,,2023,1,0
317.37,,77.1,,39.56,,2020,2,1
344.04,,67.62,,8.0,,2021,1,0
312.67,,65.37,,69.57,,2024,0,0
305.33,,67.93,,8.0,,2024,1,0
467.52,,69.8,,51.72,,2023,0,0
409.85,,63.28,,40.73,,2021,0,1
387.72,,82.54,,8.0,,2020,2,0
343.89,,69.98,,31.79,,2018,1,0
429.92,,79.65,,8.0,,2024,1,0
334.67,,58.0,,8.0,,2023,1,0
423.65,,65.12,,8.0,,2022,1,1
332.01,,80.59,,12.39,,2023,2,1
344.55,,80.74,,67.97,,2022,0,0
421.71,,59.97,,18.91,,2021,1,0
427.51,,75.03,,42.86,,2022,1,0
412.86,,75.29,,8.0,,2023,1,0
322.27,,64.92,,113.44,,2024,0,1
355.43,,75.57,,29.47,,2019,3,1
388.63,,56.2,,8.0,,2019,2,1
333.29,,62.73,,32.38,,2021,0,0
455.4,,77.99,,8.57,,2018,4,0
247.89,,72.3,,9.15,,2022,0,0
337.17,,72.81,,38.52,,2024,0,0
351.97,,70.25,,10.78,,2021,2,0
223.58,,77.37,,10.11,,2022,2,1
303.21,,77.85,,32.7,,2022,1,0
414.39,,79.91,,11.28,,2024,3,0
381.67,,73.26,,8.0,,2024,1,0
466.52,,68.12,,22.04,,2023,4,1
464.99,,66.43,,8.0,,2018,1,0
403.82,,61.43,,99.01,,2020,1,1
397.23,,67.97,,25.23,,2020,1,0
383.63,,65.94,,8.0,,2022,2,0
233.97,,88.02,,10.69,,2023,2,0
303.3,,61.53,,132.96,,2019,0,1
385.54,,82.37,,28.81,,2021,1,0
413.88,,69.32,,18.67,,2022,1,0
395.93,,69.94,,15.9,,2023,2,1
330.91,,76.01,,22.66,,2021,2,0
431.56,,57.81,,9.99,,2022,0,1
461.53,,64.0,,58.08,,2022,1,1
431.59,,59.59,,29.82,,2024,3,0
434.43,,68.2,,58.47,,2024,1,1
349.24,,62.91,,12.33,,2024,0,0
439.18,,85.17,,8.0,,2020,2,0
388.02,,66.17,,142.3,,2024,0,0
408.14,,48.22,,30.14,,2021,5,0
400.1,,68.66,,8.0,,2022,0,0
373.32,,80.07,,8.0,,2023,1,0
332.7,,88.3,,23.96,,2022,1,0
375.48,,69.71,,49.91,,2021,1,0
434.27,,66.83,,21.22,,2020,0,0
355.72,,71.86,,72.06,,2022,1,1
429.13,,76.15,,16.76,,2024,1,1
420.54,,60.71,,8.0,,2023,1,0
363.56,,69.56,,8.0,,2022,2,1
456.38,,71.5,,82.41,,2021,1,0
360.44,,72.46,,174.91,,2018,0,0
463.03,,70.55,,8.0,,2020,1,1
403.88,,62.64,,8.0,,2020,1,1
379.13,,75.39,,103.24,,2022,1,0
331.17,,71.55,,8.0,,2024,1,0
375.15,,71.53,,10.89,,2021,2,0
368.79,,61.17,,67.94,,2023,2,0
310.79,,78.4,,240.0,,2021,2,0
368.03,,62.52,,27.95,,2024,1,0
335.79,,88.16,,9.94,,2020,0,1
412.23,,60.21,,79.04,,2022,4,1
451.85,,79.62,,21.06,,2020,2,1
312.52,,52.92,,13.37,,2020,3,1
474.18,,49.42,,28.31,,2019,0,0
372.93,,66.45,,81.33,,2019,3,0
326.37,,49.4,,11.14,,2023,0,1
421.68,,79.3,,23.16,,2023,1,0
355.45,,71.78,,24.67,,2019,2,1
375.5,,86.01,,75.11,,2020,2,0
357.76,,70.33,,47.34,,2021,2,1
335.08,,74.43,,63.69,,2024,2,1
419.82,,69.32,,49.65,,2022,0,1
364.25,,63.26,,37.72,,2019,1,0
300.98,,67.93,,8.0,,2021,1,1
410.31,,59.96,,75.16,,2023,0,1
313.69,,75.87,,39.26,,2024,1,0
316.57,,68.92,,50.73,,2023,5,0
445.59,,71.0,,63.36,,2020,0,0
314.2,,100.24,,15.69,,2024,0,1
252.6,,67.97,,24.15,,2018,0,0
414.26,,75.14,,32.73,,2022,1,0
363.29,,71.46,,17.63,,2021,1,0
368.03,,83.58,,12.56,,2024,1,1
362.7,,74.38,,62.99,,2018,3,1
392.74,,69.29,,58.86,,2021,4,1
338.6,,94.93,,74.87,,2021,0,1
461.19,,63.4,,50.11,,2022,2,1
298.81,,70.06,,15.69,,2024,0,0
404.47,,81.16,,16.63,,2023,2,1
415.32,,63.82,,31.51,,2019,0,0
338.22,,79.66,,75.83,,2024,1,0
323.69,,67.21,,17.85,,2023,1,1
435.94,,82.03,,60.99,,2018,3,0
325.5,,81.77,,15.32,,2024,0,1
346.63,,71.1,,17.36,,2018,1,0
428.8,,62.0,,58.62,,2023,0,0
381.91,,68.09,,47.67,,2023,3,1
281.16,,71.85,,9.81,,2023,0,1
476.09,,80.88,,73.69,,2024,0,1
350.85,,75.21,,64.48,,2019,1,0
357.85,,77.38,,67.06,,2022,0,0
394.07,,75.49,,26.69,,2022,2,1
414.38,,80.46,,16.73,,2021,2,0
487.86,,70.0,,79.62,,2022,2,0
288.7,,73.65,,37.26,,2022,1,0
425.43,,72.28,,112.28,,2023,0,0
420.87,,67.62,,12.3,,2020,1,1
372.46,,82.12,,156.0,,2018,1,0
423.3,,81.91,,20.02,,2024,2,0
431.39,,84.06,,20.38,,2021,3,0
303.99,,64.36,,11.46,,2023,3,1
476.24,,75.51,,140.83,,2021,1,0
294.27,,82.92,,8.0,,2018,0,1
317.56,,87.03,,26.93,,2020,4,0
365.6,,56.91,,19.11,,2019,1,0
485.87,,71.97,,8.0,,2024,1,0
363.05,,70.11,,52.46,,2020,0,1
378.24,,87.91,,96.01,,2024,3,1
458.76,,49.91,,11.72,,2023,1,0
363.48,,61.53,,28.92,,2021,1,0
315.19,,86.33,,36.26,,2022,3,1
357.05,,67.3,,20.79,,2024,2,1
455.39,,58.99,,106.9,,2023,2,0
383.9,,87.12,,26.0,,2023,2,1
486.19,,57.68,,170.59,,2022,1,0
420.59,,82.22,,14.69,,2022,2,0
344.54,,56.4,,8.0,,2024,1,0
382.81,,57.57,,35.93,,2023,1,0
333.07,,74.0,,72.81,,2022,2,0
343.24,,63.52,,20.65,,2024,2,0
626.35,,74.72,,8.6,,2022,2,0
436.02,,90.02,,56.29,,2022,0,1
427.36,,70.45,,13.27,,2023,0,0
345.73,,88.28,,61.68,,2020,0,1
466.33,,75.24,,12.78,,2020,0,1
440.47,,81.56,,34.22,,2023,0,0
,300.43,48.47,,91.83,,2020,0,0
480.82,,78.36,,9.62,,2022,1,0
298.65,,76.83,,72.18,,2024,2,0
318.96,,68.4,,12.96,,2021,0,0
324.79,,90.96,,45.39,,2023,1,1
328.08,,67.07,,11.73,,2021,0,0
397.79,,55.91,,8.0,,2018,0,0
348.83,,79.82,,45.81,,2019,0,0
493.99,,57.76,,37.95,,2022,2,0
484.76,,72.77,,21.56,,2021,3,1
379.64,,85.4,,8.0,,2022,2,0
487.54,,76.98,,27.09,,2022,0,0
461.85,,69.53,,8.0,,2024,3,0
355.21,,68.49,,18.71,,2022,1,0
269.49,,84.65,,37.06,,2024,0,0
368.01,,59.8,,117.71,,2024,3,0
344.55,,79.75,,30.07,,2024,0,0
391.36,,93.94,,9.1,,2022,4,1
384.91,,77.43,,122.76,,2021,0,0
383.47,,69.62,,8.0,,2023,1,1
408.8,,70.4,,43.24,,2021,1,0
313.31,,67.2,,12.78,,2024,0,1
402.62,,65.49,,59.51,,2019,1,0
355.82,,73.18,,16.9,,2023,1,0
391.0,,78.79,,23.52,,2022,0,0
432.66,,88.11,,61.8,,2023,1,0
312.66,,52.43,,95.8,,2019,2,0
364.53,,47.61,,8.47,,2024,1,1
373.48,,88.3,,14.76,,2023,1,0
351.72,,72.57,,8.0,,2021,6,1
429.49,,73.1,,81.56,,2024,3,0
340.38,,77.01,,123.48,,2022,1,1
349.45,,70.13,,13.76,,2020,0,0
340.95,,91.75,,20.39,,2022,1,0
440.06,,76.92,,23.53,,2021,0,0
352.92,,67.52,,22.14,,2023,2,0
405.3,,68.42,,20.96,,2018,0,1
488.66,,70.56,,27.13,,2024,1,0
375.88,,64.23,,8.0,,2022,3,0
441.16,,88.89,,8.0,,2019,2,0
471.92,,73.24,,54.0,,2023,0,1
436.5,,60.29,,78.73,,2024,0,1
379.08,,76.05,,69.79,,2024,1,0
415.32,,86.39,,41.38,,2020,1,0
309.19,,82.61,,145.64,,2020,0,0
337.1,,64.4,,8.0,,2024,2,0
346.74,,60.91,,16.17,,2020,1,1
503.23,,86.27,,15.59,,2021,1,0
335.31,,55.76,,18.07,,2023,2,0
334.49,,75.71,,67.59,,2021,0,0
322.58,,66.31,,18.19,,2021,2,0
410.79,,85.14,,31.45,,2023,0,0
387.84,,61.45,,39.97,,2022,1,1
439.77,,64.04,,78.41,,2024,1,1
416.92,,78.17,,40.18,,2023,4,1
304.08,,79.96,,20.17,,2023,1,0
335.6,,85.6,,49.84,,2020,3,0
455.09,,76.73,,30.44,,2021,1,1
368.82,,75.49,,31.57,,2020,0,1
445.32,,82.49,,17.14,,2019,1,0
371.77,,58.29,,8.0,,2024,2,0
326.78,,63.2,,18.47,,2018,3,1
363.32,,59.13,,15.14,,2023,0,1
326.76,,45.14,,8.0,,2024,1,0
348.89,,80.42,,9.3,,2020,0,1
391.05,,86.3,,166.22,,2024,1,0
408.14,,77.56,,13.79,,2024,2,1
292.54,,75.8,,30.67,,2022,2,0
379.04,,72.85,,33.48,,2023,0,1
347.74,,72.55,,34.48,,2020,2,0
344.34,,88.95,,8.0,,2024,1,1
387.3,,87.49,,61.99,,2023,0,1
349.73,,66.15,,55.05,,2022,2,1
456.02,,83.09,,158.79,,2022,1,0
445.34,,84.29,,8.58,,2023,3,1
445.0,,78.5,,33.89,,2020,4,0
352.78,,75.88,,68.41,,2022,1,0
327.06,,75.53,,8.0,,2019,2,0
384.51,,57.18,,65.46,,2023,1,0
371.73,,56.29,,13.22,,2022,0,0
346.51,,79.83,,13.85,,2021,2,1
315.33,,61.0,,122.27,,2019,0,0
377.72,,58.11,,15.82,,2022,1,1
357.78,,51.25,,36.86,,2022,1,0
417.86,,67.24,,24.36,,2021,1,1
416.58,,75.74,,8.0,,2022,0,1
440.54,,76.55,,126.23,,2019,0,0
310.74,,80.51,,10.1,,2019,0,0
402.06,,68.09,,13.09,,2020,0,1
339.99,,73.07,,19.89,,2022,1,0
312.88,,80.46,,28.99,,2021,1,1
356.43,,76.64,,8.0,,2020,0,1
438.78,,66.15,,41.75,,2023,1,0
359.52,,75.0,,30.37,,2022,1,0
466.1,,52.16,,15.16,,2021,1,0
410.19,,72.0,,49.55,,2024,0,0
358.33,,65.82,,30.31,,2021,1,1
443.8,,87.19,,77.15,,2020,2,0
404.5,,62.23,,81.22,,2024,4,0
328.71,,73.17,,164.53,,2023,2,0
482.23,,67.71,,8.0,,2023,1,1
394.27,,66.42,,21.82,,2024,1,0
381.03,,75.77,,29.24,,2023,0,0
332.95,,67.82,,11.19,,2024,1,0
444.87,,90.52,,107.16,,2020,1,1
408.45,,52.25,,8.0,,2023,3,0
414.61,,78.31,,23.5,,2023,2,1
352.09,,71.15,,8.6,,2021,1,0
425.88,,71.5,,48.14,,2024,2,0
430.15,,75.02,,51.27,,2024,1,0
343.22,,81.98,,86.51,,2024,0,0
302.07,,74.65,,22.09,,2020,0,1
411.98,,82.01,,62.67,,2018,4,0
293.47,,72.46,,33.5,,2018,1,0
388.36,,61.66,,70.26,,2024,2,1
355.4,,71.11,,8.0,,2022,2,0
447.03,,83.53,,26.15,,2021,2,1
358.39,,67.89,,8.0,,2024,3,0
440.9,,61.17,,65.62,,2023,2,1
351.72,,78.19,,8.0,,2023,0,1
435.0,,75.37,,8.0,,2023,2,0
493.32,,64.29,,111.4,,2022,3,0
321.26,,69.67,,27.84,,2020,2,0
396.06,,70.18,,176.93,,2024,1,1
531.18,,72.06,,25.34,,2024,0,0
383.66,,78.47,,37.53,,2020,1,0
383.4,,67.95,,57.26,,2021,2,1
423.37,,78.98,,13.84,,2024,0,1
382.26,,66.67,,8.0,,2024,0,1
286.1,,88.66,,45.45,,2023,0,1
442.28,,88.88,,30.02,,2019,0,0
269.84,,63.44,,73.64,,2022,1,1
357.08,,59.74,,8.0,,2023,1,0
446.41,,81.78,,33.05,,2022,2,0
360.39,,74.58,,8.63,,2023,1,0
341.85,,77.52,,40.34,,2018,0,0
428.36,,65.45,,60.02,,2020,2,0
333.19,,70.68,,12.82,,2023,3,0
312.78,,68.55,,27.61,,2020,1,0
395.1,,75.04,,22.89,,2024,0,0
369.94,,59.54,,59.05,,2021,1,0
311.6,,71.01,,38.47,,2020,2,0
415.03,,59.44,,8.0,,2020,0,0
405.55,,66.84,,157.98,,2020,3,0
360.21,,71.03,,102.24,,2021,0,0
363.98,,77.07,,36.31,,2022,0,0
405.87,,77.9,,63.11,,2024,1,1
445.47,,79.61,,8.0,,2024,0,0
364.45,,57.17,,9.45,,2022,2,1
416.01,,84.64,,61.34,,2023,1,0
411.09,,65.55,,8.0,,2022,1,0
428.36,,66.28,,8.0,,2021,0,0
382.16,,74.69,,40.17,,2022,2,0
329.82,,68.63,,8.0,,2020,0,1
354.56,,75.62,,8.49,,2021,0,1
398.86,,77.47,,8.0,,2020,2,1
480.02,,64.37,,32.09,,2024,2,0
353.38,,70.16,,47.46,,2020,1,1
424.26,,70.46,,8.5,,2023,0,1
361.96,,81.58,,26.57,,2019,2,1
386.08,,67.35,,8.0,,2023,1,1
463.35,,66.91,,12.91,,2023,0,0
422.04,,61.78,,8.31,,2019,1,1
311.73,,62.9,,8.0,,2023,0,0
348.51,,58.49,,10.71,,2022,1,1
449.09,,64.97,,68.73,,2023,1,1
387.8,,87.94,,125.61,,2023,2,0
316.81,,78.91,,51.42,,2020,3,0
334.96,,84.77,,8.0,,2023,2,1
418.69,,62.5,,41.55,,2023,2,0
434.69,,52.52,,55.64,,2023,2,0
380.98,,75.16,,8.0,,2022,0,0
516.14,,90.54,,14.64,,2024,1,0
425.33,,67.15,,23.49,,2024,0,0
366.61,,73.02,,15.63,,2021,1,1
335.14,,56.3,,30.68,,2022,0,0
326.38,,72.28,,8.0,,2022,0,0
398.45,,70.75,,24.71,,2022,0,0
353.12,,51.07,,55.51,,2024,2,1
472.06,,61.63,,25.95,,2023,0,0
460.65,,60.83,,9.92,,2022,0,0
414.82,,56.2,,68.04,,2023,0,1
315.16,,64.75,,21.06,,2024,0,0
343.03,,77.09,,23.25,,2022,1,0
449.06,,65.67,,18.59,,2020,2,0
349.03,,83.48,,14.37,,2024,1,1
441.72,,68.37,,38.69,,2024,2,1
406.1,,75.26,,8.74,,2022,1,1
382.84,,76.97,,61.59,,2023,0,0
341.34,,87.34,,27.6,,2019,2,0
374.82,,64.84,,90.33,,2018,0,1
390.43,,76.42,,117.39,,2019,1,1
436.79,,62.53,,20.28,,2023,0,0
331.28,,89.22,,8.0,,2022,1,1
365.55,,61.6,,29.56,,2023,1,0
382.47,,75.84,,13.24,,2022,0,0
416.45,,87.59,,23.35,,2020,2,0
330.03,,60.03,,19.9,,2024,2,1
307.59,,77.95,,25.15,,2020,0,0
417.07,,62.07,,28.99,,2020,2,0
296.51,,95.28,,41.47,,2023,0,0
450.67,,53.09,,8.0,,2024,1,1
371.42,,56.83,,12.44,,2024,2,0
294.89,,60.78,,8.0,,2022,0,0
353.58,,61.11,,52.06,,2023,0,1
400.85,,77.21,,75.0,,2024,1,1
350.7,,90.0,,54.34,,2020,0,0
381.1,,83.55,,154.37,,2021,2,0
420.7,,74.34,,8.0,,2023,0,0
368.88,,72.1,,26.25,,2024,1,0
328.46,,65.94,,96.44,,2021,1,0
363.56,,75.91,,16.14,,2023,0,0
457.82,,69.91,,68.09,,2019,2,0
472.68,,73.89,,34.65,,2024,0,0
268.9,,64.59,,161.38,,2024,1,0
440.01,,59.98,,19.47,,2024,1,1
393.76,,72.25,,22.67,,2024,2,0
430.82,,72.03,,8.0,,2024,0,0
349.72,,66.04,,8.0,,2020,1,0
282.75,,64.33,,82.88,,2022,2,1
412.15,,77.58,,21.97,,2020,1,0
328.25,,76.55,,40.69,,2018,1,1
303.64,,90.77,,58.6,,2020,2,1
307.49,,85.81,,24.22,,2024,0,0
413.05,,60.06,,129.13,,2023,1,0
387.67,,70.09,,116.9,,2023,1,0
423.04,,58.35,,47.87,,2022,3,0
416.8,,53.61,,224.31,,2018,1,0
356.85,,93.95,,8.0,,2021,2,1
376.12,,86.8,,8.0,,2022,1,1
351.87,,65.7,,8.0,,2021,1,0
368.43,,84.43,,120.7,,2022,2,0
326.8,,85.92,,38.99,,2023,2,0
401.48,,52.8,,110.34,,2019,3,0
439.13,,80.51,,8.0,,2024,0,0
335.09,,67.08,,8.0,,2022,2,0
450.47,,75.83,,32.91,,2024,1,0
386.24,,102.1,,8.09,,2022,1,1
393.26,,87.85,,82.53,,2023,2,1
286.53,,70.72,,22.91,,2024,1,0
280.6,,86.22,,61.81,,2023,3,0
387.93,,52.78,,30.52,,2022,0,0
423.44,,77.04,,31.59,,2022,3,1
343.07,,77.27,,48.1,,2020,0,0
471.86,,79.06,,17.16,,2023,2,0
420.42,,66.92,,124.86,,2018,1,0
330.04,,75.82,,21.48,,2022,0,0
381.7,,80.56,,21.32,,2022,0,0
516.23,,48.77,,51.62,,2022,1,0
311.66,,68.84,,42.47,,2022,3,0
409.05,,62.97,,229.67,,2020,0,0
362.25,,78.62,,79.74,,2019,0,1
418.88,,85.78,,14.07,,2022,1,0
449.7,,65.88,,8.0,,2024,2,0
358.76,,61.11,,8.0,,2020,0,0
441.54,,73.17,,18.85,,2021,2,0
502.17,,60.47,,27.24,,2024,0,0
383.65,,69.74,,42.58,,2021,1,1
423.17,,68.68,,81.9,,2021,3,0
347.53,,77.8,,191.53,,2019,0,0
381.06,,75.15,,22.07,,2018,1,0
370.28,,73.61,,33.13,,2023,0,1
423.83,,88.37,,38.56,,2020,2,0
446.26,,74.7,,34.34,,2022,0,0
373.97,,67.82,,8.0,,2022,4,0
464.35,,69.05,,8.0,,2019,4,0
464.15,,64.36,,92.23,,2022,5,0
426.58,,61.81,,47.28,,2020,0,1
351.62,,58.11,,47.69,,2024,3,1
346.35,,83.34,,70.82,,2021,1,1
335.32,,64.82,,8.0,,2023,1,0
432.2,,75.16,,22.55,,2023,1,0
313.35,,69.0,,11.9,,2020,1,1
417.23,,71.71,,45.41,,2022,1,0
320.54,,83.54,,10.16,,2024,2,1
425.3,,73.77,,49.48,,2019,3,1
380.95,,62.77,,20.62,,2023,1,1
453.35,,66.36,,24.31,,2020,2,0
442.78,,80.6,,71.56,,2020,4,0
458.93,,76.83,,17.97,,2023,0,0
460.35,,81.22,,12.45,,2023,3,0
387.9,,69.61,,79.75,,2023,1,1
316.27,,58.04,,48.57,,2022,1,1
322.11,,77.07,,21.73,,2023,2,1
265.22,,74.53,,28.99,,2023,1,0
320.4,,74.79,,17.95,,2020,1,1
383.79,,58.18,,33.65,,2019,1,0
349.22,,65.6,,8.0,,2018,2,0
370.09,,62.62,,92.11,,2018,2,0
407.1,,75.99,,33.92,,2019,2,0
363.28,,76.34,,20.44,,2022,1,0
318.3,,71.57,,35.6,,2018,0,0
377.07,,81.68,,8.0,,2021,1,0
330.58,,86.91,,8.0,,2023,1,1
365.11,,75.53,,33.36,,2019,1,0
453.85,,78.71,,8.0,,2023,1,0
365.12,,66.58,,45.42,,2020,3,0
477.4,,64.75,,67.65,,2020,1,0
458.74,,82.1,,187.07,,2020,2,1
348.14,,63.25,,61.59,,2021,1,0
318.89,,78.97,,153.49,,2022,2,0
377.11,,89.19,,8.0,,2023,3,1
443.43,,78.53,,34.37,,2023,3,0
353.04,,71.19,,8.0,,2018,1,1
429.94,,58.6,,11.81,,2020,2,1
446.46,,73.63,,55.7,,2023,2,1
337.43,,82.09,,12.24,,2023,1,0
342.82,,70.21,,8.33,,2024,1,0
419.2,,82.21,,19.53,,2021,0,0
388.35,,75.65,,8.0,,2020,3,0
342.27,,74.91,,8.0,,2022,1,0
360.63,,68.83,,8.0,,2019,1,1
376.12,,57.44,,10.76,,2023,1,1
293.93,,67.75,,85.92,,2022,0,1
422.11,,67.67,,14.7,,2023,0,1
353.67,,77.75,,13.44,,2020,3,0
226.9,,71.85,,8.0,,2022,1,0
378.69,,82.83,,8.0,,2021,2,0
339.21,,74.81,,8.0,,2022,1,0
472.89,,66.96,,53.91,,2022,0,0
347.8,,63.85,,147.06,,2023,4,1
319.63,,65.97,,57.2,,2024,0,0
407.94,,73.61,,80.59,,2020,0,1
343.68,,68.27,,64.9,,2022,1,0
337.13,,61.24,,14.74,,2019,0,0
408.02,,82.07,,55.18,,2021,2,0
322.77,,73.52,,58.32,,2021,1,0
299.85,,74.75,,12.56,,2022,2,0
474.93,,63.77,,106.43,,2024,1,0
411.87,,61.58,,240.0,,2024,1,0
365.47,,70.38,,34.61,,2019,3,0
379.81,,51.72,,15.99,,2022,1,0
407.82,,79.8,,18.59,,2021,4,1
433.53,,64.96,,36.68,,2021,4,0
338.42,,69.32,,8.0,,2023,4,0
400.14,,76.27,,15.48,,2020,0,0
352.13,,69.75,,8.0,,2023,0,1
369.61,,60.32,,41.1,,2024,6,1
388.84,,87.06,,38.91,,2023,1,0
379.63,,56.67,,37.55,,2022,1,0
420.46,,49.63,,8.0,,2019,2,1
406.79,,80.75,,121.48,,2019,1,0
297.05,,57.41,,32.09,,2023,3,0
305.32,,84.53,,34.09,,2019,1,0
359.67,,75.77,,33.0,,2022,0,0
480.57,,74.83,,31.21,,2024,1,0
333.16,,66.31,,117.08,,2022,3,0
368.55,,63.75,,38.7,,2021,1,1
350.5,,68.24,,27.88,,2020,1,0
349.53,,63.23,,61.08,,2022,1,0
389.8,,84.08,,12.16,,2021,0,0
457.04,,64.57,,8.95,,2024,0,0
405.08,,77.06,,24.29,,2018,0,0
335.81,,82.05,,8.0,,2024,0,0
531.43,,63.19,,14.59,,2020,1,1
384.32,,75.77,,22.88,,2022,0,0
348.25,,63.06,,36.31,,2021,1,0
457.67,,70.26,,32.91,,2024,0,1
354.2,,67.41,,19.23,,2023,0,0
471.46,,65.05,,17.66,,2020,3,1
332.11,,73.58,,8.0,,2022,2,1
458.65,,59.86,,89.44,,2024,3,0
391.06,,81.29,,11.05,,2020,3,0
451.01,,61.18,,18.61,,2024,0,0
484.6,,59.33,,8.0,,2023,1,0
317.71,,69.48,,132.0,,2021,1,0
450.17,,68.27,,28.66,,2018,3,0
302.51,,75.56,,8.0,,2020,1,1
322.4,,72.85,,12.15,,2022,0,0
335.81,,55.73,,88.79,,2022,0,1
407.7,,81.87,,19.79,,2019,0,0
381.82,,69.23,,49.11,,2021,1,0
370.81,,74.41,,39.96,,2021,1,1
388.04,,94.02,,26.82,,2024,1,0
412.52,,84.86,,75.23,,2024,3,0
416.75,,74.11,,8.0,,2023,2,0
440.18,,58.27,,102.28,,2021,0,0
480.1,,58.44,,53.17,,2023,1,0
378.83,,83.62,,83.71,,2024,0,0
351.34,,67.98,,8.0,,2019,1,1
413.74,,70.32,,8.0,,2021,0,1
317.07,,60.55,,9.68,,2022,3,0
342.67,,76.46,,37.81,,2021,2,0
434.97,,83.41,,8.0,,2024,5,1
373.17,,87.24,,112.63,,2021,2,0
313.55,,67.52,,57.99,,2024,0,0
298.06,,78.45,,69.22,,2024,2,0
382.68,,71.05,,36.82,,2020,1,1
442.8,,80.8,,41.87,,2019,3,0
442.07,,71.96,,10.49,,2023,0,0
386.1,,63.76,,101.15,,2021,3,0
490.49,,85.2,,43.96,,2020,2,0
374.23,,72.99,,22.72,,2024,3,0
372.38,,68.49,,89.64,,2019,2,0
238.79,,73.78,,83.74,,2024,3,1
355.4,,64.63,,8.0,,2022,1,0
426.86,,76.15,,108.7,,2019,2,1
466.02,,70.04,,18.97,,2021,1,0
334.34,,64.05,,23.03,,2022,0,0
405.42,,95.77,,8.0,,2020,0,1
437.58,,61.93,,88.21,,2019,0,0
380.62,,75.53,,32.54,,2021,4,0
254.42,,72.57,,99.18,,2022,1,0
393.6,,61.74,,63.75,,2023,2,0
421.88,,68.63,,95.87,,2024,1,0
327.89,,58.57,,124.38,,2020,1,1
366.02,,92.66,,91.17,,2018,0,0
316.45,,69.32,,9.89,,2024,1,0
238.64,,70.17,,8.0,,2020,1,0
436.49,,91.45,,40.67,,2023,1,1
379.79,,63.76,,8.0,,2023,1,0
467.87,,84.94,,83.52,,2019,3,0
427.15,,77.93,,123.74,,2024,1,0
360.52,,52.21,,8.0,,2020,2,1
375.43,,68.29,,11.3,,2023,1,1
411.14,,76.37,,41.22,,2021,2,0
433.18,,72.36,,54.26,,2023,3,1
397.75,,72.38,,30.16,,2024,2,0
440.81,,65.93,,19.34,,2018,1,0
363.68,,64.87,,15.34,,2022,4,1
325.16,,68.92,,46.05,,2021,0,1
376.44,,91.61,,57.32,,2024,3,0
391.29,,62.92,,14.32,,2022,0,0
313.92,,67.18,,16.57,,2021,0,0
306.48,,72.29,,25.89,,2020,2,0
404.61,,57.37,,25.13,,2021,2,1
357.65,,76.32,,77.67,,2024,1,1
370.88,,59.12,,24.12,,2024,0,0
360.22,,61.13,,161.09,,2021,0,0
463.63,,60.65,,15.64,,2023,2,1
449.4,,55.59,,49.57,,2024,1,0
311.95,,84.68,,59.75,,2023,1,1
350.7,,77.22,,41.8,,2021,2,0
426.75,,81.22,,19.21,,2018,0,0
413.11,,80.31,,12.5,,2023,1,0
377.72,,70.32,,38.94,,2021,5,1
317.43,,71.7,,45.14,,2020,3,1
342.46,,82.14,,12.51,,2019,1,1
351.58,,88.38,,17.23,,2019,2,1
395.23,,59.42,,83.2,,2019,2,1
473.7,,97.2,,69.86,,2022,2,0
342.22,,58.84,,8.53,,2023,0,0
323.57,,67.38,,113.75,,2024,1,0
374.03,,72.74,,41.54,,2023,2,0
436.75,,73.66,,28.84,,2019,1,0
300.42,,91.64,,9.42,,2024,1,1
459.95,,82.12,,55.02,,2018,0,0
370.54,,76.13,,106.5,,2023,2,1
339.61,,82.35,,8.0,,2024,1,1
291.99,,75.46,,30.89,,2024,0,0
418.86,,65.25,,88.06,,2023,2,1
370.59,,76.86,,128.0,,2022,3,1
389.39,,72.68,,8.0,,2024,0,0
330.46,,63.57,,65.76,,2023,1,0
362.45,,84.63,,13.88,,2024,0,0
353.24,,71.46,,32.75,,2020,2,1
374.47,,60.79,,64.31,,2023,1,1
343.17,,62.37,,33.09,,2018,1,0
295.62,,77.35,,8.0,,2024,0,0
530.07,,82.49,,37.5,,2022,0,0
305.01,,76.82,,8.0,,2021,4,0
389.98,,76.86,,17.93,,2021,1,0
282.54,,63.9,,34.31,,2024,2,1
270.16,,72.93,,199.82,,2024,2,1
385.38,,68.7,,54.52,,2023,1,1
389.59,,70.05,,15.18,,2022,2,1
449.38,,70.88,,87.86,,2021,2,0
401.98,,65.4,,10.77,,2022,2,0
371.76,,79.52,,20.35,,2022,2,0
327.77,,61.91,,43.74,,2024,0,0
462.45,,59.01,,22.2,,2024,1,1
431.09,,64.15,,54.93,,2024,0,0
311.45,,80.83,,44.17,,2023,5,0
382.09,,75.39,,46.22,,2022,3,0
387.92,,54.17,,22.9,,2023,1,0
360.99,,77.97,,8.0,,2023,2,0
422.45,,71.51,,86.57,,2020,1,1
425.75,,67.83,,8.0,,2024,0,0
369.52,,69.58,,26.19,,2024,1,0
364.55,,58.66,,15.1,,2023,0,0
462.44,,73.73,,14.76,,2023,2,0
431.31,,59.32,,10.79,,2020,3,0
383.98,,68.5,,13.31,,2023,1,1
290.39,,68.51,,130.57,,2023,4,0
398.92,,79.7,,150.25,,2021,1,0
418.39,,72.4,,35.54,,2019,2,0
228.5,,79.06,,31.24,,2022,2,0
393.85,,60.04,,8.0,,2024,1,0
357.08,,70.92,,68.39,,2023,2,0
367.85,,77.3,,8.0,,2021,0,0
330.09,,84.42,,8.0,,2020,3,1
371.85,,60.61,,23.17,,2022,1,1
456.56,,63.59,,17.93,,2023,0,1
355.45,,77.05,,8.0,,2023,1,0
433.11,,88.12,,8.0,,2024,1,0
335.65,,74.86,,204.6,,2021,2,0
421.73,,60.9,,55.75,,2022,0,1
380.09,,61.1,,38.33,,2021,2,0
399.36,,73.35,,15.2,,2023,0,0
380.39,,75.58,,23.49,,2022,0,0
415.29,,69.79,,41.53,,2022,0,1
238.78,,61.21,,64.42,,2024,0,0
301.91,,83.01,,122.91,,2023,1,1
402.94,,68.51,,8.0,,2022,2,0
267.61,,77.27,,8.94,,2021,1,0
350.82,,54.27,,35.21,,2023,1,0
377.01,,84.01,,117.12,,2024,2,1
334.45,,65.15,,25.3,,2022,1,0
341.96,,85.45,,42.21,,2018,3,1
394.94,,78.13,,14.61,,2024,0,0
435.51,,57.71,,70.14,,2020,1,0
327.29,,74.46,,39.04,,2024,3,0
348.37,,88.57,,20.2,,2024,1,0
339.78,,66.02,,32.85,,2023,1,0
246.82,,88.58,,49.84,,2024,2,0
387.79,,75.86,,10.09,,2021,1,1
431.41,,85.4,,17.54,,2024,0,1
435.92,,73.59,,12.11,,2022,1,0
332.11,,70.76,,135.36,,2020,1,1
311.16,,90.37,,8.0,,2021,1,1
381.19,,79.21,,8.0,,2023,0,1
425.61,,69.65,,18.47,,2024,2,0
388.52,,76.24,,32.43,,2024,0,0
395.91,,66.35,,16.75,,2020,2,0
442.8,,73.08,,81.67,,2024,1,0
339.35,,83.96,,8.0,,2022,0,1
367.9,,70.38,,19.05,,2024,1,0
469.9,,63.25,,28.11,,2022,0,1
369.18,,62.33,,9.49,,2021,2,0
310.3,,72.74,,14.39,,2019,2,1
343.19,,63.92,,123.7,,2023,4,0
328.4,,57.67,,30.85,,2018,3,0
399.64,,60.01,,85.58,,2024,0,1
330.72,,83.75,,13.18,,2021,1,0
394.91,,70.58,,39.8,,2023,1,0
339.52,,72.58,,60.51,,2022,1,0
263.21,,62.33,,22.99,,2023,0,1
396.86,,66.19,,41.16,,2019,1,0
388.17,,65.86,,83.55,,2020,0,1
408.48,,69.23,,8.0,,2024,0,0
342.99,,55.42,,18.4,,2022,2,1
337.13,,82.9,,72.94,,2022,0,0
402.08,,71.84,,11.03,,2022,1,0
463.55,,74.02,,34.11,,2024,1,0
380.61,,81.14,,24.2,,2020,2,0
403.35,,80.38,,45.92,,2024,2,0
362.31,,66.25,,46.31,,2019,2,0
295.1,,78.04,,36.28,,2024,0,0
433.21,,77.94,,123.2,,2024,1,1
429.96,,75.16,,8.1,,2023,0,1
419.09,,82.61,,75.7,,2021,0,0
369.99,,80.0,,28.23,,2019,0,0
412.84,,79.27,,45.53,,2022,3,1
429.16,,85.65,,13.43,,2023,1,0
469.11,,72.29,,8.0,,2024,0,0
434.37,,72.58,,63.16,,2022,1,1
383.51,,80.19,,12.18,,2022,2,1
308.05,,70.22,,20.78,,2024,2,0
388.56,,76.82,,8.0,,2018,3,0
394.11,,66.4,,44.12,,2021,1,1
419.0,,49.21,,48.85,,2022,0,1
454.46,,77.98,,97.41,,2023,2,0
374.77,,56.51,,93.1,,2019,1,0
495.55,,65.01,,51.29,,2024,1,1
283.24,,80.2,,16.33,,2021,1,0
403.06,,80.32,,19.72,,2020,2,0
336.08,,83.75,,20.19,,2022,4,1
275.1,,51.8,,8.0,,2020,0,0
368.9,,74.96,,123.6,,2021,0,1
299.86,,69.42,,71.6,,2024,0,1
371.12,,81.88,,8.0,,2023,0,1
381.91,,86.76,,122.95,,2021,0,1
441.52,,58.91,,77.82,,2022,1,0
297.08,,72.16,,105.48,,2022,1,0
429.96,,80.33,,14.13,,2022,6,1
385.39,,68.62,,17.17,,2021,1,1
436.59,,89.46,,26.66,,2022,1,1
356.25,,67.99,,10.66,,2023,0,0
306.73,,69.0,,26.3,,2023,0,0
313.04,,61.27,,8.0,,2024,0,1
308.95,,73.54,,88.2,,2020,1,0
406.28,,41.82,,8.0,,2023,3,0
461.23,,69.52,,29.18,,2024,3,1
348.93,,84.69,,110.99,,2019,2,0
414.6,,58.03,,72.25,,2022,1,1
296.21,,55.82,,62.86,,2024,1,0
389.92,,83.16,,39.06,,2019,1,0
416.77,,84.52,,24.07,,2021,1,1
300.35,,58.44,,24.81,,2019,0,1
368.79,,89.33,,8.0,,2022,2,0
419.38,,76.32,,8.0,,2024,1,1
218.64,,82.49,,77.88,,2020,0,0
453.45,,64.08,,22.06,,2020,5,0
399.45,,86.89,,8.0,,2022,0,0
419.42,,69.32,,45.69,,2021,0,1
357.3,,68.88,,48.29,,2024,1,0
285.25,,76.82,,10.84,,2020,1,0
409.37,,68.08,,22.21,,2024,0,1
375.46,,56.79,,35.78,,2024,0,0
381.77,,73.32,,38.1,,2018,0,0
439.82,,68.82,,30.06,,2021,1,1
421.91,,64.32,,19.02,,2024,1,1
485.67,,84.41,,8.0,,2024,1,0
388.46,,95.92,,8.0,,2022,1,0
341.98,,62.81,,25.84,,2022,2,0
369.64,,73.97,,9.53,,2019,1,0
402.86,,68.02,,117.12,,2023,2,1
435.87,,94.88,,42.96,,2019,2,0
299.31,,76.92,,36.99,,2023,0,1
380.47,,81.27,,21.92,,2019,0,1
468.52,,83.82,,16.79,,2022,0,0
366.79,,73.3,,8.33,,2021,0,0
431.21,,70.14,,8.0,,2022,2,0
407.12,,87.19,,42.27,,2022,1,0
432.57,,79.78,,63.44,,2020,2,1
335.46,,63.54,,81.91,,2020,1,1
335.7,,64.76,,54.12,,2019,2,0
381.11,,68.1,,95.45,,2023,4,1
295.73,,83.59,,170.66,,2019,3,0
365.16,,86.73,,136.98,,2023,3,1
393.91,,93.52,,37.68,,2024,2,1
478.15,,64.91,,10.66,,2024,1,1
402.15,,73.4,,8.0,,2021,1,0
414.39,,68.0,,214.35,,2020,0,0
444.05,,70.18,,15.49,,2024,0,0
326.94,,81.3,,8.0,,2022,3,0
370.92,,71.54,,20.83,,2021,0,0
513.4,,85.16,,57.91,,2019,0,1
375.65,,66.84,,93.01,,2020,1,0
441.4,,79.41,,27.27,,2023,2,0
433.01,,67.57,,14.62,,2020,2,0
298.7,,53.63,,63.29,,2020,1,0
397.08,,61.79,,29.43,,2021,0,0
388.07,,73.24,,8.0,,2024,3,1
398.15,,91.21,,91.86,,2022,1,0
338.52,,67.4,,44.8,,2023,2,0
318.57,,70.31,,8.0,,2023,2,0
353.82,,76.9,,8.0,,2024,2,0
374.62,,66.01,,8.0,,2023,1,0
445.17,,67.16,,72.48,,2019,2,0
479.95,,72.72,,27.57,,2020,1,0
456.81,,67.63,,17.15,,2023,1,0
427.31,,54.17,,12.04,,2020,0,0
324.76,,65.5,,29.69,,2024,1,0
357.51,,78.15,,8.0,,2024,2,1
391.55,,78.46,,40.33,,2022,0,0
345.22,,85.36,,20.11,,2021,1,0
411.75,,84.56,,82.11,,2019,0,1
419.63,,63.0,,58.97,,2024,2,0
409.5,,64.55,,8.0,,2022,2,1
436.38,,64.99,,8.0,,2023,1,0
330.25,,70.48,,26.99,,2020,0,1
431.31,,65.77,,45.15,,2022,1,0
341.74,,70.25,,52.74,,2023,0,0
328.25,,63.28,,71.15,,2022,0,0
409.27,,79.84,,8.0,,2021,0,0
446.87,,62.52,,8.0,,2023,0,1
406.84,,62.02,,38.54,,2024,0,1
381.14,,77.2,,54.04,,2023,2,0
397.06,,79.22,,64.89,,2022,1,0
387.5,,69.75,,8.0,,2024,3,0
318.07,,80.69,,145.54,,2022,1,0
311.66,,79.97,,10.95,,2022,2,0
375.66,,90.99,,12.1,,2022,1,1
384.39,,79.33,,8.0,,2021,0,0
380.62,,89.07,,8.0,,2019,1,0
417.19,,72.62,,69.69,,2021,1,1
368.15,,86.0,,8.0,,2023,1,0
410.96,,86.21,,26.17,,2022,0,0
372.05,,70.57,,8.0,,2024,2,0
480.28,,65.11,,8.0,,2020,1,0
384.44,,66.87,,114.58,,2020,1,0
508.74,,76.15,,73.3,,2023,0,1
399.36,,60.5,,21.1,,2024,0,0
368.25,,67.46,,25.77,,2023,1,1
330.53,,83.97,,85.08,,2022,2,1
300.64,,78.67,,66.94,,2024,2,0
325.47,,48.47,,49.41,,2023,0,1
331.62,,58.67,,32.3,,2024,2,0
401.72,,93.59,,39.31,,2024,1,1
351.06,,83.8,,20.99,,2022,2,0
390.28,,66.17,,31.54,,2022,3,0
450.51,,57.12,,32.59,,2023,1,0
375.17,,59.5,,84.05,,2024,0,0
494.35,,77.09,,10.36,,2024,2,0
315.33,,91.77,,11.89,,2018,1,1
371.72,,91.13,,9.95,,2022,3,0
350.34,,56.24,,36.35,,2024,0,0
431.51,,69.04,,49.89,,2018,5,1
256.81,,63.43,,11.44,,2023,1,0
300.63,,73.37,,47.46,,2024,1,0
374.1,,58.69,,41.54,,2021,1,1
465.33,,66.54,,16.26,,2023,2,0
392.42,,63.33,,10.97,,2021,2,1
305.66,,77.24,,89.69,,2023,1,0
314.16,,66.85,,35.41,,2024,0,0
472.01,,68.29,,51.12,,2021,1,0
345.84,,77.11,,108.98,,2024,1,0
328.14,,88.43,,9.66,,2021,1,0
461.26,,93.16,,18.13,,2021,3,0
435.61,,76.56,,23.94,,2023,4,1
450.07,,71.11,,11.14,,2021,0,0
327.75,,85.16,,77.08,,2021,0,0
296.12,,83.67,,8.0,,2020,4,0
387.32,,80.82,,11.48,,2019,0,0
398.43,,56.21,,8.9,,2024,0,0
400.05,,84.08,,128.77,,2022,0,1
461.3,,75.58,,41.46,,2023,0,0
284.64,,63.06,,52.9,,2022,3,0
427.28,,65.28,,8.0,,2021,1,0
319.69,,77.82,,9.06,,2022,2,0
427.07,,46.88,,69.73,,2019,0,0
353.88,,70.75,,35.23,,2023,1,0
335.23,,65.45,,8.0,,2022,2,0
346.46,,64.43,,35.03,,2019,1,0
300.49,,67.43,,27.09,,2023,1,1
382.22,,57.21,,8.0,,2020,1,0
337.5,,82.52,,37.75,,2020,0,1
423.25,,50.72,,8.02,,2024,1,0
415.2,,73.69,,70.07,,2019,0,1
472.85,,63.52,,40.47,,2023,0,0
400.15,,91.84,,86.12,,2023,0,0
408.64,,72.23,,23.22,,2022,0,1
457.01,,50.77,,30.13,,2019,0,0
345.48,,77.47,,60.04,,2021,2,0
298.15,,61.07,,33.19,,2020,0,0
391.01,,81.85,,35.64,,2024,2,0
301.76,,78.18,,33.85,,2019,3,1
514.97,,86.73,,28.39,,2018,2,0
460.05,,73.87,,68.81,,2020,1,1
499.02,,80.19,,27.89,,2023,3,0
383.43,,72.43,,97.04,,2024,1,1
410.28,,66.1,,69.45,,2023,0,0
354.73,,82.66,,49.52,,2022,1,0
428.56,,59.7,,96.15,,2023,0,0
313.15,,71.64,,32.35,,2023,0,1
240.13,,66.31,,72.45,,2024,0,0
336.51,,80.42,,11.63,,2022,1,1
299.95,,62.53,,8.0,,2020,0,0
461.29,,67.91,,48.52,,2019,1,0
479.86,,72.44,,15.08,,2023,1,0
302.84,,86.88,,42.28,,2024,1,1
451.04,,66.67,,8.0,,2023,0,1
432.33,,67.99,,130.85,,2023,1,0
293.66,,58.52,,30.4,,2022,0,0
358.54,,62.17,,8.0,,2020,0,0
348.09,,76.13,,27.15,,2021,2,0
421.14,,72.32,,65.49,,2021,1,1
312.42,,72.48,,84.17,,2023,2,0
374.56,,89.41,,25.98,,2024,0,0
342.27,,55.28,,8.0,,2020,0,0
406.03,,95.18,,99.38,,2018,0,0
368.08,,83.78,,166.84,,2022,3,0
350.56,,68.74,,8.0,,2024,1,0
368.27,,75.91,,8.0,,2024,3,0
491.98,,65.17,,35.02,,2022,0,0
357.07,,75.19,,32.06,,2020,1,0
322.74,,93.5,,37.31,,2023,2,1
412.09,,65.54,,16.02,,2020,3,0
372.11,,69.68,,8.0,,2024,1,0
302.16,,64.43,,36.47,,2024,2,0
502.73,,66.04,,8.0,,2021,2,0
360.61,,67.97,,17.53,,2020,1,0
359.22,,61.05,,36.68,,2019,2,0
388.79,,69.36,,9.82,,2023,0,0
475.16,,72.54,,32.84,,2024,0,0
287.61,,67.97,,52.68,,2022,1,0
395.18,,49.01,,8.0,,2021,1,1
494.8,,70.46,,40.58,,2024,3,0
387.08,,71.53,,29.91,,2023,0,0
312.06,,90.98,,8.0,,2019,2,0
345.99,,72.27,,51.46,,2021,1,0
391.38,,81.36,,15.64,,2021,1,0
453.19,,67.74,,8.45,,2020,1,0
361.34,,84.98,,13.94,,2024,0,0
425.47,,62.55,,33.18,,2020,1,0
301.05,,77.05,,36.44,,2023,2,0
300.6,,80.4,,8.0,,2023,1,0
353.45,,78.94,,115.87,,2018,1,0
459.09,,93.64,,16.75,,2021,1,0
383.79,,66.16,,13.12,,2022,0,1
395.94,,86.14,,8.68,,2020,3,1
395.29,,83.56,,8.0,,2024,0,0
441.01,,72.49,,168.92,,2020,2,1
346.44,,90.39,,47.17,,2020,1,0
417.86,,70.53,,64.96,,2022,1,0
334.3,,72.22,,21.56,,2018,1,0
489.08,,71.95,,22.49,,2024,2,1
335.98,,59.27,,182.05,,2022,1,1
331.47,,79.62,,9.41,,2023,0,0
410.23,,78.05,,16.63,,2021,1,1
384.39,,70.95,,9.12,,2024,0,1
397.98,,89.63,,13.95,,2021,1,1
392.5,,67.63,,45.75,,2019,0,0
320.03,,54.7,,15.52,,2022,0,1
468.73,,91.02,,87.51,,2019,0,0
429.14,,82.11,,8.0,,2024,4,1
454.74,,78.26,,18.4,,2022,2,0
350.94,,68.61,,82.79,,2023,1,1
402.91,,75.42,,40.79,,2022,1,0
390.86,,59.4,,61.9,,2020,1,0
442.04,,69.75,,16.42,,2020,0,0
443.81,,62.96,,19.36,,2024,1,1
390.62,,74.62,,92.03,,2021,3,0
296.51,,81.23,,58.15,,2019,0,1
477.88,,61.52,,20.37,,2022,0,0
410.58,,79.25,,10.19,,2020,4,0
346.54,,74.0,,8.0,,2023,0,0
402.36,,78.84,,83.13,,2021,1,1
296.89,,69.58,,50.24,,2024,0,0
438.04,,79.04,,39.26,,2022,1,1
299.08,,65.04,,62.95,,2023,1,1
367.85,,55.18,,103.53,,2024,1,0
393.44,,57.46,,60.22,,2024,0,0
437.14,,66.97,,22.93,,2022,1,1
385.86,,55.87,,8.15,,2024,1,0
414.92,,87.5,,52.55,,2020,0,1
378.45,,71.17,,11.9,,2023,1,1
378.23,,81.19,,64.1,,2018,1,0
384.7,,79.87,,17.37,,2021,1,0
369.6,,72.06,,8.0,,2021,0,1
287.24,,107.37,,12.34,,2024,1,0
337.74,,101.28,,13.02,,2022,0,0
393.46,,85.92,,20.0,,2023,0,0
366.3,,62.95,,12.49,,2022,1,0
371.43,,86.33,,10.74,,2021,3,0
362.22,,54.51,,20.88,,2024,0,1
332.5,,85.97,,85.08,,2023,1,0
352.88,,46.44,,8.0,,2023,2,0
363.12,,68.81,,14.76,,2022,2,0
380.28,,84.09,,34.7,,2020,3,0
401.64,,75.85,,87.16,,2024,2,1
370.07,,57.21,,14.04,,2023,0,0
323.37,,73.7,,18.01,,2021,1,0
303.11,,75.86,,67.17,,2024,0,0
522.86,,74.05,,19.57,,2021,0,0
317.86,,67.93,,80.12,,2018,2,1
351.48,,80.55,,25.51,,2021,3,0
408.44,,83.45,,35.36,,2021,2,0
399.85,,70.46,,34.57,,2024,3,0
408.65,,87.2,,8.0,,2023,1,0
355.65,,70.44,,18.41,,2022,0,1
393.12,,67.1,,11.61,,2023,1,0
383.37,,85.57,,48.25,,2020,2,1
362.83,,85.2,,113.94,,2024,2,1
393.5,,65.8,,10.03,,2019,0,0
438.05,,64.35,,8.0,,2021,4,0
378.78,,89.64,,29.67,,2024,1,0
379.14,,70.97,,20.82,,2022,0,0
438.75,,72.03,,8.0,,2024,0,1
432.87,,69.48,,106.94,,2020,1,1
467.12,,85.22,,118.27,,2021,3,0
283.41,,93.44,,79.79,,2021,0,0
429.78,,72.7,,13.83,,2024,3,0
413.09,,96.18,,8.0,,2024,3,0
331.29,,66.45,,37.7,,2019,1,0
393.84,,69.17,,13.89,,2024,2,0
437.81,,78.73,,9.46,,2023,4,0
334.4,,63.83,,43.06,,2022,1,1
404.34,,78.6,,58.29,,2020,0,0
427.92,,66.82,,31.47,,2021,1,1
321.09,,56.56,,16.2,,2023,4,0
372.17,,54.57,,30.18,,2022,1,0
396.55,,68.76,,38.46,,2018,0,1
336.21,,76.18,,8.0,,2024,1,1
331.65,,58.39,,24.64,,2023,1,1
372.57,,73.79,,38.31,,2023,2,0
424.09,,73.81,,8.0,,2023,1,1
415.41,,70.32,,25.02,,2023,0,0
332.62,,62.74,,17.88,,2018,2,0
415.87,,74.4,,85.01,,2021,3,0
334.02,,70.58,,28.23,,2024,2,1
291.44,,81.82,,23.34,,2024,0,1
359.81,,59.07,,11.74,,2024,1,0
441.76,,73.14,,132.62,,2024,0,0
416.08,,59.28,,136.43,,2019,0,0
379.91,,69.63,,19.19,,2019,0,0
357.08,,61.05,,111.12,,2024,1,1
358.56,,62.83,,40.48,,2018,2,0
385.98,,71.96,,63.79,,2024,3,1
321.24,,66.34,,8.0,,2024,2,0
360.85,,86.67,,8.0,,2022,2,0
368.14,,83.79,,30.31,,2024,1,0
305.69,,80.05,,8.0,,2023,1,1
333.89,,79.85,,93.36,,2020,1,0
402.58,,73.3,,72.06,,2024,2,0
380.52,,85.05,,52.7,,2022,1,0
363.02,,69.06,,8.0,,2020,0,1
329.87,,93.19,,25.75,,2024,1,0
466.73,,62.58,,8.0,,2023,1,1
333.91,,60.71,,110.88,,2020,3,0
393.84,,58.05,,39.83,,2024,0,0
353.17,,59.79,,8.0,,2024,1,0
382.0,,55.71,,34.54,,2019,0,1
405.17,,74.14,,8.0,,2019,1,0
304.64,,80.54,,8.0,,2020,1,0
379.64,,72.34,,8.0,,2024,1,1
445.49,,58.15,,86.25,,2023,0,1
476.88,,67.3,,33.14,,2024,2,0
372.85,,80.41,,16.69,,2024,1,0
382.29,,68.58,,8.0,,2022,0,0
501.62,,64.02,,26.83,,2019,0,1
442.42,,56.86,,30.2,,2023,1,1
346.05,,67.77,,17.23,,2023,1,1
345.96,,64.97,,27.82,,2020,0,0
432.61,,71.14,,8.0,,2024,0,0
324.39,,76.76,,107.18,,2023,1,0
439.82,,69.18,,12.55,,2024,1,1
398.39,,73.85,,124.58,,2023,1,1
408.47,,76.72,,28.52,,2019,0,0
365.88,,59.7,,81.61,,2021,2,0
345.36,,90.86,,36.16,,2023,1,1
460.41,,64.59,,78.14,,2022,3,0
366.43,,77.17,,8.0,,2019,1,1
357.4,,60.64,,8.67,,2022,3,0
375.59,,73.1,,18.35,,2020,0,0
390.62,,73.47,,14.75,,2023,1,0
323.3,,88.59,,123.16,,2020,1,0
348.93,,69.67,,21.08,,2023,0,0
346.01,,84.99,,150.34,,2018,2,0
426.49,,74.9,,44.21,,2023,2,1
331.27,,90.52,,75.82,,2019,1,0
283.43,,54.2,,21.03,,2019,1,1
271.81,,76.82,,8.85,,2022,0,1
299.13,,45.27,,8.0,,2018,1,1
454.88,,71.42,,44.87,,2024,0,1
380.89,,82.21,,149.87,,2021,2,0
407.57,,86.46,,8.0,,2018,0,1
409.51,,79.39,,62.05,,2024,1,0
383.09,,69.09,,19.05,,2019,1,0
375.89,,77.45,,211.27,,2024,2,1
437.45,,97.16,,85.7,,2023,1,0
388.03,,72.75,,11.02,,2019,1,1
456.95,,81.61,,60.96,,2019,1,1
414.15,,67.71,,55.66,,2023,0,1
346.02,,82.7,,60.54,,2023,3,1
352.66,,81.06,,8.0,,2021,0,0
339.99,,65.89,,69.62,,2024,3,0
446.97,,79.77,,12.73,,2020,1,1
357.72,,80.25,,37.49,,2023,0,1
336.08,,79.4,,8.0,,2022,0,0
397.59,,71.59,,34.3,,2021,2,1
374.66,,84.29,,99.49,,2022,2,0
396.2,,62.65,,8.19,,2021,1,1
483.94,,72.1,,81.12,,2020,0,0
430.22,,73.11,,24.01,,2022,2,1
381.49,,83.71,,16.34,,2022,0,0
302.54,,62.34,,8.0,,2024,0,0
352.5,,74.41,,31.58,,2023,1,1
419.11,,67.08,,9.37,,2021,1,1
315.59,,73.09,,118.23,,2023,1,1
497.75,,75.92,,11.42,,2019,3,0
380.79,,59.22,,37.12,,2020,0,0
382.69,,84.64,,34.34,,2022,1,0
343.33,,76.28,,17.25,,2022,1,1
407.32,,63.41,,80.26,,2022,1,1
316.31,,68.59,,8.5,,2023,2,0
499.07,,86.94,,71.34,,2020,0,0
452.45,,76.16,,9.77,,2024,1,0
434.14,,62.35,,8.0,,2024,3,0
303.53,,64.16,,120.95,,2022,1,1
391.3,,78.25,,42.6,,2023,1,1
446.5,,79.45,,41.81,,2024,1,0
412.62,,75.63,,12.93,,2023,2,0
324.88,,69.09,,8.0,,2022,0,0
344.24,,80.1,,51.42,,2023,0,0
355.14,,68.88,,30.72,,2024,6,0
346.81,,63.45,,16.07,,2021,1,1
464.08,,87.87,,16.0,,2024,1,0
274.34,,76.89,,92.42,,2024,1,0
416.08,,64.15,,92.58,,2023,2,0
308.92,,73.34,,13.48,,2021,1,1
327.13,,72.27,,66.39,,2019,2,0
269.46,,68.5,,10.8,,2022,1,0
349.8,,74.34,,69.3,,2019,1,0
463.09,,62.71,,8.0,,2022,0,0
394.57,,80.74,,59.62,,2021,0,1
314.09,,71.94,,34.07,,2022,1,0
435.94,,55.91,,8.0,,2021,1,1
447.72,,69.72,,40.17,,2024,1,1
385.72,,65.84,,8.98,,2022,3,1
491.91,,42.1,,9.06,,2019,1,0
425.19,,70.44,,24.91,,2023,4,1
417.55,,82.37,,139.95,,2023,1,0
335.81,,70.92,,93.57,,2022,1,1
414.51,,79.08,,73.56,,2023,1,1
391.92,,72.08,,80.0,,2022,1,0
408.59,,67.44,,28.89,,2020,0,1
342.35,,64.68,,19.72,,2022,0,1
387.05,,59.17,,90.47,,2023,2,1
335.07,,81.26,,8.0,,2020,0,1
261.91,,79.31,,232.91,,2023,1,0
434.91,,69.22,,33.82,,2024,1,0
297.37,,51.76,,32.66,,2024,0,1
385.9,,76.72,,14.5,,2020,2,1
398.32,,62.95,,8.0,,2020,1,0
397.96,,73.44,,47.89,,2024,0,1
364.43,,56.59,,18.86,,2023,1,1
394.92,,72.92,,15.13,,2019,0,0
405.9,,70.69,,8.0,,2022,6,0
420.42,,47.9,,32.17,,2023,0,0
475.34,,88.18,,37.27,,2020,1,1
392.88,,68.74,,24.58,,2024,1,0
383.52,,69.41,,8.0,,2024,4,0
330.13,,77.35,,28.42,,2022,1,0
403.98,,71.49,,13.33,,2023,2,0
416.71,,75.64,,8.0,,2020,0,0
369.42,,60.56,,36.19,,2020,1,1
409.95,,70.58,,46.72,,2023,1,0
363.91,,52.91,,30.72,,2022,4,0
416.9,,69.62,,40.01,,2020,1,1
430.19,,86.45,,39.18,,2021,1,0
429.42,,56.94,,8.0,,2023,1,0
386.48,,68.49,,10.21,,2018,2,0
322.8,,50.76,,8.0,,2020,4,1
346.34,,72.08,,168.5,,2020,0,0
412.73,,76.66,,9.97,,2024,1,0
514.68,,75.83,,70.8,,2024,2,0
361.26,,65.98,,63.83,,2020,1,1
405.07,,50.56,,51.27,,2022,1,0
349.42,,59.58,,25.09,,2021,1,0
326.43,,84.56,,36.82,,2019,0,0
342.8,,80.79,,8.66,,2020,1,0
265.46,,71.09,,8.0,,2018,0,1
454.44,,73.62,,18.21,,2024,2,0
257.34,,61.72,,73.35,,2023,2,0
365.49,,84.91,,34.87,,2020,2,1
315.2,,64.81,,60.62,,2023,1,0
331.36,,76.37,,92.83,,2023,1,0
455.71,,58.72,,34.53,,2020,1,1
391.06,,70.22,,19.22,,2022,1,0
326.9,,84.48,,81.3,,2023,0,1
347.58,,62.53,,10.96,,2021,2,1
337.9,,79.49,,8.0,,2024,1,1
377.6,,61.19,,8.0,,2019,0,0
389.51,,62.98,,36.66,,2019,1,0
484.26,,71.91,,93.61,,2024,1,0
274.6,,81.72,,34.89,,2021,2,1
378.09,,69.02,,22.1,,2020,0,0
362.64,,78.19,,36.14,,2021,1,1
432.06,,83.44,,46.7,,2020,2,0
399.51,,64.29,,59.68,,2022,4,0
412.47,,56.75,,17.92,,2023,0,0
398.98,,68.44,,20.55,,2023,0,1
328.74,,84.73,,8.0,,2021,1,0
446.62,,63.87,,44.05,,2023,0,0
423.92,,82.15,,62.97,,2024,1,0
430.35,,69.37,,30.04,,2018,1,0
449.52,,89.56,,19.84,,2023,0,0
402.97,,94.45,,17.02,,2022,2,1
461.45,,82.31,,43.5,,2021,1,0
400.77,,55.53,,16.87,,2020,2,0
367.95,,47.97,,38.39,,2019,0,0
379.64,,72.61,,109.91,,2024,0,0
378.69,,81.07,,16.86,,2018,2,1
351.43,,77.01,,8.0,,2022,1,0
469.75,,64.76,,87.01,,2020,0,1
396.3,,57.14,,13.42,,2020,1,0
385.21,,81.3,,187.79,,2021,0,0
401.36,,90.59,,77.0,,2021,2,0
543.89,,65.3,,23.38,,2022,0,0
317.76,,80.25,,41.55,,2022,1,0
333.52,,98.03,,13.65,,2022,1,0
304.07,,70.1,,8.0,,2020,4,0
367.21,,70.31,,31.34,,2020,1,1
393.5,,77.6,,23.22,,2021,2,0
354.41,,69.16,,147.16,,2019,2,0
350.32,,85.39,,38.22,,2024,0,0
387.83,,67.96,,57.75,,2019,1,0
352.38,,71.69,,8.0,,2020,2,0
397.06,,57.58,,54.02,,2023,1,1
441.28,,69.64,,8.0,,2024,1,0
417.24,,61.92,,39.88,,2020,2,0
428.46,,75.46,,76.59,,2022,0,0
439.73,,55.36,,27.71,,2021,2,0
395.56,,81.8,,10.17,,2022,0,0
371.27,,63.29,,24.63,,2022,0,0
337.53,,89.84,,77.26,,2022,1,1
358.49,,85.71,,52.63,,2018,0,0
351.2,,77.36,,39.06,,2024,2,0
420.24,,56.62,,49.71,,2018,2,0
399.07,,65.72,,75.47,,2022,1,0
418.32,,63.04,,8.0,,2024,2,0
316.18,,64.29,,77.48,,2019,1,0
458.75,,87.77,,69.0,,2023,1,0
356.52,,70.47,,27.26,,2020,2,1
319.5,,65.42,,21.66,,2020,1,0
355.84,,64.52,,113.25,,2018,1,0
516.61,,66.68,,71.89,,2021,1,0
358.68,,77.33,,188.16,,2024,1,1
362.12,,55.73,,43.11,,2023,1,0
369.43,,72.98,,8.0,,2022,1,0
371.83,,76.24,,8.0,,2024,1,0
337.02,,54.65,,72.09,,2024,1,0
387.88,,57.82,,42.79,,2022,1,0
439.16,,71.52,,9.27,,2021,2,1
397.29,,86.41,,8.0,,2024,2,0
318.89,,84.03,,12.81,,2021,2,0
361.06,,65.92,,8.0,,2020,2,1
349.67,,86.09,,87.75,,2022,1,0
382.91,,68.8,,90.04,,2019,1,1
453.17,,68.72,,77.59,,2020,2,1
371.81,,72.94,,8.0,,2024,0,0
375.15,,80.39,,8.0,,2022,4,0
477.77,,65.91,,8.0,,2022,1,1
428.19,,68.02,,12.56,,2022,1,1
411.57,,59.52,,8.0,,2022,1,0
487.7,,75.51,,167.73,,2020,0,0
406.94,,81.33,,81.15,,2024,0,1
270.74,,81.95,,8.0,,2023,0,0
425.8,,58.33,,8.0,,2023,1,0
292.44,,68.17,,12.78,,2024,1,0
404.86,,84.45,,62.65,,2023,3,0
285.74,,74.32,,52.59,,2019,1,1
354.32,,72.34,,41.82,,2021,1,0
359.99,,72.11,,102.17,,2021,0,0
337.64,,77.41,,8.0,,2023,2,0
360.81,,74.86,,8.0,,2023,1,1
436.79,,66.25,,8.84,,2022,2,0
340.73,,80.81,,8.0,,2021,0,1
409.98,,59.97,,40.45,,2024,2,0
326.89,,85.22,,9.88,,2022,1,1
369.58,,63.04,,27.68,,2024,0,0
397.81,,77.48,,48.58,,2024,0,0
325.19,,70.35,,38.01,,2022,2,1
307.86,,67.24,,14.39,,2021,1,0
407.05,,85.58,,22.46,,2021,1,1
441.77,,79.43,,17.44,,2019,2,1
375.65,,71.41,,80.37,,2021,2,1
354.85,,89.45,,22.87,,2022,1,0
388.56,,81.8,,8.0,,2020,0,0
383.05,,63.95,,40.57,,2020,1,1
393.36,,49.4,,9.25,,2021,2,0
240.95,,73.07,,17.36,,2019,1,1
321.2,,85.83,,16.68,,2022,1,1
333.51,,78.11,,8.0,,2023,0,1
388.3,,87.74,,126.62,,2022,1,1
390.22,,66.02,,33.26,,2021,2,1
414.99,,70.83,,8.0,,2024,1,0
394.17,,71.07,,34.08,,2019,1,1
308.46,,74.41,,25.23,,2018,4,1
459.59,,79.67,,17.76,,2020,0,0
449.96,,88.32,,26.86,,2023,3,0
310.8,,90.43,,46.52,,2023,2,0
398.3,,88.67,,9.35,,2023,0,1
347.25,,78.69,,32.42,,2021,1,0
387.64,,68.58,,70.42,,2024,0,0
437.93,,74.26,,10.57,,2024,2,0
497.16,,78.55,,30.44,,2024,2,0
421.32,,73.35,,141.69,,2023,3,1
396.22,,62.86,,67.7,,2024,2,0
361.31,,67.38,,37.76,,2023,2,1
390.02,,80.68,,58.08,,2024,0,0
454.79,,69.53,,31.32,,2023,2,0
377.54,,72.24,,181.03,,2020,1,1
331.26,,71.22,,8.0,,2020,1,0
290.92,,63.08,,53.4,,2022,1,0
408.22,,70.29,,8.0,,2023,0,1
393.6,,67.42,,8.0,,2020,1,1
344.48,,65.08,,53.74,,2020,0,1
436.43,,61.42,,59.82,,2019,3,0
356.8,,70.99,,8.0,,2020,3,1
372.59,,78.18,,17.06,,2020,2,0
379.08,,83.21,,8.0,,2022,0,0
360.7,,58.06,,92.76,,2021,1,1
392.97,,88.06,,25.41,,2019,2,0
443.33,,74.93,,24.54,,2020,0,0
317.16,,60.73,,72.93,,2022,3,0
406.87,,67.96,,49.92,,2020,1,1
389.47,,53.23,,107.3,,2023,1,0
388.46,,55.78,,117.24,,2019,2,1
427.95,,89.21,,15.78,,2020,3,1
382.71,,65.01,,43.9,,2024,2,0
406.41,,77.37,,32.78,,2022,0,1
419.37,,70.89,,38.05,,2024,0,0
352.26,,72.18,,41.23,,2020,1,0
396.46,,75.68,,8.0,,2019,0,0
366.21,,51.16,,94.69,,2019,0,0
372.7,,85.19,,8.0,,2024,1,1
362.29,,71.01,,23.2,,2023,2,0
405.91,,66.96,,14.51,,2021,1,0
384.49,,76.68,,33.89,,2021,1,0
401.7,,64.79,,136.79,,2023,1,0
379.04,,74.08,,22.33,,2023,2,1
291.77,,70.35,,38.82,,2021,3,1
381.73,,79.11,,8.0,,2023,1,1
383.49,,69.86,,26.12,,2021,0,1
393.34,,61.7,,103.92,,2022,1,0
347.34,,75.62,,113.16,,2024,2,0
314.25,,69.29,,33.21,,2019,2,0
414.35,,53.79,,61.47,,2022,0,0
364.95,,73.98,,8.0,,2019,0,0
389.42,,66.63,,31.85,,2018,0,0
364.52,,75.46,,55.38,,2024,3,1
379.67,,63.45,,16.81,,2022,4,0
355.29,,59.94,,97.2,,2024,2,0
326.76,,83.8,,63.52,,2024,1,1
406.06,,80.43,,61.67,,2024,1,0
346.83,,71.93,,8.0,,2024,2,0
389.02,,76.38,,8.53,,2024,0,0
402.58,,80.1,,52.52,,2023,2,0
347.73,,71.9,,34.65,,2023,0,0
313.79,,59.91,,36.28,,2024,1,1
513.43,,74.99,,8.0,,2024,2,1
350.97,,82.02,,24.51,,2024,2,1
414.29,,77.93,,64.84,,2022,0,0
486.67,,72.59,,45.75,,2024,0,0
423.44,,77.65,,35.68,,2022,1,0
363.48,,69.77,,50.09,,2022,0,1
376.31,,82.44,,79.96,,2024,3,1
334.21,,85.47,,79.55,,2024,0,0
428.49,,59.04,,25.57,,2024,2,0
411.14,,83.16,,15.45,,2024,4,1
351.71,,94.37,,19.16,,2022,0,0
322.68,,77.26,,30.95,,2022,2,1
307.33,,81.84,,8.0,,2021,1,0
434.26,,65.53,,37.55,,2022,1,1
386.62,,66.96,,25.36,,2024,2,0
391.82,,69.9,,59.75,,2024,0,1
334.74,,67.98,,13.45,,2021,0,1
299.51,,58.88,,8.0,,2023,0,0
432.94,,70.27,,94.49,,2021,3,0
382.31,,80.36,,8.0,,2020,1,0
429.9,,59.01,,110.09,,2022,2,0
358.77,,73.79,,28.9,,2020,1,1
366.98,,73.48,,8.0,,2022,0,0
419.23,,68.99,,8.0,,2022,1,0
420.28,,76.97,,31.98,,2020,1,0
423.87,,76.03,,8.0,,2023,0,1
363.76,,68.28,,103.6,,2023,1,0
413.8,,82.61,,66.82,,2024,0,0
441.0,,77.61,,29.5,,2023,1,0
374.24,,87.73,,109.49,,2020,3,0
351.76,,71.34,,12.63,,2023,1,0
453.85,,68.78,,80.64,,2024,3,1
344.01,,69.92,,68.69,,2024,5,0
414.62,,83.78,,36.62,,2022,1,0
376.79,,70.51,,16.13,,2023,0,1
278.71,,71.12,,34.32,,2018,1,1
442.07,,91.61,,132.37,,2020,1,1
228.32,,58.56,,8.0,,2021,3,0
270.87,,75.57,,9.42,,2022,1,0
409.0,,71.39,,43.37,,2024,0,1
408.99,,69.49,,47.65,,2024,0,1
344.93,,62.47,,8.0,,2022,3,0
388.13,,65.36,,68.94,,2021,1,0
240.77,,67.92,,110.79,,2020,1,1
418.88,,76.96,,8.0,,2020,0,0
393.73,,80.52,,153.69,,2020,1,0
377.49,,54.21,,13.87,,2021,1,0
381.15,,59.98,,15.52,,2023,0,1
407.13,,77.48,,8.0,,2018,0,0
378.41,,78.32,,28.89,,2024,0,1
276.93,,57.36,,130.02,,2023,1,0
500.8,,80.74,,8.0,,2021,1,0
446.04,,71.86,,36.12,,2022,3,0
309.33,,79.47,,13.47,,2019,1,0
361.02,,63.48,,8.0,,2023,3,0
367.02,,58.1,,182.87,,2023,2,0
439.34,,68.91,,52.89,,2021,0,1
261.24,,69.36,,55.85,,2021,1,1
352.55,,68.8,,45.68,,2022,2,0
283.16,,68.1,,8.0,,2021,4,0
364.32,,88.93,,9.72,,2023,2,0
354.01,,55.0,,20.46,,2023,1,0
384.38,,63.55,,226.65,,2024,2,0
346.73,,67.81,,46.89,,2021,3,0
338.69,,72.24,,24.53,,2019,0,0
414.08,,79.11,,27.85,,2024,3,0
405.01,,80.65,,107.25,,2018,2,1
410.33,,82.77,,9.19,,2022,0,0
370.27,,76.81,,16.25,,2021,2,0
348.55,,54.7,,19.46,,2022,1,0
373.46,,55.36,,95.72,,2020,1,0
407.56,,83.47,,62.98,,2023,2,0
260.28,,82.83,,37.53,,2022,0,0
401.68,,78.36,,15.87,,2022,1,0
397.0,,63.8,,9.49,,2023,0,1
383.42,,68.77,,16.87,,2019,1,0
371.79,,68.01,,111.36,,2024,1,0
238.86,,61.75,,101.24,,2022,1,1
355.81,,74.59,,23.02,,2023,1,0
478.42,,93.55,,16.54,,2021,0,0
380.71,,67.04,,90.69,,2024,2,1
363.1,,84.97,,24.82,,2022,1,1
380.93,,63.15,,8.0,,2020,1,1
399.51,,56.63,,17.82,,2020,2,0
416.24,,81.87,,39.26,,2021,1,1
367.41,,69.81,,121.51,,2023,1,0
403.37,,84.71,,23.21,,2021,1,0
472.22,,86.71,,11.53,,2019,3,0
435.34,,69.22,,20.38,,2022,1,0
508.72,,85.43,,8.0,,2020,1,1
343.88,,63.24,,96.22,,2024,0,1
472.19,,63.08,,8.0,,2021,0,0
336.51,,82.72,,8.0,,2021,2,0
399.45,,56.52,,40.0,,2022,1,0
420.29,,71.98,,8.0,,2018,1,0
351.91,,84.5,,14.75,,2022,2,0
384.84,,85.17,,28.36,,2024,3,1
430.08,,67.67,,65.97,,2021,1,0
340.94,,82.09,,20.59,,2024,2,1
471.82,,60.77,,132.26,,2019,1,0
303.85,,65.33,,25.35,,2022,0,1
486.68,,74.3,,106.07,,2020,1,0
435.07,,75.78,,25.29,,2024,2,1
375.07,,61.52,,30.49,,2023,0,0
357.85,,90.62,,133.22,,2024,0,0
352.11,,53.23,,47.19,,2023,2,0
372.53,,72.54,,8.0,,2023,2,0
377.33,,73.96,,38.33,,2022,2,0
449.04,,54.53,,10.72,,2022,1,0
488.28,,85.24,,15.56,,2023,1,0
390.97,,64.6,,76.49,,2022,1,0
333.49,,72.98,,48.14,,2022,1,0
349.99,,75.28,,14.2,,2023,1,0
369.93,,57.46,,8.0,,2024,1,1
323.34,,61.28,,31.82,,2024,4,1
315.16,,87.63,,12.09,,2021,1,0
495.34,,71.34,,8.0,,2021,2,0
396.64,,45.03,,8.0,,2024,0,1
334.18,,68.98,,46.98,,2020,2,0
424.91,,71.67,,22.47,,2019,2,1
315.19,,74.19,,12.79,,2022,0,0
319.72,,52.01,,88.95,,2022,0,0
335.83,,71.71,,73.23,,2022,0,1
471.0,,63.67,,26.36,,2018,1,0
366.09,,74.21,,13.54,,2020,0,0
245.71,,77.06,,29.72,,2024,1,0
446.55,,76.0,,58.72,,2021,1,0
363.15,,86.04,,8.0,,2024,3,0
278.28,,93.91,,39.82,,2022,0,1
362.58,,60.66,,52.01,,2018,1,0
408.66,,68.18,,71.28,,2024,0,0
402.22,,79.43,,10.25,,2021,3,0
478.91,,70.73,,9.55,,2021,3,0
333.1,,44.77,,10.21,,2024,1,0
382.57,,70.07,,112.56,,2024,3,0
341.52,,84.34,,8.0,,2023,2,0
295.18,,58.05,,60.76,,2018,1,1
428.7,,74.21,,181.6,,2018,0,0
405.48,,52.93,,122.81,,2020,0,0
395.6,,80.7,,22.15,,2023,0,0
403.47,,74.42,,76.8,,2024,1,1
342.3,,66.32,,46.58,,2020,2,1
324.69,,67.82,,85.2,,2019,1,1
382.07,,57.01,,8.0,,2022,1,0
443.87,,82.08,,60.81,,2024,0,0
468.44,,64.01,,37.1,,2022,1,0
423.75,,77.0,,32.62,,2023,1,1
381.6,,62.38,,54.82,,2023,0,0
394.84,,93.98,,13.39,,2024,2,1
380.64,,87.6,,8.0,,2024,3,1
323.57,,92.74,,29.29,,2024,1,0
381.36,,93.91,,15.11,,2022,5,0
306.58,,65.65,,12.44,,2021,1,1
373.18,,63.16,,240.0,,2023,1,1
469.99,,92.26,,9.26,,2023,1,0
425.26,,70.59,,11.28,,2023,0,0
329.23,,80.33,,17.06,,2021,1,0
376.02,,65.79,,28.86,,2022,0,0
334.11,,65.96,,85.4,,2020,1,0
376.56,,80.3,,8.15,,2020,0,0
437.26,,52.3,,40.19,,2021,0,1
415.92,,79.83,,19.31,,2023,1,0
516.63,,77.24,,66.95,,2021,0,0
445.59,,66.7,,38.68,,2021,1,1
391.22,,72.24,,66.58,,2023,2,0
417.24,,73.81,,81.13,,2024,1,0
368.87,,74.37,,102.14,,2024,5,0
317.99,,78.9,,228.64,,2020,0,1
451.82,,63.85,,40.51,,2022,1,1
435.49,,98.98,,42.62,,2023,1,0
366.74,,69.94,,8.0,,2023,1,0
395.07,,70.69,,8.0,,2021,1,0
448.25,,91.45,,28.09,,2022,2,1
426.55,,53.71,,49.69,,2022,0,1
299.53,,91.34,,11.98,,2023,0,1
393.4,,72.93,,16.64,,2019,3,0
370.78,,66.7,,50.58,,2023,1,1
441.22,,60.8,,9.99,,2022,1,0
436.71,,59.31,,30.95,,2018,1,0
452.52,,68.58,,32.49,,2019,0,1
318.52,,74.78,,104.51,,2020,1,1
336.87,,78.22,,21.61,,2021,1,1
441.27,,74.66,,9.93,,2023,2,0
347.46,,66.9,,8.02,,2021,3,0
296.32,,85.4,,14.57,,2023,0,0
409.29,,98.74,,13.73,,2022,1,0
349.9,,86.95,,58.26,,2020,1,0
478.44,,68.41,,37.83,,2023,2,0
396.29,,77.02,,48.18,,2023,0,1
388.81,,77.66,,41.79,,2018,1,1
359.69,,88.04,,27.57,,2023,0,0
467.5,,68.62,,110.67,,2023,1,0
399.72,,62.35,,71.42,,2021,1,1
357.53,,83.34,,9.94,,2023,1,0
336.33,,76.06,,23.14,,2020,0,0
375.96,,60.91,,14.26,,2022,3,0
326.23,,79.06,,57.51,,2020,0,0
436.59,,90.38,,17.74,,2019,2,0
280.54,,65.06,,42.93,,2020,1,1
372.33,,63.09,,14.52,,2019,1,1
413.56,,72.3,,8.0,,2019,0,1
398.82,,78.8,,8.0,,2024,1,0
340.55,,71.25,,219.47,,2024,2,1
416.31,,83.34,,10.41,,2023,0,1
331.27,,74.61,,74.98,,2023,2,0
378.77,,82.12,,72.51,,2021,1,0
415.85,,64.79,,11.3,,2022,0,0
405.46,,59.72,,22.56,,2024,2,0
342.87,,68.6,,75.96,,2022,1,1
445.86,,58.54,,49.16,,2023,0,0
384.77,,76.09,,19.4,,2022,0,0
420.86,,51.83,,125.1,,2021,1,1
464.1,,67.47,,17.6,,2024,2,1
441.46,,69.14,,10.01,,2021,3,1
441.61,,61.53,,8.0,,2022,3,0
390.6,,68.94,,50.75,,2019,1,1
423.67,,72.04,,8.0,,2022,1,0
391.75,,84.69,,78.53,,2023,1,0
313.49,,61.59,,15.23,,2021,0,1
396.65,,75.57,,19.39,,2023,1,0
394.1,,77.56,,67.98,,2022,0,0
412.11,,71.79,,70.68,,2022,2,1
372.96,,67.02,,21.46,,2022,0,0
338.12,,60.61,,33.9,,2024,1,0
416.11,,90.99,,47.75,,2023,1,1
307.77,,72.73,,49.0,,2022,0,1
460.24,,68.84,,32.07,,2023,1,1
367.27,,93.22,,78.06,,2024,1,1
393.5,,74.22,,77.35,,2022,2,0
410.72,,97.43,,79.34,,2024,1,0
412.49,,57.84,,13.12,,2020,1,0
302.51,,69.63,,12.47,,2022,0,0
425.32,,58.3,,8.0,,2021,3,0
396.67,,70.78,,73.54,,2019,4,0
345.06,,70.73,,8.0,,2024,2,1
338.77,,67.42,,8.0,,2022,2,0
361.63,,72.54,,109.47,,2022,4,0
308.57,,67.91,,8.0,,2022,2,1
474.72,,70.9,,8.0,,2022,0,0
461.74,,64.44,,100.72,,2022,2,0
404.84,,86.43,,15.59,,2024,2,1
367.71,,60.91,,89.55,,2024,0,1
369.16,,74.12,,19.92,,2023,1,1
421.69,,60.07,,19.65,,2021,0,1
476.68,,63.65,,8.0,,2022,1,0
348.63,,64.72,,105.36,,2023,0,0
318.53,,70.68,,60.24,,2022,2,1
465.12,,73.75,,10.74,,2021,3,0
281.71,,60.93,,54.65,,2023,0,0
324.53,,67.86,,8.0,,2024,2,1
366.42,,62.09,,31.16,,2019,1,0
294.18,,61.65,,12.32,,2019,2,0
441.17,,83.34,,79.84,,2024,0,1
427.13,,58.08,,30.06,,2024,5,0
348.39,,72.75,,106.72,,2022,1,1
450.38,,88.98,,36.95,,2018,0,1
459.71,,84.06,,29.45,,2024,2,0
373.78,,76.25,,49.73,,2023,0,0
355.21,,71.84,,64.36,,2023,2,0
504.28,,79.37,,8.0,,2023,1,1
419.66,,75.69,,31.03,,2023,1,0
394.1,,86.23,,62.78,,2023,1,1
455.0,,70.66,,21.98,,2024,0,0
396.61,,82.01,,8.0,,2022,3,1
352.19,,68.74,,8.0,,2022,1,0
384.41,,90.93,,66.32,,2023,1,0
437.13,,70.38,,9.27,,2021,0,0
270.43,,55.81,,8.08,,2023,0,1
364.16,,72.78,,14.36,,2021,0,1
456.07,,79.65,,8.0,,2019,1,1
351.85,,88.29,,8.0,,2020,3,0
465.04,,62.04,,86.43,,2019,2,0
457.81,,54.56,,15.15,,2022,2,1
376.4,,76.97,,36.67,,2019,2,1
348.73,,76.66,,81.92,,2022,0,1
364.2,,57.89,,159.28,,2023,0,0
526.55,,68.7,,48.99,,2023,0,1
483.09,,69.15,,125.96,,2023,2,1
386.9,,80.23,,23.13,,2022,1,1
346.55,,67.86,,65.46,,2023,3,0
386.44,,67.64,,116.52,,2023,0,1
393.41,,73.15,,8.0,,2021,1,0
311.62,,58.22,,16.04,,2024,6,0
384.4,,91.01,,56.62,,2024,0,0
452.73,,81.34,,15.91,,2023,3,0
281.04,,64.98,,8.0,,2024,1,0
425.46,,60.82,,69.1,,2019,2,0
455.61,,61.6,,8.0,,2020,1,0
349.17,,77.87,,16.25,,2024,2,0
473.18,,61.9,,101.4,,2018,0,0
342.03,,69.51,,9.84,,2022,1,1
404.26,,55.09,,94.56,,2021,2,0
363.13,,77.41,,23.06,,2022,3,0
363.12,,77.79,,105.11,,2021,0,1
346.05,,70.15,,87.96,,2020,0,0
418.42,,73.94,,22.54,,2022,4,0
426.68,,79.96,,107.08,,2020,0,0
376.46,,73.67,,42.07,,2022,2,1
305.2,,79.81,,27.11,,2023,0,0
402.17,,60.32,,31.77,,2023,1,0
403.21,,75.79,,8.0,,2023,1,0
368.08,,73.93,,69.22,,2022,0,0
482.7,,84.02,,14.53,,2020,1,1
293.98,,72.3,,13.23,,2022,3,1
258.05,,71.03,,52.78,,2022,2,0
339.8,,66.43,,19.46,,2020,2,0
419.07,,86.91,,30.32,,2023,2,0
321.93,,48.44,,22.99,,2022,0,0
326.05,,77.11,,29.5,,2021,1,1
432.31,,71.8,,10.55,,2020,1,1
405.44,,70.16,,90.82,,2020,1,1
400.74,,68.71,,39.57,,2024,1,1
422.98,,71.44,,11.18,,2024,0,0
356.61,,76.79,,8.0,,2024,2,1
359.16,,64.05,,32.2,,2022,1,1
424.54,,73.35,,26.52,,2024,0,0
306.03,,75.51,,113.21,,2022,1,0
262.15,,62.46,,11.02,,2018,2,0
356.17,,77.04,,89.62,,2021,3,0
431.2,,75.59,,61.09,,2020,0,0
394.06,,64.01,,27.18,,2023,4,0
427.15,,60.12,,86.93,,2021,0,0
269.1,,63.88,,83.14,,2022,1,0
397.35,,73.35,,52.64,,2024,2,0
415.96,,71.24,,8.0,,2024,1,0
305.71,,85.94,,8.0,,2022,2,0
427.41,,68.33,,37.61,,2021,1,0
373.87,,63.11,,11.83,,2022,0,0
548.92,,78.57,,33.65,,2024,0,1
260.25,,62.2,,34.56,,2020,1,0
455.3,,64.09,,37.15,,2019,1,0
358.32,,64.22,,35.43,,2024,1,0
291.06,,42.03,,20.03,,2022,0,0
351.02,,77.67,,9.91,,2024,0,1
395.26,,81.4,,30.7,,2023,0,0
437.06,,81.17,,28.71,,2018,2,0
474.71,,90.85,,13.52,,2023,0,1
458.2,,87.07,,8.0,,2020,1,1
326.9,,68.66,,9.67,,2019,1,1
442.16,,83.09,,33.61,,2022,1,0
401.52,,71.02,,32.22,,2022,2,0
344.0,,67.74,,8.0,,2021,0,0
368.34,,64.44,,39.12,,2022,0,0
340.96,,69.32,,23.07,,2023,1,0
382.04,,75.29,,44.54,,2022,0,1
339.87,,87.81,,91.95,,2023,2,1
323.46,,79.29,,15.5,,2022,0,1
406.35,,64.29,,17.92,,2022,2,0
414.58,,61.56,,47.44,,2022,2,0
369.68,,77.69,,125.12,,2021,0,0
455.22,,81.02,,27.96,,2021,0,0
365.68,,84.27,,8.0,,2022,2,0
363.35,,69.31,,114.8,,2024,2,0
416.33,,76.7,,26.65,,2022,2,1
372.72,,80.56,,25.93,,2019,0,0
384.66,,58.49,,32.6,,2023,0,1
241.38,,74.78,,12.22,,2022,0,1
380.92,,81.04,,64.5,,2021,1,0
279.5,,77.1,,43.03,,2023,0,1
312.85,,71.19,,130.12,,2020,2,0
306.56,,98.1,,9.58,,2023,1,1
322.66,,91.31,,40.54,,2023,0,1
349.81,,72.09,,30.53,,2020,6,0
353.24,,70.1,,94.56,,2024,1,0
416.54,,79.0,,8.0,,2020,0,0
392.23,,71.42,,60.08,,2023,0,1
275.44,,84.72,,40.98,,2021,2,0
384.58,,59.33,,39.28,,2023,1,0
397.5,,69.59,,87.44,,2019,3,0
361.93,,78.85,,37.43,,2020,0,1
376.65,,82.04,,52.86,,2022,0,0
390.47,,57.19,,43.58,,2023,2,1
422.05,,62.46,,8.0,,2023,2,0
293.38,,55.24,,8.0,,2024,0,1
366.56,,63.27,,17.36,,2022,2,1
462.96,,59.23,,47.3,,2021,0,1
457.92,,77.39,,8.0,,2022,1,0
426.8,,74.29,,62.2,,2019,4,0
409.53,,70.46,,9.53,,2019,2,1
471.0,,72.26,,34.44,,2022,2,0
485.48,,83.94,,9.43,,2024,1,0
372.9,,61.58,,8.13,,2020,1,0
326.68,,52.7,,17.08,,2023,1,0
365.13,,79.11,,106.88,,2021,0,1
550.32,,68.09,,11.41,,2018,0,1
293.69,,61.82,,8.0,,2020,2,0
354.12,,77.54,,89.84,,2023,1,1
302.3,,52.32,,24.27,,2020,2,1
386.86,,63.42,,40.76,,2024,2,0
313.85,,48.11,,91.12,,2021,2,1
374.02,,74.59,,59.18,,2020,0,1
272.74,,87.74,,66.87,,2023,0,0
413.97,,66.27,,27.47,,2020,1,1
447.23,,64.08,,48.83,,2024,0,1
358.88,,89.85,,139.35,,2020,2,0
372.57,,78.27,,92.63,,2024,1,0
371.01,,95.8,,39.81,,2022,2,0
389.95,,73.61,,8.0,,2023,2,0
377.9,,74.27,,163.68,,2020,1,1
422.25,,86.45,,10.73,,2020,1,1
447.82,,70.51,,18.79,,2020,1,0
335.23,,74.47,,8.0,,2020,0,1
362.99,,47.79,,8.0,,2021,1,1
429.59,,89.38,,66.72,,2024,1,1
301.81,,75.91,,8.0,,2023,1,1
271.61,,70.93,,8.82,,2021,1,0
392.45,,81.07,,8.0,,2021,1,0
407.3,,60.19,,19.42,,2023,2,0
340.27,,66.49,,49.83,,2024,1,1
348.17,,77.53,,43.36,,2022,1,0
338.19,,72.44,,54.17,,2023,1,0
332.32,,76.47,,54.5,,2022,0,1
418.14,,74.49,,8.0,,2024,2,1
315.07,,78.31,,48.46,,2023,2,1
365.4,,58.79,,48.46,,2023,1,1
330.21,,84.78,,8.0,,2024,0,1
299.96,,67.16,,23.4,,2020,4,1
427.86,,72.58,,8.0,,2021,1,0
351.41,,65.99,,8.89,,2022,2,1
390.36,,69.13,,28.26,,2020,1,1
297.06,,74.29,,8.0,,2021,1,1
339.19,,79.35,,8.0,,2023,3,0
421.58,,81.01,,8.0,,2021,0,0
522.3,,76.33,,8.0,,2022,2,1
271.31,,66.04,,8.0,,2020,1,0
368.94,,75.69,,39.77,,2019,2,0
402.68,,74.4,,8.26,,2021,2,1
346.11,,72.59,,83.36,,2023,0,0
426.72,,77.34,,90.77,,2022,2,1
332.33,,59.24,,49.33,,2023,0,0
388.46,,51.73,,8.0,,2022,2,0
351.29,,83.9,,93.32,,2022,1,0
447.07,,70.69,,22.78,,2022,2,0
342.8,,76.16,,8.39,,2021,0,0
360.65,,63.32,,63.36,,2018,1,0
432.01,,84.62,,17.88,,2024,1,0
323.46,,75.5,,29.63,,2024,0,0
383.78,,70.2,,57.07,,2022,3,0
279.76,,74.86,,8.0,,2022,2,1
320.16,,54.58,,8.0,,2023,1,1
401.02,,75.73,,145.31,,2018,1,1
325.51,,86.87,,52.51,,2020,0,0
350.05,,75.15,,11.04,,2021,1,0
407.12,,73.86,,35.82,,2019,2,0
348.14,,68.83,,8.75,,2018,2,0
425.26,,82.83,,84.25,,2024,0,1
391.86,,84.31,,25.0,,2020,3,0
403.96,,67.68,,69.06,,2022,3,0
448.25,,75.59,,150.05,,2022,1,1
397.59,,74.32,,166.18,,2021,0,0
464.64,,76.02,,8.0,,2023,2,0
430.12,,64.27,,121.67,,2021,1,0
351.21,,83.43,,13.23,,2022,0,0
451.12,,77.65,,18.72,,2021,4,1
394.51,,84.02,,8.0,,2024,1,0
358.29,,60.85,,43.57,,2024,2,0
395.31,,61.43,,43.39,,2021,1,0
441.18,,92.59,,63.03,,2020,1,1
405.03,,83.47,,122.79,,2023,1,0
480.23,,63.85,,23.47,,2021,3,1
439.76,,80.68,,21.98,,2022,1,0
408.77,,67.34,,42.81,,2022,1,0
323.57,,55.01,,46.24,,2024,2,1
370.11,,51.0,,24.75,,2021,1,1
383.94,,71.78,,105.73,,2022,1,1
418.31,,87.61,,8.0,,2019,0,0
415.05,,87.21,,59.31,,2023,1,0
389.32,,84.6,,9.79,,2020,0,1
386.62,,80.3,,28.72,,2023,0,0
419.63,,75.17,,80.1,,2020,1,0
332.78,,83.52,,16.8,,2024,3,0
473.25,,51.89,,96.58,,2019,2,0
267.41,,81.9,,25.16,,2024,0,0
460.05,,60.79,,50.95,,2022,2,0
377.51,,62.87,,53.87,,2024,1,0
435.14,,78.96,,12.69,,2022,1,0
400.01,,81.29,,96.99,,2018,2,0
399.03,,65.9,,8.0,,2020,2,0
410.48,,78.46,,37.45,,2021,2,0
424.5,,77.63,,111.1,,2024,3,0
361.91,,68.89,,8.0,,2023,2,0
436.91,,73.54,,31.82,,2023,0,0
320.35,,92.81,,11.88,,2022,0,0
379.71,,69.18,,8.98,,2022,2,0
425.98,,69.53,,11.18,,2023,4,0
434.73,,73.5,,97.85,,2023,0,1
405.34,,70.17,,23.28,,2022,0,0
358.36,,79.91,,11.3,,2023,2,0
429.32,,86.69,,110.25,,2022,3,1
343.18,,69.53,,16.3,,2022,0,1
476.33,,63.43,,53.99,,2023,0,0
375.34,,91.75,,32.36,,2023,1,1
295.32,,73.2,,47.75,,2022,0,0
314.29,,54.95,,8.47,,2024,4,0
382.4,,90.62,,47.66,,2024,1,1
387.69,,83.26,,99.23,,2023,2,0
488.33,,88.01,,8.0,,2022,2,0
322.88,,86.34,,16.6,,2023,3,0
382.17,,98.45,,151.09,,2022,1,0
321.73,,61.63,,10.72,,2018,3,1
352.9,,64.04,,8.0,,2023,0,0
472.62,,67.08,,8.0,,2024,2,0
317.5,,66.79,,13.52,,2022,3,0
412.29,,73.23,,28.68,,2020,0,0
401.61,,67.1,,13.15,,2022,2,1
378.67,,60.1,,13.85,,2018,2,0
408.57,,63.26,,74.78,,2023,2,1
316.2,,69.06,,61.17,,2023,1,1
471.1,,83.44,,15.64,,2023,1,0
485.87,,66.25,,17.76,,2022,1,0
382.59,,80.1,,146.82,,2021,1,0
513.27,,58.79,,125.95,,2021,1,1
358.05,,40.01,,151.86,,2024,2,0
402.02,,70.67,,117.61,,2021,2,1
458.75,,65.9,,41.54,,2022,0,1
354.75,,63.18,,15.48,,2022,1,1
304.01,,62.01,,146.58,,2023,1,1
291.36,,64.92,,57.03,,2024,1,0
493.35,,62.13,,52.17,,2022,2,0
350.9,,63.03,,67.1,,2022,1,0
369.78,,58.41,,38.32,,2023,1,0
318.8,,50.71,,36.76,,2018,2,0
432.16,,49.91,,18.83,,2024,2,0
337.01,,96.61,,8.0,,2020,0,0
352.98,,71.37,,24.24,,2022,1,0
396.47,,87.25,,30.6,,2021,1,1
321.48,,70.22,,88.29,,2024,0,1
370.18,,70.56,,21.57,,2024,3,0
457.12,,75.07,,90.12,,2019,0,0
403.55,,78.4,,16.04,,2020,3,1
387.18,,59.53,,121.57,,2024,2,1
391.82,,68.2,,8.0,,2022,2,0
358.6,,75.05,,31.3,,2023,4,1
489.79,,52.66,,16.3,,2021,0,0
335.33,,84.97,,14.65,,2022,2,0
391.6,,82.63,,8.0,,2021,0,0
386.33,,50.98,,48.03,,2022,2,0
435.48,,63.21,,20.94,,2022,1,0
440.67,,73.05,,125.03,,2023,2,0
378.24,,80.42,,52.34,,2023,2,1
395.99,,87.26,,24.57,,2020,2,0
398.07,,65.63,,41.45,,2020,3,0
255.03,,95.38,,8.0,,2018,2,0
292.61,,71.51,,37.36,,2021,1,1
346.72,,69.76,,46.08,,2021,2,1
349.11,,77.62,,8.0,,2019,2,0
314.04,,75.11,,48.18,,2023,0,0
421.23,,74.55,,26.98,,2023,0,0
380.12,,91.96,,27.43,,2023,2,0
368.19,,74.47,,54.0,,2020,1,0
310.91,,62.16,,25.09,,2023,0,0
377.55,,63.6,,11.22,,2021,1,1
235.53,,86.73,,14.88,,2018,1,1
371.04,,78.84,,56.31,,2024,1,0
383.48,,56.44,,8.0,,2023,0,0
393.31,,55.94,,77.19,,2020,0,0
293.97,,72.25,,36.66,,2021,3,0
392.36,,78.16,,54.52,,2024,0,1
322.72,,65.22,,17.69,,2021,0,1
335.31,,55.2,,10.58,,2019,1,1
419.49,,60.75,,68.57,,2024,0,0
490.78,,88.46,,8.0,,2023,0,0
382.82,,76.97,,8.0,,2022,1,1
335.06,,82.0,,14.09,,2022,0,1
390.38,,83.65,,18.17,,2023,2,1
431.65,,65.74,,9.56,,2024,1,0
414.15,,68.27,,102.38,,2024,1,0
530.87,,70.32,,8.0,,2020,1,1
340.66,,76.17,,68.33,,2023,0,0
393.87,,82.9,,22.24,,2023,1,1
465.19,,90.7,,75.96,,2024,0,0
461.74,,80.14,,66.76,,2024,2,1
272.75,,80.22,,8.0,,2019,0,1
379.82,,91.27,,46.11,,2019,1,0
461.65,,69.95,,19.97,,2019,1,0
538.99,,83.89,,72.26,,2023,0,1
418.71,,77.78,,79.97,,2024,2,1
359.77,,78.15,,8.8,,2022,3,0
324.49,,69.85,,27.36,,2022,2,0
502.03,,58.06,,37.9,,2024,2,0
420.08,,75.45,,32.99,,2024,0,0
333.36,,75.49,,12.18,,2024,0,1
368.83,,66.25,,13.36,,2023,1,1
397.06,,71.03,,82.04,,2024,3,1
409.91,,63.18,,8.0,,2023,1,0
330.52,,63.27,,12.78,,2023,2,0
346.22,,67.19,,10.6,,2019,2,0
289.09,,58.72,,19.45,,2021,1,0
437.19,,66.17,,48.66,,2022,1,0
361.21,,79.14,,31.91,,2023,0,0
405.65,,86.56,,32.67,,2020,2,0
458.22,,92.75,,55.19,,2024,3,0
392.09,,68.0,,70.23,,2024,1,1
373.79,,84.0,,8.0,,2024,2,0
390.67,,75.36,,8.0,,2022,2,0
383.48,,69.63,,15.05,,2021,1,0
448.54,,76.02,,73.82,,2024,2,0
397.1,,83.02,,32.77,,2023,1,0
350.06,,67.02,,8.0,,2018,3,1
437.63,,66.79,,8.0,,2022,0,0
447.68,,67.9,,95.99,,2024,3,1
306.39,,65.73,,19.2,,2022,1,0
464.3,,83.99,,12.38,,2021,1,0
400.06,,64.36,,49.7,,2018,1,0
395.58,,66.12,,82.81,,2020,3,1
435.36,,75.11,,24.53,,2023,2,0
348.82,,74.3,,65.77,,2021,1,1
432.48,,67.9,,23.61,,2018,0,0
359.28,,88.84,,49.38,,2019,1,0
298.88,,65.69,,35.92,,2021,1,0
325.12,,70.29,,94.44,,2022,0,0
411.19,,52.73,,16.51,,2023,1,0
328.0,,68.95,,61.8,,2022,1,0
468.55,,58.77,,48.38,,2023,2,1
445.41,,62.84,,76.66,,2020,0,0
453.34,,52.44,,39.28,,2021,1,1
386.86,,63.07,,25.89,,2022,4,0
394.18,,71.25,,8.0,,2018,2,0
314.35,,69.56,,76.89,,2024,0,0
434.77,,67.85,,101.1,,2024,0,1
400.89,,68.75,,25.08,,2023,2,1
411.2,,66.95,,10.56,,2020,2,1
472.86,,71.65,,43.75,,2020,3,0
346.67,,70.9,,8.0,,2024,1,0
373.06,,74.75,,8.0,,2021,1,1
397.97,,69.99,,14.39,,2021,1,1
328.55,,67.66,,47.84,,2021,3,0
369.68,,79.78,,70.69,,2020,3,1
407.11,,78.03,,8.0,,2023,2,1
362.1,,71.68,,122.7,,2022,0,0
451.99,,83.95,,33.73,,2024,1,1
296.9,,72.83,,108.94,,2020,0,1
441.75,,70.39,,8.0,,2021,0,0
416.37,,71.31,,25.72,,2022,1,0
348.71,,73.65,,23.67,,2022,4,0
329.16,,62.83,,22.28,,2024,0,0
265.58,,53.26,,112.16,,2022,1,1
336.27,,74.81,,79.51,,2022,3,0
437.59,,80.34,,66.41,,2021,0,1
376.92,,61.99,,14.16,,2022,2,1
443.96,,82.73,,17.39,,2022,1,0
345.91,,55.54,,12.61,,2022,2,0
418.89,,66.41,,66.25,,2024,1,0
340.54,,89.06,,20.96,,2022,0,0
326.89,,75.56,,161.63,,2020,2,0
374.11,,68.98,,19.03,,2020,2,0
343.43,,74.52,,8.0,,2024,1,0
295.14,,83.96,,111.6,,2024,3,0
369.97,,57.55,,64.11,,2022,1,0
385.85,,85.18,,36.76,,2023,1,0
449.76,,67.1,,82.11,,2022,4,1
431.52,,79.08,,125.36,,2024,1,1
447.1,,65.86,,82.99,,2021,0,0
419.62,,88.84,,98.65,,2018,1,1
398.29,,71.69,,13.29,,2018,2,0
312.41,,58.71,,30.03,,2024,2,0
388.24,,76.7,,66.62,,2022,0,0
412.82,,85.01,,31.36,,2024,0,0
460.16,,83.88,,43.12,,2022,2,0
417.75,,72.94,,107.6,,2024,1,0
448.22,,80.12,,14.7,,2022,2,0
323.24,,67.78,,32.56,,2023,0,1
362.05,,77.91,,34.82,,2021,1,0
403.61,,75.63,,18.71,,2022,2,0
443.85,,43.05,,19.29,,2021,1,0
372.01,,61.99,,61.55,,2023,2,0
375.47,,74.08,,111.4,,2020,2,0
417.79,,73.65,,42.18,,2021,0,0
318.08,,71.71,,28.11,,2023,0,1
468.41,,72.89,,58.28,,2021,1,0
331.65,,84.08,,240.0,,2021,3,0
274.48,,75.54,,8.0,,2021,1,0
380.55,,48.67,,44.28,,2023,0,0
473.42,,91.48,,34.11,,2021,1,1
412.25,,52.93,,39.57,,2022,1,1
421.31,,81.58,,8.0,,2018,1,0
382.28,,56.36,,130.88,,2023,2,0
371.62,,86.23,,8.0,,2024,2,1
295.03,,69.22,,15.43,,2024,0,0
255.73,,75.84,,14.88,,2022,0,1
390.79,,52.14,,55.48,,2022,0,0
452.19,,79.3,,46.68,,2020,1,0
398.93,,76.16,,8.0,,2023,2,0
414.3,,78.17,,8.0,,2022,1,1
467.1,,81.5,,16.12,,2022,1,0
398.08,,73.79,,51.15,,2023,0,0
373.25,,69.89,,111.23,,2024,0,0
334.98,,63.89,,15.92,,2020,2,0
491.22,,67.57,,31.32,,2024,1,1
408.96,,84.06,,19.58,,2022,1,0
328.1,,63.62,,36.17,,2024,1,1
315.59,,53.57,,41.53,,2024,0,1
448.92,,62.12,,30.68,,2024,0,1
322.94,,78.06,,20.69,,2021,2,0
481.96,,68.97,,88.98,,2022,2,0
228.39,,78.04,,68.0,,2023,1,0
458.24,,52.0,,240.0,,2023,0,0
406.78,,42.17,,22.35,,2020,1,0
386.52,,74.64,,8.0,,2024,3,1
370.35,,82.05,,44.26,,2024,2,1
483.99,,54.89,,64.25,,2020,4,0
418.89,,77.26,,115.97,,2024,0,0
330.32,,83.9,,8.0,,2024,1,1
285.46,,71.96,,88.91,,2021,1,0
389.75,,81.01,,30.54,,2024,1,1
379.94,,73.9,,19.73,,2021,1,0
296.41,,69.37,,10.54,,2020,1,0
376.95,,80.21,,70.67,,2024,2,1
348.43,,91.13,,18.99,,2022,4,0
380.51,,66.42,,38.97,,2019,1,0
419.93,,71.12,,30.1,,2024,7,0
462.09,,62.09,,12.83,,2021,1,0
429.99,,73.55,,65.11,,2020,2,0
340.32,,70.44,,14.87,,2022,1,0
400.29,,83.58,,65.01,,2022,1,0
383.47,,86.2,,22.13,,2024,0,1
306.73,,79.88,,8.0,,2022,1,0
401.9,,82.47,,61.26,,2023,3,0
482.12,,64.95,,96.4,,2021,2,0
381.78,,62.45,,8.0,,2019,0,0
292.32,,76.37,,36.96,,2018,2,0
381.66,,72.2,,8.0,,2021,2,0
313.25,,91.99,,74.39,,2023,0,0
427.5,,52.78,,185.62,,2018,3,0
408.87,,78.2,,28.69,,2020,1,1
370.6,,78.03,,15.79,,2020,1,0
361.79,,64.38,,78.51,,2022,4,0
368.33,,62.32,,30.89,,2023,5,1
380.46,,68.61,,25.03,,2022,1,0
337.53,,55.58,,10.86,,2023,1,0
303.67,,86.57,,40.2,,2024,1,0
442.63,,99.01,,39.15,,2022,2,0
358.8,,68.59,,12.81,,2024,3,0
389.19,,65.61,,9.98,,2021,1,0
395.69,,58.89,,24.24,,2023,0,1
397.71,,61.04,,25.17,,2023,0,0
315.44,,66.11,,8.0,,2024,1,1
287.83,,84.09,,13.57,,2020,0,1
347.62,,103.93,,8.0,,2021,1,0
401.76,,64.77,,97.32,,2021,4,1
339.96,,62.98,,8.0,,2021,2,1
360.48,,60.32,,88.62,,2022,0,1
497.0,,76.51,,31.52,,2024,2,0
278.5,,75.44,,45.97,,2020,0,0
338.47,,73.01,,107.82,,2022,0,0
484.31,,67.56,,19.1,,2023,1,0
377.55,,85.59,,50.94,,2023,2,0
341.17,,79.64,,46.78,,2020,2,0
444.28,,79.21,,186.99,,2023,1,1
383.04,,75.7,,8.0,,2024,0,1
360.84,,70.11,,25.53,,2023,3,0
390.58,,64.85,,191.59,,2021,1,0
343.8,,77.2,,16.69,,2022,2,0
324.04,,76.23,,141.61,,2021,1,0
373.75,,77.67,,71.26,,2022,1,0
324.4,,56.36,,17.41,,2024,0,0
380.59,,75.39,,8.0,,2020,0,1
399.49,,68.91,,13.82,,2022,0,1
426.92,,63.21,,8.0,,2023,0,1
442.04,,79.28,,23.5,,2022,0,0
357.68,,73.77,,117.83,,2023,0,1
407.47,,95.54,,30.19,,2020,0,1
407.09,,76.84,,24.92,,2024,1,0
398.03,,69.03,,10.21,,2024,1,0
353.63,,70.92,,40.8,,2021,1,0
323.46,,60.28,,25.52,,2019,0,1
407.61,,84.31,,62.23,,2024,1,1
286.12,,75.15,,30.49,,2021,1,0
365.27,,75.32,,91.42,,2022,1,0
239.55,,61.36,,64.17,,2020,1,0
306.5,,79.79,,8.0,,2019,0,0
331.76,,62.65,,8.0,,2019,3,1
440.32,,66.46,,8.0,,2020,1,0
417.85,,73.25,,19.34,,2024,1,1
349.53,,66.19,,8.0,,2023,1,1
420.12,,64.08,,25.11,,2022,1,0
428.82,,71.5,,11.6,,2021,0,0
371.16,,82.1,,28.96,,2020,0,1
303.86,,80.95,,8.0,,2022,0,0
368.56,,79.07,,33.46,,2024,0,0
374.62,,76.86,,142.56,,2024,1,1
312.22,,67.24,,42.59,,2024,0,1
400.19,,83.21,,34.9,,2019,4,1
395.39,,54.64,,65.16,,2020,2,0
404.48,,76.34,,8.0,,2020,0,0
395.34,,80.41,,13.94,,2020,0,1
420.14,,71.1,,182.33,,2019,0,1
370.14,,64.78,,64.1,,2019,0,0
391.1,,71.63,,8.0,,2021,0,0
358.12,,64.42,,16.6,,2020,0,1
347.85,,77.14,,24.34,,2020,0,0
453.6,,81.46,,114.53,,2022,0,1
267.59,,76.47,,37.06,,2020,0,0
428.22,,75.87,,8.0,,2018,3,0
345.87,,79.6,,29.88,,2023,2,1
338.75,,80.76,,14.35,,2021,1,0
394.39,,64.22,,17.37,,2023,0,1
298.07,,56.62,,8.0,,2024,2,0
335.12,,74.78,,25.78,,2024,1,0
333.3,,81.24,,46.5,,2020,1,0
367.82,,56.19,,59.86,,2023,1,0
335.77,,72.69,,49.93,,2019,1,0
468.06,,83.28,,45.37,,2022,0,1
478.84,,70.84,,85.44,,2022,1,0
268.79,,87.21,,16.97,,2020,1,0
409.94,,85.34,,10.15,,2023,0,1
427.23,,70.17,,8.0,,2024,2,0
409.86,,68.32,,8.0,,2021,2,1
343.8,,68.51,,8.0,,2020,1,0
366.57,,73.35,,102.32,,2020,4,0
338.84,,60.26,,8.36,,2023,2,0
356.89,,58.42,,8.0,,2019,1,0
313.45,,49.29,,21.47,,2019,2,1
373.69,,71.79,,8.0,,2020,1,1
297.35,,92.39,,8.0,,2022,2,1
368.99,,52.09,,18.9,,2021,2,0
311.33,,70.16,,105.76,,2024,0,0
391.37,,69.86,,8.0,,2021,1,0
342.63,,70.48,,9.78,,2022,3,0
395.98,,84.57,,73.02,,2019,1,1
439.49,,63.12,,11.82,,2023,2,1
467.42,,52.54,,24.43,,2023,1,0
240.96,,66.66,,8.0,,2021,0,0
334.12,,65.32,,66.6,,2023,1,0
363.33,,49.69,,56.01,,2020,0,0
405.32,,74.45,,8.0,,2023,1,0
289.23,,60.14,,124.14,,2022,3,0
325.98,,71.17,,37.51,,2021,3,0
387.17,,68.37,,67.21,,2023,1,0
384.67,,61.26,,60.61,,2023,2,0
400.77,,80.91,,30.75,,2022,0,1
404.4,,69.19,,57.81,,2020,2,1
398.62,,72.54,,11.4,,2024,1,0
390.65,,77.86,,8.0,,2022,3,0
383.07,,74.89,,17.58,,2022,2,0
416.56,,73.45,,8.0,,2020,0,1
256.84,,63.76,,166.64,,2024,1,0
464.94,,60.88,,108.03,,2022,0,0
258.75,,73.58,,8.0,,2022,0,0
320.65,,62.38,,17.71,,2024,0,0
367.53,,79.94,,29.9,,2021,2,0
416.99,,70.7,,21.37,,2018,1,0
215.26,,78.49,,50.57,,2020,0,0
378.45,,62.14,,29.41,,2023,1,0
423.58,,60.59,,34.99,,2020,0,0
434.7,,88.79,,47.55,,2020,1,1
341.65,,70.51,,8.0,,2022,3,0
363.45,,81.13,,8.0,,2022,0,0
346.11,,57.88,,8.24,,2022,1,0
358.4,,69.17,,53.21,,2020,2,0
323.25,,85.02,,11.55,,2020,3,1
331.09,,56.35,,106.17,,2023,0,1
403.89,,94.75,,8.0,,2023,0,0
387.24,,74.03,,36.43,,2021,0,0
407.04,,63.81,,8.0,,2020,1,0
391.77,,75.52,,150.26,,2024,4,0
418.74,,83.09,,10.1,,2020,1,0
428.3,,63.74,,37.21,,2022,0,0
284.21,,65.18,,128.47,,2023,0,0
333.01,,74.49,,8.0,,2024,1,0
367.27,,76.63,,30.2,,2019,0,1
378.75,,70.02,,31.42,,2021,0,0
343.15,,76.02,,18.19,,2024,1,0
430.16,,80.54,,44.64,,2022,1,1
488.9,,73.73,,32.85,,2022,3,1
390.24,,65.09,,12.03,,2021,2,0
384.64,,71.79,,51.32,,2020,1,0
426.72,,89.56,,26.36,,2020,2,1
277.38,,75.33,,26.69,,2023,1,1
381.57,,84.4,,127.47,,2020,1,0
433.85,,66.86,,32.16,,2020,4,1
344.63,,74.63,,64.49,,2021,0,0
312.54,,79.94,,84.85,,2023,1,0
369.78,,86.98,,36.51,,2022,0,1
376.66,,84.28,,64.83,,2018,1,1
330.02,,60.81,,15.56,,2022,0,0
495.29,,83.52,,8.43,,2021,1,0
353.67,,88.86,,49.95,,2022,0,1
316.55,,66.25,,109.46,,2024,4,1
374.85,,63.06,,8.0,,2020,0,0
429.93,,71.76,,60.48,,2021,2,1
380.96,,73.79,,8.0,,2024,2,0
406.71,,68.5,,25.77,,2023,1,0
332.07,,60.13,,47.49,,2021,1,0
461.82,,86.72,,21.83,,2019,0,0
410.89,,63.4,,15.04,,2024,1,0
437.62,,66.93,,8.69,,2020,1,0
400.08,,73.09,,160.06,,2021,0,0
425.37,,57.28,,35.48,,2021,1,0
331.98,,56.51,,8.0,,2019,2,0
352.97,,67.68,,8.0,,2019,2,0
454.06,,80.26,,11.71,,2021,2,1
465.79,,73.88,,32.49,,2021,3,0
316.91,,51.41,,58.56,,2024,0,1
393.74,,85.89,,166.37,,2022,1,1
356.3,,79.97,,75.41,,2024,0,1
341.66,,73.91,,39.76,,2019,1,1
395.67,,73.64,,46.12,,2020,2,1
442.75,,78.73,,31.01,,2020,0,1
404.84,,95.26,,23.95,,2021,2,0
362.43,,80.81,,64.51,,2024,1,0
408.32,,74.96,,8.2,,2021,0,0
360.2,,59.73,,17.07,,2022,0,0
402.67,,73.65,,161.63,,2024,1,0
456.81,,79.73,,35.62,,2022,5,1
265.76,,70.85,,28.99,,2022,0,1
423.85,,66.77,,79.9,,2022,0,1
295.35,,77.54,,60.29,,2021,2,0
447.56,,62.12,,16.57,,2022,1,0
344.96,,80.68,,41.3,,2024,4,0
313.03,,67.64,,8.61,,2021,0,1
418.24,,50.78,,8.0,,2022,2,1
400.03,,67.45,,192.78,,2019,1,0
325.04,,71.43,,56.13,,2022,3,1
311.09,,77.52,,112.15,,2019,0,0
369.69,,76.37,,74.89,,2021,1,0
313.78,,59.1,,23.47,,2024,3,1
321.62,,73.22,,83.01,,2024,3,1
386.36,,66.66,,64.89,,2023,1,1
326.88,,68.4,,12.55,,2023,0,0
403.46,,62.02,,40.97,,2020,2,0
461.96,,71.49,,15.28,,2020,0,0
371.83,,103.32,,11.2,,2022,0,1
387.16,,90.56,,8.0,,2024,1,0
491.0,,62.01,,32.9,,2024,2,0
314.68,,72.66,,20.93,,2022,0,0
445.52,,68.86,,8.0,,2024,2,1
438.9,,73.42,,53.22,,2020,1,0
426.99,,81.16,,53.93,,2023,0,1
451.05,,70.71,,11.27,,2021,0,1
395.43,,64.88,,131.1,,2024,1,0
347.94,,83.56,,63.19,,2021,2,0
440.2,,59.66,,68.73,,2021,3,0
442.31,,73.89,,8.0,,2022,0,0
440.79,,57.14,,161.15,,2021,0,1
382.45,,61.74,,194.67,,2021,2,1
340.61,,79.45,,29.72,,2022,2,0
390.52,,65.21,,176.43,,2024,1,0
431.82,,53.23,,39.78,,2023,1,1
436.34,,64.77,,8.0,,2022,2,1
356.37,,63.7,,70.7,,2021,2,0
397.35,,59.38,,34.3,,2020,0,1
308.02,,77.5,,17.6,,2024,2,0
434.17,,56.53,,11.32,,2024,0,1
336.92,,66.12,,30.73,,2019,3,0
423.19,,73.33,,49.43,,2023,1,1
316.79,,68.57,,88.02,,2024,1,1
436.73,,67.96,,38.34,,2023,0,1
397.7,,64.77,,22.54,,2021,1,0
337.03,,59.81,,42.0,,2022,0,1
418.02,,65.63,,28.86,,2021,0,0
347.53,,78.58,,44.33,,2022,2,0
421.23,,67.66,,39.44,,2024,1,1
364.92,,73.67,,161.63,,2023,1,0
285.34,,83.17,,40.89,,2022,2,0
325.97,,78.0,,49.33,,2024,1,0
356.33,,59.24,,93.63,,2018,0,0
455.25,,76.48,,102.57,,2021,1,1
429.56,,82.48,,8.0,,2022,0,1
469.31,,66.18,,25.4,,2022,1,0
470.95,,56.14,,120.15,,2024,1,0
350.59,,67.59,,134.95,,2023,0,0
369.63,,73.88,,8.85,,2021,1,0
357.38,,77.92,,24.63,,2023,3,0
343.07,,66.79,,13.72,,2024,2,0
278.72,,51.65,,65.69,,2023,0,1
379.19,,59.24,,80.29,,2021,1,1
309.29,,75.6,,26.61,,2023,1,0
378.12,,91.91,,47.29,,2022,0,0
496.37,,71.78,,85.68,,2022,2,1
351.99,,85.13,,51.92,,2024,0,1
390.71,,61.43,,8.0,,2022,1,0
429.87,,65.52,,52.28,,2021,4,0
395.42,,48.6,,8.0,,2023,0,0
396.09,,75.7,,44.54,,2022,3,0
360.07,,63.06,,17.04,,2021,2,1
367.25,,77.99,,8.0,,2021,0,0
327.2,,66.98,,10.79,,2022,2,0
426.53,,92.22,,26.54,,2020,1,1
284.22,,89.93,,214.99,,2021,0,1
433.41,,48.97,,12.4,,2024,1,1
302.8,,77.91,,161.82,,2024,0,0
432.94,,64.57,,19.02,,2021,0,0
360.54,,,78468.87,135.2,,2024,2,1
312.25,,58.56,,131.29,,2019,1,1
411.86,,86.41,,8.0,,2020,2,1
431.08,,82.31,,74.11,,2022,1,0
355.91,,57.86,,30.59,,2023,1,0
419.63,,70.19,,48.68,,2021,0,1
254.32,,73.62,,62.85,,2024,1,0
307.37,,79.19,,8.0,,2023,0,0
451.08,,71.88,,67.38,,2024,1,0
367.7,,79.86,,15.15,,2019,1,0
277.58,,71.29,,55.36,,2022,0,1
341.56,,78.12,,35.81,,2021,6,1
329.21,,58.32,,48.47,,2024,0,0
370.87,,71.74,,40.96,,2018,1,0
359.61,,83.5,,69.84,,2023,3,0
389.84,,86.11,,94.48,,2020,2,0
376.18,,73.73,,25.04,,2024,1,0
454.79,,71.01,,20.91,,2022,2,0
403.35,,85.68,,11.65,,2020,0,0
405.17,,70.99,,70.61,,2024,0,0
444.08,,83.45,,143.29,,2022,2,0
358.62,,70.93,,9.13,,2019,0,0
310.6,,72.4,,25.71,,2018,1,0
446.38,,60.95,,61.79,,2021,1,0
387.47,,59.51,,42.45,,2023,2,0
387.66,,81.78,,70.88,,2022,0,0
345.17,,89.23,,8.0,,2022,0,0
346.07,,73.06,,101.77,,2020,3,0
426.57,,70.34,,8.0,,2023,4,1
434.16,,82.23,,24.77,,2021,1,0
423.11,,75.37,,13.55,,2021,1,0
423.61,,48.02,,110.62,,2022,0,1
411.3,,81.94,,13.51,,2023,2,0
387.23,,58.63,,19.63,,2018,1,0
370.35,,71.88,,92.08,,2018,4,0
446.57,,67.59,,32.38,,2019,1,0
359.45,,65.59,,95.96,,2024,0,1
400.35,,72.47,,45.43,,2024,2,0
335.78,,80.94,,8.0,,2023,0,0
343.74,,72.31,,23.96,,2018,1,0
367.01,,86.1,,8.15,,2023,1,1
335.78,,87.34,,8.0,,2024,2,1
423.88,,87.25,,19.66,,2024,1,0
305.86,,71.44,,100.41,,2024,1,0
385.46,,67.22,,8.0,,2022,0,0
387.29,,71.66,,8.0,,2022,3,1
280.41,,83.25,,114.86,,2022,2,1
355.74,,82.65,,31.72,,2022,1,0
394.06,,46.05,,34.35,,2022,2,0
403.58,,75.06,,110.77,,2019,1,1
368.76,,48.32,,50.59,,2024,2,0
417.23,,71.81,,73.64,,2018,1,1
373.99,,66.71,,61.82,,2018,1,0
380.75,,63.63,,39.75,,2018,2,1
393.84,,80.49,,48.97,,2024,0,0
430.98,,65.53,,34.55,,2024,0,1
342.84,,71.9,,18.44,,2021,1,1
353.22,,62.68,,14.11,,2019,0,0
343.21,,72.74,,8.13,,2018,0,0
361.73,,81.6,,18.35,,2024,1,1
458.44,,63.22,,36.13,,2021,1,0
411.5,,78.4,,37.2,,2022,1,1
317.79,,72.56,,48.31,,2021,2,0
346.98,,72.47,,88.85,,2024,2,1
400.5,,68.5,,44.31,,2024,3,0
330.14,,79.73,,8.0,,2024,3,0
340.11,,78.71,,8.0,,2022,0,1
453.97,,70.67,,9.21,,2020,1,1
346.26,,74.03,,100.26,,2023,0,0
432.51,,79.43,,35.22,,2020,1,0
449.04,,77.42,,79.29,,2021,2,1
339.66,,68.93,,11.21,,2024,2,1
331.05,,83.66,,51.97,,2024,3,0
364.81,,80.64,,55.25,,2022,1,1
320.13,,93.11,,69.65,,2021,0,1
386.66,,56.3,,32.21,,2022,3,0
368.69,,79.02,,66.26,,2023,2,0
399.83,,83.52,,115.09,,2020,1,1
456.83,,82.05,,132.54,,2024,0,0
424.96,,69.47,,8.0,,2020,2,1
406.91,,58.37,,41.12,,2023,1,1
271.87,,87.4,,8.0,,2022,1,0
404.39,,67.18,,107.46,,2021,2,0
474.74,,69.05,,130.62,,2022,0,0
214.42,,92.67,,29.08,,2024,2,1
417.92,,59.27,,135.08,,2021,0,0
371.24,,80.19,,61.05,,2024,1,1
333.26,,64.46,,50.0,,2019,0,0
424.06,,64.24,,36.51,,2022,3,0
474.03,,73.68,,21.93,,2021,1,0
422.64,,78.76,,139.36,,2024,1,0
359.58,,81.5,,9.22,,2018,1,0
328.11,,82.81,,68.13,,2018,1,0
387.95,,64.93,,19.24,,2024,3,1
428.02,,60.56,,58.77,,2023,1,1
358.71,,68.57,,8.0,,2020,2,0
364.03,,75.47,,19.63,,2024,1,1
535.21,,69.94,,122.7,,2024,2,0
439.33,,35.68,,34.22,,2020,1,1
443.26,,53.73,,28.38,,2023,2,1
299.68,,69.6,,58.58,,2022,3,0
341.1,,80.55,,22.67,,2022,1,1
384.11,,62.95,,28.53,,2023,2,0
324.94,,79.33,,34.54,,2023,1,1
468.02,,57.04,,193.36,,2019,1,0
457.57,,74.56,,68.74,,2023,0,1
350.66,,74.63,,8.0,,2020,1,0
478.12,,76.69,,64.29,,2022,0,0
379.77,,61.92,,29.36,,2021,1,1
522.42,,56.52,,11.01,,2019,3,0
387.96,,79.26,,80.67,,2019,0,1
411.69,,56.74,,13.25,,2023,0,0
456.99,,64.29,,16.22,,2022,3,0
450.27,,85.92,,8.0,,2024,0,1
408.09,,73.7,,159.55,,2024,2,1
372.24,,75.69,,66.64,,2020,0,1
408.28,,78.25,,8.0,,2024,0,1
335.11,,77.89,,28.24,,2021,1,1
388.37,,71.79,,17.25,,2020,4,0
318.99,,62.99,,8.0,,2022,0,0
282.05,,98.84,,110.05,,2021,0,1
382.77,,69.07,,76.81,,2022,0,1
449.43,,75.31,,182.16,,2023,2,1
430.92,,76.4,,11.67,,2021,1,0
375.49,,66.67,,50.49,,2022,1,1
476.08,,67.74,,8.0,,2023,0,1
348.7,,86.88,,23.71,,2023,1,1
274.52,,64.61,,78.78,,2024,1,1
259.98,,76.12,,8.0,,2023,1,1
315.03,,80.96,,27.52,,2021,0,1
424.91,,69.86,,23.96,,2019,1,0
345.09,,71.06,,49.33,,2022,3,1
405.35,,81.57,,11.41,,2022,4,0
470.55,,70.63,,8.0,,2022,2,0
319.49,,51.23,,44.18,,2022,0,0
406.32,,87.04,,43.06,,2021,0,0
409.64,,62.25,,58.53,,2024,1,0
332.66,,74.15,,11.91,,2023,5,1
454.48,,58.82,,8.0,,2020,1,0
364.18,,66.89,,88.34,,2018,1,0
358.89,,67.64,,9.71,,2022,2,1
496.14,,73.74,,22.73,,2023,2,0
408.75,,63.23,,26.55,,2019,1,1
430.89,,91.83,,8.71,,2022,1,0
454.52,,72.25,,30.9,,2024,2,1
344.22,,80.81,,103.19,,2022,5,0
448.74,,71.91,,13.3,,2024,2,0
352.4,,81.97,,30.86,,2020,2,1
350.05,,50.99,,15.51,,2022,1,0
365.04,,64.95,,165.86,,2021,1,0
345.79,,66.78,,10.47,,2018,2,0
425.22,,66.7,,8.0,,2022,3,0
394.7,,77.19,,8.0,,2021,3,0
352.98,,77.87,,19.21,,2023,1,1
417.1,,71.26,,33.8,,2022,0,0
364.86,,71.51,,46.31,,2022,0,0
361.96,,96.41,,34.71,,2019,0,0
382.68,,75.25,,99.1,,2022,0,1
405.49,,49.75,,18.76,,2024,0,1
401.44,,79.7,,52.33,,2021,1,1
360.02,,77.59,,13.11,,2021,2,0
426.59,,83.59,,48.09,,2024,3,0
367.77,,77.98,,109.25,,2022,1,0
343.98,,62.95,,161.08,,2018,0,1
299.26,,80.9,,54.94,,2022,2,1
434.07,,72.99,,119.91,,2024,1,1
380.68,,82.46,,47.91,,2023,3,0
391.6,,87.48,,138.69,,2023,1,0
437.52,,70.78,,95.89,,2018,0,1
353.74,,80.76,,8.0,,2020,1,0
304.41,,82.34,,26.99,,2022,0,0
383.84,,73.59,,17.93,,2020,1,0
396.94,,91.58,,8.0,,2023,2,1
365.54,,82.46,,26.42,,2020,2,0
461.06,,66.15,,8.0,,2021,1,0
243.26,,74.6,,8.0,,2018,0,1
441.6,,80.6,,24.73,,2022,1,0
423.51,,91.2,,11.11,,2021,0,0
405.12,,78.21,,114.99,,2018,2,0
196.53,,74.89,,70.35,,2020,1,1
450.61,,84.64,,131.35,,2021,1,0
323.55,,69.81,,89.57,,2021,1,0
352.08,,62.1,,54.68,,2024,2,0
370.62,,79.04,,38.24,,2021,1,0
402.41,,68.22,,8.0,,2022,1,1
415.17,,99.16,,12.98,,2022,1,0
429.11,,74.53,,52.1,,2022,1,0
424.87,,79.1,,21.54,,2024,0,0
393.91,,65.72,,16.53,,2023,0,1
402.88,,84.65,,8.0,,2024,1,0
320.01,,71.73,,8.0,,2020,1,1
338.69,,70.75,,9.9,,2024,1,0
429.25,,70.99,,75.57,,2023,2,0
426.05,,59.09,,45.68,,2021,0,1
419.81,,69.49,,17.51,,2024,2,0
351.71,,77.46,,8.0,,2023,3,1
430.08,,56.55,,8.77,,2022,0,1
316.13,,82.22,,25.1,,2023,3,0
439.25,,69.32,,8.0,,2018,3,0
365.65,,74.45,,60.4,,2021,1,1
472.63,,49.66,,65.28,,2023,2,0
296.32,,74.25,,8.0,,2024,0,0
476.99,,61.57,,54.51,,2024,1,0
360.12,,68.49,,30.15,,2023,0,0
359.13,,56.33,,137.77,,2022,0,0
390.72,,63.18,,65.06,,2020,0,0
341.66,,70.36,,36.97,,2019,1,0
376.02,,69.28,,38.87,,2024,0,0
339.43,,80.85,,8.28,,2020,2,0
341.44,,53.32,,94.11,,2020,1,0
406.78,,71.49,,34.41,,2023,1,0
330.41,,71.01,,35.85,,2023,1,0
337.75,,67.42,,35.98,,2022,0,0
304.5,,62.87,,13.58,,2019,1,0
352.28,,83.02,,70.22,,2022,0,0
452.14,,92.48,,83.28,,2024,1,1
333.47,,54.86,,14.26,,2024,1,1
339.76,,62.76,,24.49,,2023,0,1
390.67,,61.96,,8.29,,2023,0,0
359.61,,69.18,,11.45,,2018,3,0
502.55,,84.56,,17.2,,2020,1,0
371.06,,77.28,,97.55,,2023,1,1
398.44,,70.46,,41.32,,2022,1,1
431.91,,72.16,,37.24,,2022,1,0
430.85,,68.81,,123.18,,2024,1,0
392.83,,79.39,,65.81,,2023,1,1
371.14,,80.6,,8.0,,2022,0,0
491.32,,77.91,,8.0,,2024,0,0
374.51,,50.03,,11.96,,2020,1,0
355.71,,72.13,,15.22,,2021,0,0
344.48,,70.13,,75.44,,2023,1,0
285.03,,81.91,,61.71,,2020,2,0
425.19,,74.39,,8.0,,2021,2,0
250.86,,77.57,,32.06,,2023,2,1
379.69,,67.05,,8.0,,2021,1,0
368.73,,81.39,,8.0,,2019,0,0
503.2,,84.34,,11.65,,2022,0,0
279.26,,55.73,,98.99,,2023,1,0
330.44,,59.04,,19.12,,2023,1,1
372.51,,79.62,,103.94,,2023,1,0
369.14,,70.28,,58.35,,2023,1,1
349.78,,82.29,,58.12,,2020,3,1
375.55,,74.42,,68.34,,2023,0,1
310.72,,78.93,,8.0,,2018,1,1
399.65,,64.53,,70.78,,2023,1,0
252.32,,75.4,,12.23,,2019,1,0
378.58,,75.43,,173.5,,2023,1,0
346.98,,65.11,,79.18,,2024,1,1
435.9,,82.02,,239.29,,2024,0,0
476.54,,53.05,,116.19,,2021,1,0
361.79,,74.08,,18.73,,2024,2,1
456.49,,59.06,,119.36,,2022,3,1
362.61,,61.78,,16.83,,2021,2,0
326.86,,81.86,,45.22,,2022,2,1
476.02,,61.0,,71.71,,2021,2,1
408.64,,60.58,,20.21,,2020,1,0
380.24,,77.8,,9.58,,2020,3,1
417.79,,60.89,,94.61,,2020,1,0
395.08,,82.18,,8.0,,2020,3,1
376.19,,78.45,,19.07,,2024,2,1
307.05,,64.22,,32.67,,2022,2,0
365.12,,81.8,,68.61,,2018,3,0
414.28,,52.61,,85.32,,2021,0,0
373.25,,76.72,,30.1,,2024,2,0
429.63,,59.54,,35.78,,2023,1,0
401.1,,66.77,,80.76,,2022,2,1
331.7,,67.41,,26.43,,2019,2,0
307.45,,84.81,,34.4,,2022,1,1
371.36,,66.99,,8.0,,2023,0,0
351.17,,71.21,,126.77,,2024,2,0
398.5,,67.62,,35.13,,2022,1,1
340.5,,62.17,,54.62,,2022,0,0
346.15,,61.7,,11.97,,2022,1,0
437.92,,75.09,,44.89,,2024,0,0
388.15,,71.74,,25.88,,2021,2,1
341.35,,79.63,,8.0,,2024,1,1
380.97,,69.58,,74.46,,2022,1,1
455.84,,69.9,,76.8,,2023,0,0
396.16,,79.66,,8.0,,2022,3,0
412.61,,68.28,,20.8,,2022,3,0
338.63,,57.6,,13.88,,2021,0,0
436.45,,80.48,,30.51,,2022,1,1
507.5,,65.23,,28.18,,2022,0,1
336.47,,72.67,,44.87,,2023,0,0
315.0,,65.73,,11.94,,2021,0,1
389.65,,62.27,,10.53,,2024,2,0
428.15,,53.01,,53.97,,2023,2,0
374.97,,75.39,,157.01,,2022,1,1
322.07,,38.06,,122.86,,2023,1,0
374.03,,84.98,,65.95,,2018,2,1
412.9,,82.32,,8.0,,2022,1,1
357.61,,62.9,,11.4,,2022,0,0
413.4,,87.88,,49.14,,2022,0,0
444.06,,92.61,,14.73,,2023,2,0
393.21,,69.27,,21.01,,2024,0,1
378.46,,76.11,,129.03,,2018,2,1
425.61,,73.36,,8.0,,2020,0,0
332.91,,87.14,,82.95,,2018,0,0
327.49,,58.07,,8.0,,2020,3,0
365.34,,69.73,,17.32,,2024,2,1
352.95,,81.19,,34.04,,2021,3,1
335.82,,80.14,,18.51,,2022,1,0
480.68,,71.57,,132.31,,2024,1,0
499.46,,85.92,,29.48,,2023,1,0
360.55,,74.33,,55.59,,2020,2,1
385.04,,73.14,,50.86,,2024,2,0
369.67,,78.97,,75.7,,2022,3,0
440.91,,71.39,,83.77,,2024,0,0
451.81,,72.5,,26.37,,2023,0,0
282.25,,64.13,,83.49,,2024,1,0
406.18,,101.33,,44.51,,2024,3,1
308.12,,67.27,,48.66,,2020,1,0
476.7,,79.29,,8.0,,2023,1,0
404.21,,91.09,,11.81,,2022,0,0
334.72,,58.57,,48.87,,2019,2,0
366.73,,78.11,,12.97,,2022,0,0
364.11,,72.23,,28.28,,2019,1,1
408.88,,89.95,,28.28,,2023,1,1
437.31,,62.91,,11.2,,2021,0,1
316.85,,64.48,,35.11,,2024,2,0
481.13,,71.5,,34.84,,2023,0,1
468.31,,67.06,,8.0,,2024,1,1
331.86,,67.41,,20.15,,2020,4,1
384.0,,92.28,,19.13,,2023,0,0
474.09,,73.27,,34.68,,2024,2,0
447.81,,64.15,,58.11,,2020,0,0
361.48,,68.1,,8.0,,2023,1,0
424.79,,76.05,,8.0,,2021,0,1
544.85,,75.37,,15.1,,2024,2,0
385.78,,66.23,,69.84,,2022,0,0
345.2,,55.72,,27.51,,2023,0,1
389.48,,71.49,,30.04,,2021,2,1
393.56,,71.22,,22.1,,2024,0,1
351.15,,65.54,,22.53,,2019,1,1
404.29,,84.8,,159.46,,2020,1,0
311.01,,77.75,,96.14,,2019,0,0
343.4,,73.35,,54.35,,2024,3,0
421.7,,68.39,,16.45,,2022,0,0
283.48,,89.33,,30.28,,2022,1,1
429.67,,60.46,,49.11,,2021,0,0
269.34,,67.03,,21.08,,2022,0,0
284.78,,67.48,,31.22,,2020,2,0
352.56,,74.99,,8.0,,2024,2,0
395.78,,78.61,,8.0,,2021,2,0
452.89,,58.63,,8.0,,2024,1,0
383.17,,65.15,,59.19,,2022,2,1
366.44,,76.48,,8.85,,2022,0,1
411.88,,65.35,,108.64,,2024,3,0
332.1,,67.98,,19.31,,2022,1,0
387.67,,73.73,,8.0,,2021,0,1
314.03,,62.2,,73.26,,2022,2,0
384.54,,74.78,,25.62,,2022,0,0
372.86,,78.13,,20.65,,2021,1,0
335.77,,72.38,,16.79,,2022,2,0
389.08,,86.25,,16.85,,2019,1,0
388.72,,79.25,,45.74,,2024,2,0
444.65,,71.59,,32.67,,2023,1,0
291.69,,68.79,,26.48,,2020,1,0
375.82,,89.55,,24.88,,2023,2,0
338.19,,65.39,,8.0,,2021,2,0
427.84,,69.28,,73.9,,2022,0,1
421.47,,67.9,,109.84,,2024,2,0
407.93,,75.98,,68.06,,2023,0,0
341.29,,94.55,,25.21,,2019,1,0
428.7,,74.47,,150.46,,2022,0,1
295.84,,68.78,,40.49,,2023,0,1
284.56,,73.89,,62.48,,2020,1,1
309.83,,58.87,,56.78,,2019,0,1
378.16,,70.12,,51.68,,2020,2,0
417.13,,89.04,,43.14,,2024,2,0
216.32,,78.62,,9.99,,2024,2,1
452.75,,84.31,,14.65,,2024,0,0
387.21,,82.13,,91.47,,2020,3,0
293.77,,64.91,,8.33,,2022,3,1
385.55,,91.12,,8.0,,2022,1,0
440.09,,54.24,,14.04,,2024,1,0
412.97,,75.32,,18.91,,2022,0,0
440.45,,51.4,,33.83,,2022,1,0
304.86,,54.87,,39.07,,2022,2,1
357.23,,81.36,,65.68,,2021,1,0
329.14,,65.09,,8.0,,2018,0,1
474.47,,84.45,,9.81,,2022,1,0
415.16,,50.26,,29.55,,2022,1,1
536.59,,71.11,,12.13,,2018,3,0
354.28,,59.84,,86.83,,2022,2,1
340.14,,68.71,,42.93,,2022,0,1
372.14,,87.48,,28.3,,2020,1,1
455.81,,89.92,,8.0,,2020,4,0
359.86,,77.13,,82.17,,2024,0,0
386.84,,56.05,,25.95,,2020,0,0
385.32,,59.93,,31.84,,2021,0,0
382.17,,73.6,,50.33,,2021,2,0
344.12,,63.94,,116.42,,2023,0,0
372.45,,78.58,,8.0,,2023,0,0
370.09,,88.76,,8.0,,2024,0,0
379.58,,62.17,,8.0,,2022,1,1
431.89,,63.05,,56.69,,2023,0,1
476.83,,60.2,,8.0,,2021,2,0
333.78,,69.46,,29.19,,2020,2,0
358.44,,72.52,,51.49,,2024,2,0
334.62,,72.22,,52.39,,2022,2,0
390.29,,80.98,,21.9,,2021,1,0
350.39,,75.93,,50.37,,2024,0,0
393.19,,71.41,,125.83,,2024,0,1
440.7,,72.41,,8.0,,2022,1,0
241.08,,72.86,,46.74,,2018,1,0
407.05,,71.42,,31.06,,2018,0,0
354.69,,65.23,,10.04,,2023,0,1
405.32,,59.97,,15.45,,2024,1,0
330.69,,73.42,,76.23,,2024,1,1
445.79,,67.01,,37.13,,2024,1,1
430.23,,77.25,,8.0,,2024,2,1
411.26,,72.72,,141.24,,2024,0,0
423.63,,72.15,,46.08,,2024,0,0
338.99,,81.84,,24.55,,2024,2,1
345.92,,57.95,,52.33,,2021,2,0
421.38,,89.69,,9.61,,2021,2,0
337.77,,50.15,,12.67,,2021,2,1
459.51,,86.51,,8.0,,2020,1,0
362.2,,74.01,,21.25,,2021,3,0
407.6,,66.76,,98.73,,2024,0,0
495.46,,57.28,,20.66,,2024,0,0
341.16,,66.01,,14.27,,2020,1,1
383.78,,70.36,,51.07,,2023,2,0
437.98,,73.95,,85.56,,2024,2,0
432.32,,86.46,,11.76,,2020,2,1
361.97,,72.73,,69.29,,2024,2,1
351.58,,75.2,,15.27,,2021,1,0
367.18,,75.5,,11.93,,2022,2,0
459.63,,68.72,,26.9,,2024,0,1
364.65,,70.08,,8.0,,2019,0,0
384.3,,70.93,,83.25,,2022,0,0
356.53,,78.26,,87.12,,2022,1,0
418.81,,62.87,,47.51,,2024,1,0
388.55,,66.93,,15.15,,2022,1,0
324.81,,75.56,,8.0,,2024,0,0
326.71,,61.24,,50.4,,2021,1,1
270.08,,73.14,,8.0,,2022,1,1
334.28,,66.54,,22.24,,2018,1,0
423.67,,77.05,,8.0,,2024,1,0
452.81,,85.74,,23.35,,2020,2,0
417.71,,66.55,,8.0,,2024,0,0
410.5,,79.58,,8.0,,2022,0,0
373.04,,74.01,,25.09,,2020,2,0
422.62,,68.16,,35.22,,2022,0,0
395.75,,72.07,,24.3,,2021,1,0
479.24,,84.98,,8.14,,2024,4,0
374.59,,70.28,,8.0,,2023,2,0
453.87,,85.09,,8.0,,2020,1,0
428.08,,70.8,,54.55,,2022,0,0
420.45,,57.88,,8.0,,2023,1,0
269.37,,70.53,,83.58,,2022,1,0
431.11,,57.1,,76.99,,2024,1,0
372.99,,68.82,,89.22,,2019,3,1
355.58,,68.44,,88.61,,2018,0,1
298.44,,90.17,,46.25,,2023,0,0
379.69,,88.09,,78.97,,2023,1,0
381.85,,72.85,,55.04,,2024,2,1
308.33,,84.11,,14.99,,2020,2,1
298.97,,68.02,,59.09,,2020,0,1
406.76,,57.73,,40.15,,2024,1,1
427.94,,77.28,,8.0,,2021,2,0
390.47,,75.61,,64.83,,2023,3,1
443.3,,62.62,,85.96,,2020,1,1
375.25,,63.07,,30.61,,2024,1,0
377.01,,81.4,,28.04,,2024,3,0
329.56,,55.16,,23.41,,2024,1,0
294.19,,77.58,,53.29,,2022,2,0
482.01,,68.86,,10.19,,2020,1,0
442.22,,77.6,,62.45,,2020,1,0
303.41,,81.88,,14.52,,2020,4,0
388.57,,63.26,,12.73,,2023,1,0
374.5,,60.6,,69.57,,2022,1,0
364.93,,86.66,,8.05,,2022,2,1
357.5,,71.43,,83.34,,2022,2,1
400.97,,75.28,,160.05,,2023,1,0
425.0,,81.11,,16.19,,2024,3,0
402.13,,62.39,,110.43,,2018,0,0
373.37,,81.02,,35.1,,2024,2,0
371.35,,78.4,,12.61,,2021,0,0
431.52,,86.7,,25.31,,2020,1,0
405.49,,86.53,,67.61,,2024,0,1
384.0,,72.63,,46.14,,2019,1,0
378.03,,79.53,,28.68,,2021,2,0
398.99,,72.45,,12.49,,2024,2,0
354.24,,73.45,,54.34,,2022,0,0
425.18,,60.71,,15.79,,2024,2,0
320.83,,69.76,,16.88,,2020,1,0
357.37,,54.05,,57.7,,2022,1,0
413.61,,70.63,,34.33,,2019,1,0
317.69,,85.2,,8.63,,2022,0,1
293.48,,79.78,,48.8,,2018,2,0
383.47,,73.12,,12.54,,2021,1,0
286.69,,69.98,,60.03,,2023,1,0
308.57,,66.6,,27.36,,2023,1,1
421.61,,62.81,,37.96,,2022,1,0
368.74,,80.19,,38.59,,2018,5,1
450.7,,56.65,,8.0,,2020,0,0
313.74,,56.42,,44.15,,2020,0,0
374.83,,81.04,,84.77,,2018,0,1
401.98,,74.08,,93.17,,2020,1,1
315.62,,72.45,,48.99,,2022,0,0
436.75,,74.07,,145.87,,2019,1,1
408.09,,92.1,,38.3,,2024,3,1
291.49,,72.56,,12.36,,2019,1,0
377.92,,74.93,,45.33,,2023,1,0
401.23,,92.58,,100.75,,2022,2,1
347.55,,71.36,,18.67,,2023,2,0
298.61,,89.26,,12.92,,2022,2,0
395.32,,50.93,,142.65,,2022,3,0
501.62,,60.38,,61.1,,2023,2,0
358.72,,65.32,,8.0,,2020,4,1
466.31,,77.84,,34.59,,2022,2,1
338.62,,89.74,,11.22,,2024,0,0
391.86,,66.09,,14.2,,2020,0,0
422.43,,81.78,,8.0,,2019,2,0
379.54,,94.37,,11.03,,2023,0,0
363.62,,87.65,,29.55,,2024,0,1
419.94,,67.96,,8.0,,2022,1,0
484.03,,80.69,,92.59,,2024,0,0
396.53,,75.39,,62.72,,2022,0,1
351.62,,65.41,,20.17,,2020,1,0
369.56,,76.27,,8.0,,2022,5,1
518.58,,67.26,,214.68,,2022,4,1
387.42,,73.24,,34.8,,2021,1,0
347.31,,58.22,,23.09,,2021,0,0
317.02,,54.37,,9.3,,2021,3,0
279.58,,69.13,,9.54,,2024,1,1
400.0,,75.18,,66.81,,2021,1,1
416.01,,60.72,,30.82,,2024,1,1
358.18,,77.26,,173.68,,2018,0,0
379.18,,72.43,,128.51,,2019,4,0
315.62,,78.5,,9.73,,2018,1,0
387.31,,81.46,,240.0,,2023,3,0
406.48,,85.44,,181.11,,2019,0,1
350.57,,78.03,,67.45,,2022,2,1
472.97,,69.05,,20.82,,2023,2,1
333.96,,73.89,,10.66,,2022,0,1
395.59,,95.29,,8.0,,2019,4,0
426.66,,81.85,,8.0,,2024,2,0
375.75,,72.72,,72.21,,2020,0,1
369.63,,70.49,,122.25,,2019,0,1
301.41,,66.02,,62.2,,2023,0,0
454.65,,60.13,,59.77,,2018,1,0
370.66,,89.08,,22.53,,2023,2,1
409.56,,76.78,,43.05,,2022,0,1
417.0,,59.31,,46.72,,2022,0,0
345.44,,70.75,,12.49,,2024,0,1
369.14,,84.7,,56.36,,2018,1,0
453.4,,67.53,,8.0,,2023,4,0
318.55,,63.86,,14.59,,2023,1,1
497.04,,75.57,,37.42,,2024,2,0
339.03,,78.58,,32.58,,2022,4,0
315.13,,67.54,,51.21,,2020,0,0
387.28,,66.0,,36.73,,2018,1,0
501.46,,76.61,,8.0,,2022,0,1
274.9,,60.75,,159.74,,2023,1,1
372.24,,66.62,,60.55,,2018,1,0
406.19,,70.8,,89.2,,2020,0,0
381.85,,79.39,,68.43,,2023,1,0
401.01,,67.72,,10.03,,2020,1,1
340.51,,77.63,,113.35,,2021,0,0
347.02,,83.66,,173.9,,2023,0,0
371.84,,66.94,,8.0,,2022,2,0
317.86,,104.23,,8.0,,2023,1,0
377.54,,86.2,,194.67,,2021,0,1
358.62,,74.72,,14.59,,2024,0,1
354.15,,70.18,,71.98,,2019,1,0
397.63,,66.45,,8.0,,2023,0,0
279.86,,88.61,,55.37,,2019,0,0
367.4,,74.1,,50.76,,2024,1,1
507.45,,57.61,,116.55,,2020,0,1
320.26,,54.88,,54.79,,2022,0,1
450.7,,73.12,,8.0,,2021,1,0
383.01,,73.34,,25.14,,2023,0,0
346.84,,62.83,,17.96,,2018,1,0
307.36,,56.86,,35.52,,2024,1,0
387.68,,52.37,,23.49,,2023,2,1
459.94,,64.41,,13.85,,2021,0,0
358.59,,68.37,,45.44,,2022,1,0
375.55,,78.92,,15.65,,2023,2,0
435.57,,70.7,,79.86,,2023,0,1
398.75,,82.64,,16.38,,2023,2,0
293.52,,78.05,,30.42,,2020,4,1
385.44,,77.13,,73.45,,2023,0,1
463.17,,81.79,,72.7,,2022,1,0
377.97,,58.13,,37.05,,2024,1,1
229.22,,66.64,,20.07,,2024,1,1
401.35,,96.01,,34.28,,2019,1,0
369.08,,52.94,,79.59,,2021,0,0
279.4,,69.02,,10.37,,2022,1,0
287.64,,76.76,,8.0,,2020,1,0
433.63,,53.23,,36.64,,2021,0,1
339.72,,64.47,,35.84,,2018,0,0
330.09,,91.96,,14.57,,2023,4,0
378.04,,73.7,,23.94,,2022,0,1
344.57,,66.26,,8.0,,2018,4,1
385.5,,74.1,,8.0,,2021,0,0
368.85,,66.24,,74.01,,2022,2,0
314.0,,89.13,,26.23,,2021,3,1
351.88,,62.09,,8.0,,2018,3,0
404.35,,66.77,,137.2,,2021,3,0
382.31,,57.08,,9.9,,2019,0,0
375.49,,69.05,,16.01,,2018,1,1
486.56,,70.25,,150.98,,2021,2,1
420.21,,83.96,,8.38,,2021,0,0
426.88,,61.83,,145.53,,2024,2,0
370.87,,76.84,,53.8,,2019,2,1
392.11,,72.87,,23.38,,2023,1,1
356.29,,53.07,,37.96,,2021,1,1
422.77,,64.75,,29.78,,2022,2,1
373.93,,64.35,,68.6,,2022,0,1
392.23,,88.83,,8.0,,2022,1,1
388.83,,77.46,,70.51,,2023,0,1
379.0,,73.45,,148.15,,2018,0,0
541.6,,30.0,,23.58,,2021,0,1
343.34,,52.92,,8.92,,2021,2,0
342.84,,79.28,,8.0,,2019,0,1
418.18,,79.82,,17.88,,2018,0,0
347.27,,64.58,,8.0,,2023,0,1
363.97,,72.28,,10.96,,2024,1,0
320.25,,71.57,,44.63,,2021,2,0
407.04,,73.69,,22.57,,2023,3,0
407.73,,68.28,,97.14,,2024,2,0
362.66,,80.15,,26.18,,2020,2,0
419.31,,83.06,,8.0,,2021,1,1
277.8,,62.4,,8.0,,2024,0,1
341.12,,60.06,,49.61,,2018,1,1
370.65,,64.04,,42.2,,2022,3,0
315.52,,72.49,,51.68,,2022,2,0
283.82,,75.56,,17.37,,2023,0,0
363.07,,79.88,,103.55,,2022,1,0
418.17,,81.71,,8.0,,2022,1,0
450.52,,75.62,,8.0,,2023,3,0
349.9,,74.3,,56.93,,2022,2,1
420.33,,88.49,,47.47,,2024,1,0
415.01,,72.05,,28.57,,2023,2,0
447.02,,77.9,,8.0,,2024,1,0
360.74,,75.2,,8.0,,2022,1,0
281.08,,70.27,,9.13,,2024,1,0
383.86,,70.33,,42.76,,2022,2,0
324.24,,85.22,,45.69,,2021,1,0
340.21,,71.1,,47.45,,2024,1,1
363.43,,68.47,,68.24,,2021,0,0
361.36,,64.63,,8.0,,2021,0,0
387.79,,76.23,,43.29,,2022,0,0
418.67,,66.88,,12.17,,2024,0,1
359.77,,75.32,,35.55,,2021,1,0
401.76,,73.78,,56.24,,2024,0,0
380.81,,67.73,,53.47,,2020,3,0
431.45,,58.04,,14.26,,2020,2,0
369.63,,61.71,,18.44,,2022,0,1
375.66,,63.28,,104.69,,2021,3,1
359.41,,61.96,,79.37,,2022,5,1
371.08,,76.55,,12.48,,2018,1,0
336.91,,93.29,,37.14,,2021,0,1
331.46,,66.89,,8.0,,2024,2,0
422.67,,68.16,,44.56,,2024,2,1
320.42,,66.15,,40.79,,2018,2,0
362.45,,80.58,,12.87,,2024,0,0
435.84,,76.26,,23.01,,2022,1,1
360.6,,71.83,,64.04,,2024,4,1
425.58,,59.87,,12.39,,2021,1,0
347.49,,62.32,,61.43,,2022,1,0
322.19,,73.75,,15.98,,2024,2,1
292.28,,74.23,,76.85,,2021,0,1
452.2,,71.84,,8.0,,2024,2,1
317.47,,78.65,,12.54,,2024,2,0
421.1,,59.77,,8.21,,2020,2,1
325.0,,75.04,,92.92,,2020,2,0
452.46,,74.48,,23.5,,2019,0,0
501.37,,62.42,,33.13,,2021,2,0
287.24,,65.95,,11.64,,2022,2,0
320.34,,78.93,,8.0,,2024,0,0
422.52,,60.61,,38.3,,2021,0,1
408.22,,96.64,,13.99,,2024,2,1
422.73,,77.56,,111.01,,2021,2,0
348.44,,71.43,,27.17,,2022,0,1
489.31,,69.48,,8.0,,2024,1,1
386.49,,79.88,,8.0,,2023,1,1
313.07,,67.89,,11.1,,2021,2,0
366.08,,68.3,,16.19,,2022,0,1
313.8,,86.53,,9.74,,2022,2,0
467.5,,67.28,,19.11,,2019,1,0
343.68,,73.36,,88.69,,2022,2,1
407.09,,64.4,,8.0,,2022,0,1
354.11,,74.59,,67.86,,2023,1,1
346.15,,77.81,,23.3,,2018,2,0
274.94,,88.83,,99.49,,2024,3,0
412.9,,62.63,,46.19,,2021,0,1
451.45,,57.52,,8.0,,2023,3,1
329.62,,69.33,,134.67,,2023,1,0
295.01,,65.83,,8.0,,2024,2,0
424.18,,71.85,,17.22,,2024,1,0
289.46,,77.22,,161.87,,2024,2,0
447.07,,94.65,,10.0,,2023,1,1
330.26,,67.49,,41.89,,2023,0,1
319.32,,49.9,,159.38,,2023,0,0
393.67,,69.62,,49.04,,2022,1,1
322.9,,75.51,,45.65,,2023,1,0
341.11,,62.3,,40.81,,2022,2,1
399.47,,74.34,,34.05,,2024,0,1
246.4,,73.37,,125.12,,2023,0,0
470.33,,74.6,,32.96,,2022,0,0
382.4,,79.91,,45.72,,2022,1,0
308.89,,71.17,,56.39,,2023,1,0
324.05,,77.48,,31.51,,2021,1,0
434.54,,54.01,,91.84,,2022,1,1
413.06,,62.38,,8.0,,2024,0,0
456.27,,68.58,,21.12,,2021,2,0
342.45,,61.95,,40.27,,2023,0,0
396.31,,72.07,,8.0,,2018,0,0
403.46,,68.56,,116.05,,2019,3,1
418.24,,67.45,,73.54,,2024,2,0
442.0,,80.84,,10.38,,2024,2,0
340.55,,72.84,,16.93,,2022,1,0
373.72,,61.16,,47.48,,2022,2,1
346.44,,65.97,,17.52,,2022,0,0
377.11,,79.53,,81.62,,2022,1,0
418.41,,74.0,,12.0,,2024,1,1
289.03,,83.96,,71.62,,2020,2,1
441.02,,80.47,,26.24,,2022,6,0
317.34,,68.11,,25.37,,2024,0,0
363.09,,86.36,,8.0,,2019,2,0
448.42,,87.18,,172.06,,2020,1,1
398.04,,54.15,,17.76,,2022,1,1
398.67,,72.32,,9.62,,2023,2,1
315.07,,66.5,,8.0,,2023,0,1
322.58,,69.4,,28.57,,2020,2,1
431.77,,63.84,,8.0,,2022,1,0
347.6,,62.59,,25.52,,2021,2,0
352.78,,81.01,,97.83,,2021,1,0
433.02,,60.32,,28.94,,2019,2,1
322.25,,72.93,,8.0,,2019,0,0
394.81,,58.51,,12.9,,2023,1,1
382.36,,84.69,,8.0,,2022,1,0
379.85,,72.3,,89.77,,2023,0,0
351.49,,79.45,,11.53,,2024,3,0
348.11,,73.95,,8.0,,2023,1,0
320.69,,69.47,,140.25,,2024,0,0
406.55,,72.68,,28.05,,2021,1,0
343.25,,87.07,,21.85,,2019,1,0
433.28,,63.03,,109.97,,2022,1,0
367.65,,46.51,,31.79,,2024,2,0
321.79,,64.13,,13.88,,2020,0,1
366.92,,59.91,,65.94,,2022,3,0
357.4,,81.68,,13.32,,2022,2,1
435.5,,70.24,,24.56,,2023,1,0
359.7,,80.27,,68.27,,2022,0,1
364.81,,72.32,,112.56,,2024,2,1
457.64,,72.09,,39.11,,2023,1,0
407.95,,73.64,,29.52,,2023,1,1
471.45,,86.8,,8.0,,2021,0,0
449.25,,73.87,,40.31,,2023,3,1
331.21,,83.09,,16.61,,2022,1,1
434.45,,82.45,,30.35,,2024,4,0
463.89,,70.37,,57.33,,2023,0,0
464.3,,71.26,,42.93,,2023,3,0
434.35,,68.22,,8.0,,2020,0,0
433.21,,84.83,,21.26,,2022,0,0
363.35,,62.59,,9.35,,2024,1,0
333.94,,64.77,,8.0,,2023,5,0
360.63,,69.24,,10.45,,2024,1,0
288.44,,60.52,,106.44,,2022,3,1
453.85,,66.09,,52.36,,2024,3,0
364.42,,83.36,,100.26,,2022,1,1
451.02,,78.51,,29.66,,2024,2,1
312.27,,67.79,,8.0,,2022,1,0
439.54,,80.03,,8.0,,2023,1,0
352.78,,92.82,,8.0,,2019,0,0
309.36,,75.13,,63.73,,2022,0,0
469.49,,86.2,,9.46,,2020,1,0
440.9,,80.52,,8.0,,2020,1,0
391.65,,69.06,,82.88,,2022,2,0
381.87,,73.97,,10.9,,2022,4,0
404.17,,77.26,,29.32,,2023,0,1
390.7,,64.55,,17.42,,2022,2,0
336.42,,45.91,,95.29,,2024,1,1
357.34,,63.66,,51.24,,2021,3,1
487.84,,50.42,,25.41,,2022,1,0
526.97,,64.49,,83.5,,2023,3,1
465.95,,54.93,,54.49,,2023,4,0
406.3,,80.8,,69.5,,2020,1,0
361.42,,60.17,,159.48,,2022,1,0
336.1,,77.44,,9.54,,2019,1,0
339.72,,79.67,,9.5,,2020,3,0
349.57,,79.02,,34.15,,2019,0,0
498.31,,53.32,,31.94,,2019,0,1
479.35,,83.23,,85.41,,2020,1,0
421.05,,76.2,,8.0,,2024,0,0
327.17,,80.04,,23.25,,2023,1,0
429.12,,90.3,,31.52,,2023,1,0
366.88,,79.94,,26.2,,2024,2,1
261.58,,60.17,,8.0,,2023,0,0
395.79,,78.53,,8.0,,2023,2,0
333.69,,56.96,,8.0,,2023,2,0
335.56,,71.37,,38.07,,2023,0,0
366.23,,66.97,,23.53,,2023,1,0
352.59,,72.1,,8.24,,2019,1,1
378.12,,56.9,,56.04,,2019,1,0
375.47,,58.06,,68.22,,2020,1,0
276.83,,67.51,,9.91,,2023,1,1
463.62,,69.77,,53.88,,2022,0,0
325.91,,67.74,,8.0,,2022,1,0
327.62,,86.5,,81.38,,2021,1,0
361.93,,76.24,,138.16,,2024,1,1
374.04,,75.96,,8.0,,2023,2,1
460.24,,68.18,,64.79,,2019,1,0
394.82,,58.08,,8.0,,2020,0,0
411.16,,71.96,,136.53,,2022,1,1
395.1,,90.07,,25.27,,2020,2,0
392.73,,74.24,,32.19,,2020,1,1
397.04,,83.13,,60.63,,2018,4,0
273.7,,84.39,,12.01,,2024,1,0
366.25,,77.6,,21.38,,2020,3,0
443.92,,74.2,,8.0,,2022,3,0
596.83,,62.12,,40.05,,2023,1,0
313.76,,69.92,,67.46,,2020,2,0
403.27,,68.39,,80.2,,2024,1,0
348.59,,75.3,,32.28,,2022,3,0
492.62,,57.86,,60.97,,2023,0,0
305.54,,66.63,,8.0,,2020,2,0
414.37,,76.04,,57.13,,2023,1,1
302.6,,64.98,,8.0,,2019,2,0
362.48,,62.84,,9.1,,2021,3,1
378.11,,64.09,,42.29,,2022,2,0
438.83,,69.28,,16.23,,2019,0,0
320.76,,48.19,,22.2,,2022,0,1
416.49,,64.54,,73.46,,2021,0,0
381.03,,81.53,,35.55,,2020,0,0
395.0,,75.24,,21.38,,2021,2,0
432.71,,76.2,,26.33,,2022,1,0
309.46,,53.72,,79.24,,2020,1,0
424.58,,67.86,,27.92,,2022,0,0
348.71,,70.84,,87.45,,2023,2,1
440.27,,76.64,,11.92,,2023,2,0
398.4,,83.11,,32.05,,2023,1,0
368.48,,81.55,,19.34,,2023,1,1
347.55,,66.15,,37.58,,2022,1,0
425.28,,66.38,,35.99,,2022,0,1
449.35,,86.12,,35.57,,2021,0,0
350.69,,68.4,,31.51,,2024,0,1
317.68,,61.17,,25.45,,2024,0,1
418.18,,69.93,,101.31,,2024,3,0
300.33,,85.49,,13.1,,2020,1,1
308.2,,62.95,,23.9,,2023,0,0
321.55,,67.71,,9.96,,2024,1,1
357.15,,63.36,,16.96,,2024,0,1
306.5,,81.56,,12.03,,2024,0,1
273.37,,74.88,,46.53,,2023,1,0
317.55,,81.26,,51.65,,2021,1,0
415.34,,87.65,,13.61,,2022,0,1
310.07,,56.88,,172.67,,2021,1,1
361.29,,64.41,,14.04,,2024,0,1
487.07,,67.66,,74.03,,2020,2,0
377.3,,72.69,,14.54,,2020,3,0
398.84,,77.06,,22.39,,2021,0,1
327.97,,67.09,,45.9,,2022,4,0
498.99,,65.08,,34.26,,2022,1,0
350.23,,81.57,,29.64,,2022,0,0
367.45,,77.46,,66.4,,2020,0,0
452.44,,75.16,,51.66,,2022,0,0
370.0,,50.54,,103.12,,2024,0,1
382.63,,84.07,,11.02,,2024,0,1
364.51,,73.84,,8.0,,2022,2,0
364.88,,70.38,,240.0,,2021,2,1
400.38,,63.81,,14.0,,2024,1,1
410.41,,65.67,,8.0,,2020,2,0
344.62,,63.09,,11.93,,2024,4,0
337.87,,52.02,,46.41,,2021,0,0
346.5,,63.82,,37.25,,2024,1,1
302.93,,56.01,,9.73,,2019,0,0
292.53,,71.4,,8.65,,2021,2,0
396.34,,60.49,,24.68,,2023,0,0
431.62,,79.3,,8.0,,2019,0,0
427.91,,55.36,,8.0,,2021,1,0
248.99,,83.95,,40.29,,2021,1,0
366.52,,80.37,,16.53,,2022,2,1
319.38,,61.34,,8.0,,2018,0,0
387.91,,71.06,,25.86,,2023,2,0
357.02,,63.46,,115.16,,2022,3,0
412.56,,77.79,,12.36,,2020,1,0
378.95,,90.0,,12.14,,2020,0,0
275.72,,83.81,,26.51,,2023,1,1
326.81,,65.12,,8.0,,2021,1,0
380.32,,73.15,,42.67,,2023,0,0
384.96,,87.22,,76.77,,2018,0,1
302.69,,77.24,,9.09,,2024,2,0
295.49,,82.1,,45.15,,2019,2,0
383.09,,78.51,,91.95,,2022,1,1
302.8,,72.76,,98.02,,2023,2,0
288.23,,71.31,,33.81,,2023,2,0
355.52,,59.89,,8.0,,2024,2,1
353.14,,64.34,,45.21,,2024,2,0
331.69,,62.98,,55.75,,2023,1,0
341.29,,68.49,,58.96,,2023,1,0
380.76,,73.0,,114.38,,2019,0,0
340.39,,70.92,,40.12,,2022,3,0
383.89,,74.16,,26.36,,2020,1,0
359.07,,78.64,,29.33,,2021,1,0
389.22,,67.84,,16.29,,2020,1,0
428.3,,79.38,,8.0,,2023,3,0
426.16,,83.38,,53.09,,2022,0,0
450.85,,76.15,,8.0,,2019,1,0
426.1,,66.55,,8.0,,2022,4,1
393.12,,81.47,,17.08,,2021,1,0
356.16,,76.83,,112.33,,2022,1,0
358.67,,78.19,,27.72,,2021,2,0
331.72,,87.35,,10.18,,2023,1,1
380.25,,79.09,,95.49,,2018,2,0
418.36,,87.74,,35.61,,2020,0,0
340.09,,70.52,,19.39,,2022,2,1
377.95,,67.69,,52.83,,2023,2,0
342.75,,83.49,,24.44,,2018,4,1
391.51,,62.14,,54.99,,2023,2,0
349.78,,90.88,,10.35,,2020,4,0
339.33,,85.02,,8.0,,2020,0,0
342.6,,72.88,,25.95,,2018,1,0
407.68,,84.01,,16.17,,2022,1,0
374.68,,78.62,,39.03,,2023,1,1
356.44,,59.1,,65.31,,2022,1,0
394.38,,63.84,,97.35,,2024,0,0
357.2,,74.86,,60.03,,2022,1,1
441.96,,73.6,,17.56,,2018,0,0
326.44,,85.08,,54.58,,2024,0,0
369.72,,75.02,,31.7,,2024,1,0
302.74,,59.31,,99.34,,2024,1,0
360.92,,66.55,,51.54,,2020,1,0
287.62,,79.43,,8.0,,2024,3,0
421.05,,53.77,,8.0,,2024,2,0
422.16,,57.89,,32.97,,2024,1,0
423.13,,68.27,,19.08,,2022,0,1
381.59,,81.27,,8.0,,2020,0,1
331.61,,69.83,,67.11,,2020,0,0
335.98,,76.61,,19.77,,2022,2,0
464.16,,72.05,,8.0,,2024,2,0
458.96,,70.59,,12.78,,2021,6,0
386.74,,65.46,,47.45,,2022,2,0
351.64,,80.4,,43.85,,2022,0,1
455.27,,59.46,,12.79,,2023,1,1
341.8,,69.66,,17.53,,2019,1,1
392.59,,83.46,,8.0,,2023,1,1
454.36,,64.36,,128.66,,2023,1,0
334.0,,56.44,,16.64,,2023,0,1
425.61,,50.83,,111.34,,2023,1,0
408.63,,78.66,,70.62,,2021,0,0
377.83,,79.34,,17.15,,2022,2,1
325.36,,68.56,,49.76,,2020,2,0
340.16,,59.29,,26.95,,2023,2,0
395.92,,70.54,,157.8,,2020,0,0
301.72,,83.78,,42.73,,2022,2,0
387.19,,59.31,,30.75,,2023,1,1
409.76,,82.58,,42.67,,2020,3,1
434.19,,55.05,,10.45,,2021,1,0
303.09,,60.63,,15.37,,2022,0,0
452.39,,73.09,,52.38,,2023,1,0
473.24,,81.48,,8.0,,2021,4,0
402.56,,86.72,,15.14,,2020,3,0
322.91,,81.92,,40.59,,2020,0,0
361.95,,87.52,,228.83,,2021,2,0
377.38,,73.82,,109.17,,2022,4,0
394.88,,65.78,,74.97,,2019,3,0
381.21,,83.84,,29.18,,2024,1,0
395.46,,85.64,,68.6,,2024,1,0
375.01,,81.31,,34.38,,2024,2,1
394.58,,78.13,,25.76,,2024,2,0
354.67,,85.92,,10.63,,2022,2,1
361.4,,75.42,,126.61,,2021,1,0
348.32,,71.79,,38.3,,2022,0,1
485.45,,79.26,,47.25,,2018,1,0
460.51,,76.78,,8.0,,2020,2,0
410.54,,80.85,,23.67,,2022,1,0
452.89,,70.68,,140.4,,2024,2,0
423.92,,81.09,,59.53,,2024,1,0
389.97,,80.58,,90.05,,2023,0,0
297.19,,74.13,,21.17,,2022,1,0
365.58,,64.5,,8.0,,2021,0,1
361.57,,84.41,,18.19,,2022,2,1
317.68,,59.9,,19.81,,2024,2,0
298.26,,62.42,,15.05,,2024,1,0
407.1,,73.68,,31.42,,2022,1,1
397.85,,46.92,,8.96,,2024,3,1
315.79,,87.43,,116.56,,2023,2,0
338.98,,72.15,,99.99,,2022,0,0
443.87,,87.39,,12.74,,2022,2,0
331.73,,90.04,,44.27,,2022,4,0
389.39,,70.45,,29.21,,2018,2,1
369.56,,85.49,,12.09,,2021,1,1
407.85,,61.4,,95.51,,2018,0,0
332.91,,76.33,,11.04,,2024,0,1
384.95,,67.27,,41.15,,2022,3,1
389.28,,78.96,,17.16,,2022,0,0
392.66,,80.83,,73.47,,2019,1,1
384.35,,70.4,,40.68,,2018,1,0
398.95,,77.45,,75.07,,2021,2,0
500.55,,81.45,,17.95,,2021,1,1
520.87,,73.88,,8.0,,2022,3,0
344.84,,97.39,,10.52,,2021,1,0
252.5,,70.63,,70.74,,2022,2,0
412.75,,88.56,,16.0,,2023,1,0
390.24,,83.45,,16.18,,2018,0,0
438.36,,53.4,,25.08,,2022,0,0
395.67,,86.93,,13.49,,2021,4,0
383.22,,82.74,,69.11,,2023,0,0
442.09,,73.14,,16.3,,2021,3,0
449.78,,75.69,,38.9,,2020,2,1
303.74,,76.93,,25.19,,2023,0,1
335.09,,85.75,,14.23,,2023,0,0
374.19,,67.87,,12.95,,2022,1,0
385.41,,87.86,,29.27,,2020,0,0
367.57,,61.16,,9.95,,2022,0,1
403.88,,54.4,,17.81,,2022,0,0
434.79,,77.93,,8.0,,2020,0,0
474.75,,84.59,,65.61,,2021,0,0
411.84,,70.2,,8.0,,2024,1,0
333.12,,49.36,,86.43,,2022,0,0
371.89,,57.09,,8.0,,2019,0,0
375.86,,76.36,,79.17,,2024,1,1
408.31,,71.9,,43.4,,2023,1,1
401.35,,84.84,,29.61,,2022,0,0
492.77,,72.73,,8.0,,2021,0,1
354.62,,64.59,,12.46,,2019,1,0
401.16,,75.09,,49.21,,2023,0,1
509.51,,82.16,,30.15,,2023,2,0
347.81,,85.51,,30.33,,2024,0,1
387.98,,70.89,,8.0,,2023,1,1
328.03,,72.67,,27.07,,2020,2,1
384.51,,79.79,,37.48,,2022,0,0
337.09,,64.51,,8.0,,2021,0,1
437.57,,79.37,,153.83,,2024,1,1
388.1,,69.68,,74.43,,2021,0,0
328.55,,71.24,,16.04,,2022,0,0
426.23,,72.03,,34.81,,2022,0,1
389.88,,73.3,,34.38,,2023,1,0
432.41,,91.14,,8.0,,2023,1,0
316.88,,67.31,,24.22,,2023,2,0
400.29,,67.83,,9.78,,2021,2,1
422.53,,86.47,,17.02,,2022,0,0
356.71,,76.45,,120.96,,2019,0,0
310.75,,79.68,,33.66,,2022,0,0
377.71,,61.7,,8.0,,2023,1,0
447.55,,74.46,,46.86,,2023,3,1
441.93,,80.1,,240.0,,2020,0,0
356.44,,65.26,,8.0,,2023,0,0
309.43,,78.28,,48.24,,2021,0,0
356.29,,69.96,,73.03,,2022,0,1
354.23,,65.55,,78.05,,2022,1,1
404.55,,82.13,,51.63,,2019,0,0
374.22,,83.38,,101.07,,2020,1,0
338.57,,73.29,,8.0,,2019,1,0
440.73,,76.51,,8.0,,2024,1,1
387.72,,85.25,,8.0,,2020,1,0
403.95,,68.05,,8.0,,2023,0,0
285.13,,75.49,,8.0,,2019,0,1
246.67,,68.14,,71.32,,2023,0,0
300.93,,61.82,,95.25,,2024,2,0
353.57,,68.05,,17.2,,2022,1,1
411.7,,60.75,,132.34,,2023,4,1
251.18,,76.26,,22.77,,2023,1,0
467.61,,64.28,,8.0,,2023,3,0
389.38,,58.03,,48.03,,2019,0,1
454.82,,79.43,,22.9,,2024,0,0
331.27,,78.78,,8.0,,2022,0,1
407.71,,68.7,,142.46,,2020,2,0
384.69,,79.03,,38.26,,2022,0,0
424.97,,63.94,,39.91,,2023,1,0
367.14,,68.28,,170.35,,2023,0,1
406.03,,76.07,,75.3,,2020,1,1
440.62,,82.34,,18.92,,2023,1,0
344.19,,68.18,,8.0,,2022,0,0
393.32,,66.04,,10.56,,2023,1,0
276.17,,81.83,,18.19,,2023,0,0
418.64,,78.13,,135.46,,2021,0,0
487.51,,73.49,,92.2,,2022,2,1
311.56,,83.81,,8.0,,2022,2,1
374.97,,91.47,,183.14,,2023,2,1
428.43,,75.66,,12.48,,2023,1,1
381.73,,66.1,,62.72,,2018,2,1
389.08,,76.97,,8.0,,2024,2,0
358.5,,63.8,,10.45,,2018,2,0
356.45,,84.42,,29.57,,2024,2,0
375.23,,64.98,,51.08,,2024,2,0
382.29,,70.07,,17.8,,2020,2,0
315.02,,63.62,,86.75,,2023,2,1
376.37,,73.82,,118.3,,2022,2,0
466.27,,74.17,,8.0,,2022,0,0
356.95,,79.43,,53.25,,2020,1,0
311.95,,73.2,,8.0,,2022,2,0
371.67,,72.46,,17.5,,2023,1,0
340.7,,66.26,,71.92,,2022,0,0
306.39,,69.14,,17.22,,2020,4,0
387.65,,58.07,,99.94,,2022,4,0
340.93,,85.94,,22.27,,2024,1,0
345.64,,71.06,,15.57,,2024,1,1
388.44,,88.41,,189.89,,2020,3,0
295.68,,70.79,,24.47,,2022,0,0
284.21,,52.98,,56.73,,2023,1,1
416.9,,67.5,,38.43,,2022,0,0
273.8,,71.97,,9.5,,2023,0,1
326.28,,72.65,,29.14,,2023,2,0
281.01,,78.77,,8.0,,2022,2,1
353.26,,73.74,,51.81,,2020,3,0
403.54,,68.63,,30.73,,2022,3,1
386.18,,62.85,,8.0,,2019,3,0
511.55,,67.94,,61.14,,2023,0,1
439.78,,78.05,,68.57,,2023,0,0
328.79,,80.58,,55.59,,2024,0,0
314.16,,65.26,,16.76,,2024,1,1
528.87,,82.07,,53.94,,2019,2,0
438.44,,77.69,,36.21,,2022,0,0
412.42,,63.13,,32.97,,2023,0,0
384.12,,74.47,,43.94,,2024,1,0
395.04,,75.7,,41.77,,2021,0,0
298.49,,61.36,,67.42,,2024,2,0
388.64,,58.41,,179.24,,2022,2,1
383.92,,76.74,,54.42,,2022,1,0
330.27,,67.46,,24.49,,2022,0,0
350.38,,87.12,,26.01,,2020,3,1
463.33,,89.21,,8.0,,2022,1,1
373.12,,76.72,,8.0,,2019,3,1
493.91,,81.52,,10.88,,2024,1,1
284.26,,61.76,,194.81,,2018,2,1
351.28,,58.68,,60.48,,2024,4,1
294.9,,70.59,,8.0,,2024,6,0
313.48,,59.13,,28.98,,2021,4,0
334.45,,75.08,,10.09,,2018,1,1
397.34,,64.16,,14.84,,2024,1,1
394.68,,73.9,,38.97,,2024,2,1
342.64,,70.27,,38.38,,2023,1,0
257.47,,78.37,,86.28,,2019,3,0
461.27,,75.26,,8.0,,2022,2,0
364.28,,67.96,,28.89,,2024,2,1
318.6,,58.32,,38.36,,2019,0,0
395.12,,73.63,,111.97,,2022,3,0
391.24,,54.58,,30.51,,2024,0,1
362.25,,84.46,,17.49,,2023,0,0
388.17,,77.29,,14.51,,2021,1,0
316.47,,80.43,,10.23,,2024,2,0
421.8,,62.31,,137.76,,2022,3,1
325.17,,75.56,,38.79,,2024,1,1
346.69,,65.33,,15.19,,2023,2,0
415.68,,73.49,,57.41,,2021,1,0
446.22,,62.02,,14.34,,2024,2,0
467.22,,71.17,,29.44,,2024,1,0
438.07,,58.21,,8.0,,2021,3,0
362.18,,70.4,,78.73,,2020,0,0
295.24,,55.56,,131.72,,2024,4,1
457.28,,89.47,,84.34,,2022,1,1
455.39,,73.6,,8.0,,2024,0,1
343.04,,72.06,,73.27,,2021,0,0
430.67,,78.76,,17.9,,2019,0,1
361.73,,59.01,,115.64,,2018,2,0
462.57,,64.19,,14.93,,2021,1,1
351.68,,77.31,,8.0,,2022,3,0
488.83,,73.61,,80.5,,2020,2,0
423.24,,64.8,,8.0,,2022,0,1
478.86,,78.48,,32.75,,2019,0,0
354.49,,75.03,,19.8,,2024,3,0
402.28,,77.06,,59.39,,2021,2,0
326.69,,75.9,,58.04,,2024,1,0
426.42,,65.19,,62.86,,2022,0,0
429.45,,71.24,,8.0,,2022,1,0
511.84,,53.43,,82.09,,2019,0,1
406.51,,66.89,,26.38,,2019,4,1
419.83,,69.55,,10.39,,2022,2,1
354.1,,78.27,,14.91,,2021,0,0
409.78,,77.12,,97.88,,2020,0,1
359.11,,64.48,,8.0,,2020,0,0
386.37,,64.26,,67.96,,2022,1,1
389.6,,85.07,,108.2,,2021,2,1
360.62,,69.06,,12.09,,2024,0,1
383.46,,73.14,,72.49,,2019,1,0
359.36,,79.85,,8.0,,2018,3,0
359.11,,71.2,,8.0,,2024,0,0
439.22,,70.48,,38.97,,2018,0,1
389.65,,68.85,,43.64,,2024,2,0
399.09,,66.91,,8.0,,2024,2,1
299.85,,73.43,,30.17,,2024,1,0
403.29,,53.78,,20.45,,2022,1,0
409.17,,68.39,,8.0,,2023,2,0
358.09,,77.4,,29.77,,2021,1,1
494.68,,76.24,,36.95,,2024,3,0
254.09,,86.11,,10.28,,2023,1,0
423.14,,80.37,,56.54,,2023,0,0
419.2,,76.08,,8.0,,2021,1,0
409.79,,72.29,,33.63,,2021,3,1
389.69,,67.43,,15.18,,2022,4,0
410.29,,77.03,,24.06,,2019,1,0
427.75,,75.23,,94.05,,2022,2,0
340.08,,68.26,,46.56,,2022,1,0
396.46,,63.33,,8.0,,2023,1,0
369.92,,71.47,,91.32,,2022,1,0
319.84,,83.56,,19.59,,2021,1,1
419.44,,73.1,,17.53,,2018,1,0
348.96,,72.28,,29.24,,2023,1,0
297.62,,76.23,,9.65,,2023,1,1
350.35,,76.81,,103.16,,2024,0,1
336.06,,74.49,,26.5,,2020,2,1
436.57,,71.58,,21.02,,2022,1,0
388.43,,66.92,,8.0,,2022,3,0
456.03,,82.05,,68.16,,2023,0,0
343.34,,67.73,,128.27,,2022,0,0
428.08,,87.72,,85.56,,2023,0,0
536.18,,73.54,,8.0,,2019,1,0
399.58,,72.53,,58.5,,2019,1,1
427.39,,79.6,,9.59,,2021,0,0
418.14,,65.47,,8.0,,2022,0,1
301.79,,77.74,,27.83,,2023,1,0
412.22,,73.15,,46.61,,2021,2,0
396.86,,76.11,,8.0,,2023,0,1
365.71,,65.16,,39.07,,2024,1,0
331.38,,65.07,,77.94,,2022,1,0
418.17,,53.67,,9.85,,2024,1,1
326.52,,67.43,,23.45,,2020,3,1
497.35,,66.9,,29.01,,2021,1,1
386.28,,65.33,,74.72,,2024,1,0
312.72,,70.85,,61.98,,2020,4,1
351.73,,72.64,,61.6,,2024,0,1
364.7,,77.0,,47.73,,2024,0,1
512.68,,77.66,,40.39,,2023,2,1
331.35,,78.5,,29.87,,2018,2,1
373.61,,78.92,,19.38,,2022,0,1
350.42,,74.75,,30.24,,2019,0,1
407.46,,72.55,,80.73,,2021,2,0
351.3,,81.29,,35.5,,2018,1,0
317.35,,78.93,,178.12,,2018,2,0
369.26,,57.18,,8.0,,2023,1,1
363.53,,70.27,,24.44,,2024,1,1
347.43,,53.97,,9.39,,2023,0,1
350.37,,53.77,,19.08,,2021,0,0
445.16,,66.91,,65.5,,2021,1,1
362.41,,70.72,,73.15,,2024,2,0
317.62,,67.76,,8.0,,2020,2,1
354.58,,54.24,,128.75,,2018,1,1
382.99,,79.75,,86.3,,2021,1,0
306.51,,64.93,,98.85,,2021,1,0
469.43,,76.89,,19.86,,2022,1,0
427.72,,65.21,,28.86,,2023,3,0
458.66,,67.02,,8.0,,2023,1,0
401.57,,76.34,,21.23,,2023,0,1
264.85,,68.51,,8.0,,2024,0,1
464.44,,73.71,,83.57,,2022,2,0
332.5,,74.77,,36.55,,2020,1,0
336.98,,57.73,,8.0,,2021,0,1
388.6,,76.78,,88.73,,2023,0,0
455.8,,62.62,,8.0,,2022,1,0
437.93,,60.89,,109.9,,2022,0,1
429.85,,64.73,,8.0,,2021,1,1
362.85,,80.14,,53.16,,2021,0,0
361.98,,56.0,,43.53,,2022,1,0
399.03,,78.51,,64.11,,2018,0,1
372.85,,75.4,,34.94,,2022,0,0
428.91,,72.74,,18.09,,2022,1,0
425.66,,74.47,,13.47,,2019,1,0
412.52,,69.1,,122.18,,2018,3,0
241.07,,78.82,,24.45,,2018,6,0
387.04,,67.73,,77.55,,2021,1,0
374.01,,55.75,,53.93,,2022,1,0
389.24,,71.23,,44.84,,2020,2,0
338.51,,80.01,,148.14,,2024,1,1
307.14,,76.92,,35.0,,2022,1,0
405.47,,90.14,,55.46,,2022,0,0
360.4,,69.47,,79.59,,2019,1,1
411.61,,70.39,,8.0,,2019,1,0
343.1,,69.67,,235.27,,2022,1,0
457.88,,64.24,,12.77,,2023,0,1
435.06,,67.27,,50.92,,2024,1,0
396.33,,61.61,,128.97,,2022,0,0
368.27,,49.06,,60.49,,2022,1,0
426.88,,66.2,,10.96,,2023,2,1
401.59,,72.23,,18.9,,2021,0,0
393.12,,78.31,,22.46,,2024,0,0
437.36,,66.24,,37.07,,2024,1,0
458.46,,66.36,,38.79,,2023,0,1
311.12,,82.31,,65.13,,2021,1,0
322.23,,58.69,,82.48,,2024,2,0
337.09,,70.37,,8.0,,2020,1,0
297.37,,81.57,,,0.223,2023,1,1
376.55,,64.92,,17.69,,2023,1,0
413.01,,56.66,,8.0,,2018,1,1
378.82,,89.07,,22.7,,2022,2,0
350.62,,79.99,,18.67,,2021,1,0
441.96,,80.3,,31.3,,2023,0,0
387.73,,71.11,,8.0,,2024,0,0
398.86,,78.41,,22.45,,2020,1,1
443.48,,47.1,,38.21,,2020,0,0
373.22,,67.63,,68.41,,2024,3,0
493.31,,81.48,,61.08,,2022,0,0
355.37,,58.04,,21.8,,2019,2,0
489.89,,68.67,,20.73,,2019,0,0
326.39,,75.2,,8.0,,2024,2,0
408.46,,64.16,,8.0,,2022,0,0
344.66,,72.07,,86.47,,2024,0,0
441.58,,75.86,,68.85,,2022,0,0
353.7,,75.02,,8.0,,2023,1,0
396.0,,67.99,,90.0,,2021,2,0
344.22,,63.71,,39.97,,2019,1,1
431.55,,75.96,,68.0,,2023,2,1
343.93,,75.39,,29.32,,2020,3,0
472.59,,74.9,,8.0,,2023,3,1
325.22,,73.14,,18.54,,2019,1,1
305.99,,75.4,,25.11,,2022,0,1
432.34,,80.77,,58.89,,2023,1,0
347.46,,75.1,,70.35,,2018,0,1
379.6,,72.98,,56.81,,2021,1,1
362.28,,66.73,,27.19,,2022,0,0
307.81,,85.86,,45.77,,2023,0,0
375.77,,60.77,,14.71,,2021,2,0
449.57,,69.97,,185.07,,2024,1,0
435.17,,66.91,,8.0,,2023,2,1
392.75,,53.73,,54.01,,2021,0,1
441.17,,75.54,,8.0,,2021,1,0
321.73,,69.97,,13.85,,2023,1,0
362.1,,72.32,,58.03,,2023,2,1
401.77,,70.21,,54.85,,2023,3,0
372.83,,79.53,,8.0,,2022,1,0
366.42,,80.81,,47.67,,2018,4,0
313.96,,60.99,,9.57,,2022,0,0
265.53,,89.65,,151.64,,2023,0,1
424.98,,69.6,,38.81,,2020,1,1
393.38,,77.88,,8.0,,2020,1,1
429.61,,73.8,,9.82,,2024,2,0
355.95,,73.06,,10.96,,2020,0,0
340.8,,77.57,,11.92,,2020,3,0
380.36,,85.18,,34.2,,2023,1,0
426.98,,79.77,,9.67,,2021,2,0
367.27,,69.57,,22.36,,2022,0,1
424.1,,71.16,,8.0,,2022,2,0
324.65,,66.37,,46.17,,2024,2,0
371.12,,79.15,,35.32,,2021,0,0
376.14,,77.9,,41.61,,2018,0,0
447.45,,68.58,,143.8,,2019,1,1
391.42,,85.27,,21.41,,2019,0,0
476.03,,82.74,,10.19,,2023,1,0
305.88,,90.24,,240.0,,2024,3,0
387.15,,64.1,,8.0,,2019,0,1
389.87,,71.0,,69.83,,2021,2,0
414.11,,70.03,,8.0,,2024,1,1
335.27,,98.04,,45.91,,2024,1,0
472.64,,72.1,,26.97,,2020,3,0
380.71,,84.65,,76.71,,2024,1,1
320.21,,82.35,,55.16,,2022,2,0
379.12,,71.16,,8.0,,2024,3,0
362.78,,72.56,,45.96,,2018,2,0
533.08,,77.23,,10.28,,2023,2,0
437.75,,84.58,,8.0,,2019,3,0
382.73,,70.28,,8.0,,2023,3,1
373.84,,66.91,,8.0,,2024,0,0
432.31,,81.32,,51.11,,2021,1,1
434.94,,60.53,,203.43,,2021,0,0
219.86,,74.53,,47.31,,2020,4,1
415.36,,82.6,,51.77,,2022,2,1
381.54,,76.3,,64.11,,2022,0,0
307.89,,66.33,,92.33,,2022,4,0
428.41,,61.99,,13.09,,2023,3,1
503.54,,83.87,,38.96,,2023,3,1
410.62,,70.24,,10.25,,2019,1,0
440.52,,62.99,,31.32,,2023,2,1
479.23,,83.39,,9.83,,2020,0,0
334.34,,80.01,,8.0,,2022,2,1
277.83,,61.48,,8.0,,2022,1,0
416.13,,97.14,,157.18,,2022,0,1
366.38,,66.59,,8.0,,2022,0,1
304.42,,79.84,,49.21,,2022,2,0
375.7,,91.87,,91.69,,2020,2,1
420.02,,80.88,,21.02,,2024,0,1
371.81,,74.59,,51.72,,2022,0,0
336.72,,57.68,,18.02,,2022,0,0
367.71,,92.41,,31.62,,2020,0,1
378.93,,80.65,,115.26,,2022,0,0
273.88,,57.85,,8.0,,2022,0,0
372.15,,87.45,,13.06,,2022,2,0
306.06,,72.61,,8.0,,2022,1,0
416.25,,69.22,,28.77,,2020,1,0
294.14,,66.28,,61.81,,2023,1,0
435.7,,73.71,,157.71,,2020,0,0
357.5,,80.08,,8.0,,2022,0,0
350.14,,67.05,,8.0,,2021,2,0
396.2,,73.28,,8.0,,2023,2,0
332.37,,105.81,,145.56,,2023,1,0
395.33,,76.76,,16.21,,2023,1,1
339.73,,81.66,,13.06,,2024,2,0
349.38,,62.42,,55.79,,2023,1,0
402.29,,58.43,,8.0,,2021,2,1
317.38,,86.65,,18.03,,2021,0,0
310.46,,83.79,,8.0,,2024,1,0
393.65,,89.14,,153.81,,2024,4,0
378.52,,71.2,,14.1,,2024,2,0
389.28,,84.54,,13.17,,2024,4,1
398.02,,46.46,,42.26,,2019,1,0
383.16,,77.41,,8.0,,2021,0,1
413.45,,82.33,,44.52,,2021,1,0
385.36,,65.12,,25.4,,2021,2,1
269.6,,82.56,,8.55,,2021,1,1
283.87,,70.2,,27.98,,2023,2,1
486.04,,71.2,,240.0,,2023,1,0
380.0,,69.41,,76.66,,2020,0,0
432.26,,87.81,,153.55,,2020,1,1
360.99,,67.46,,109.39,,2020,1,0
376.81,,66.23,,72.12,,2021,2,0
355.06,,63.43,,17.12,,2023,2,1
515.63,,68.31,,54.98,,2021,0,0
393.93,,73.95,,20.87,,2022,0,0
350.58,,78.39,,23.57,,2018,0,0
289.17,,64.47,,86.8,,2022,0,1
488.56,,75.73,,9.65,,2022,0,0
371.02,,78.12,,14.78,,2023,2,0
420.93,,62.67,,111.99,,2020,0,0
427.08,,72.63,,50.51,,2023,2,0
354.54,,71.15,,8.0,,2023,1,0
416.98,,72.74,,8.0,,2023,2,1
346.77,,66.7,,36.39,,2021,3,1
325.53,,70.65,,67.34,,2019,0,0
444.05,,72.31,,66.11,,2020,0,0
371.3,,90.64,,23.24,,2024,0,1
408.52,,72.45,,12.56,,2024,1,0
402.6,,85.38,,65.09,,2020,1,1
415.09,,86.14,,121.11,,2021,3,0
294.39,,58.81,,24.66,,2018,1,1
347.81,,69.09,,8.0,,2021,0,0
362.15,,86.16,,39.52,,2024,1,0
334.27,,73.81,,8.0,,2022,1,1
403.6,,70.84,,39.71,,2024,2,0
445.28,,79.5,,8.0,,2024,0,0
453.99,,82.68,,30.48,,2020,1,0
361.34,,71.71,,41.25,,2022,1,0
396.06,,69.22,,24.86,,2023,1,1
404.51,,48.36,,73.76,,2023,0,0
414.17,,72.47,,19.72,,2021,3,0
331.7,,68.19,,8.0,,2024,0,0
480.13,,61.93,,26.18,,2023,3,0
430.96,,69.95,,139.08,,2018,0,1
432.4,,67.83,,89.11,,2022,1,0
446.19,,73.69,,15.65,,2020,0,0
409.38,,69.21,,11.68,,2023,1,0
323.5,,76.47,,27.73,,2019,1,1
372.36,,73.74,,44.72,,2021,1,0
289.19,,84.74,,109.77,,2021,0,1
402.83,,66.66,,39.91,,2024,2,1
370.69,,89.8,,75.96,,2024,0,0
377.77,,82.67,,50.02,,2024,0,0
446.22,,86.87,,8.0,,2023,3,0
354.87,,74.53,,93.39,,2024,1,0
366.13,,69.19,,9.35,,2020,1,0
381.21,,66.62,,19.18,,2024,1,1
278.8,,89.52,,77.04,,2023,0,0
365.37,,82.97,,162.68,,2023,1,0
243.28,,61.92,,15.62,,2022,1,0
347.8,,81.78,,20.3,,2023,1,0
427.04,,63.75,,27.92,,2020,0,0
404.6,,75.24,,28.94,,2022,1,0
347.28,,80.26,,58.29,,2024,0,1
382.24,,86.58,,71.35,,2023,1,0
320.88,,74.38,,198.01,,2023,3,0
379.87,,70.66,,68.49,,2020,0,0
541.17,,72.44,,14.97,,2024,4,0
481.52,,82.67,,18.62,,2024,1,1
382.89,,79.88,,40.42,,2019,3,1
388.81,,71.84,,48.74,,2022,0,0
326.12,,53.37,,8.0,,2023,1,1
335.9,,47.66,,17.69,,2024,2,0
399.92,,74.25,,9.51,,2022,2,1
351.13,,60.19,,29.78,,2022,0,0
429.73,,66.71,,8.0,,2018,1,0
466.33,,69.73,,36.51,,2022,2,1
398.29,,92.76,,26.45,,2021,0,0
385.6,,73.22,,21.73,,2024,0,0
287.56,,79.2,,43.97,,2022,0,1
421.12,,77.05,,22.61,,2020,1,0
317.1,,47.78,,21.4,,2024,1,1
357.01,,68.01,,44.23,,2022,0,0
432.78,,59.8,,8.0,,2023,1,1
436.64,,89.27,,23.79,,2024,1,0
354.34,,53.81,,9.13,,2023,2,0
357.51,,67.79,,8.0,,2024,0,0
341.54,,69.39,,8.0,,2021,0,0
314.12,,62.14,,8.0,,2019,2,0
345.09,,73.01,,23.9,,2024,1,0
291.28,,71.58,,35.13,,2022,2,1
417.57,,73.63,,66.74,,2023,1,0
401.7,,77.02,,39.3,,2022,2,0
410.83,,74.37,,30.83,,2023,1,0
327.51,,75.8,,8.0,,2019,0,0
314.27,,83.12,,14.85,,2019,1,0
382.94,,55.5,,49.5,,2024,0,1
383.53,,79.0,,13.25,,2022,1,1
371.9,,61.54,,37.89,,2021,0,0
364.08,,65.58,,38.9,,2024,3,1
474.09,,73.21,,15.29,,2024,2,1
403.43,,76.11,,35.6,,2023,1,0
488.39,,77.29,,8.0,,2022,2,1
449.79,,62.55,,54.52,,2024,3,0
473.68,,88.31,,8.0,,2020,2,0
320.9,,67.82,,8.0,,2023,0,1
412.62,,64.81,,85.77,,2024,2,1
356.25,,59.28,,36.46,,2023,0,1
288.51,,58.29,,8.0,,2023,1,1
462.28,,58.0,,38.66,,2024,1,1
363.85,,75.14,,19.4,,2020,1,1
321.97,,78.04,,13.21,,2022,1,1
357.2,,63.36,,70.04,,2019,2,1
336.21,,60.58,,27.25,,2019,1,1
341.85,,69.88,,14.59,,2024,0,0
367.81,,72.97,,120.83,,2024,3,0
475.19,,74.63,,8.0,,2020,0,1
343.35,,62.36,,8.0,,2022,1,1
471.26,,70.33,,8.0,,2018,0,0
426.69,,87.67,,8.0,,2021,0,0
401.79,,60.05,,12.24,,2020,2,0
421.15,,71.71,,50.36,,2021,2,1
380.75,,77.0,,46.8,,2022,0,0
450.73,,62.32,,60.55,,2024,0,1
411.18,,78.11,,35.99,,2022,0,1
288.44,,58.61,,28.5,,2024,1,1
396.29,,78.35,,23.75,,2019,1,0
423.12,,72.43,,87.22,,2022,1,0
364.1,,57.81,,17.68,,2024,1,1
386.94,,78.88,,93.29,,2020,1,1
346.29,,63.04,,13.54,,2023,3,1
304.23,,70.47,,8.0,,2021,0,0
294.73,,78.3,,12.37,,2024,1,0
295.46,,62.36,,29.03,,2023,1,0
416.8,,66.72,,109.29,,2023,2,1
243.03,,83.26,,8.2,,2024,2,1
343.34,,51.3,,36.43,,2022,4,1
337.89,,86.19,,10.31,,2021,1,0
364.48,,57.36,,47.55,,2021,1,0
277.9,,65.01,,26.27,,2022,0,0
402.21,,74.82,,55.55,,2022,2,1
309.98,,78.03,,81.43,,2024,1,1
442.28,,74.98,,17.12,,2022,0,0
345.8,,72.47,,116.91,,2022,1,0
374.74,,67.64,,26.54,,2022,0,1
380.21,,87.61,,115.87,,2019,0,0
393.43,,79.73,,11.01,,2019,0,0
382.04,,83.76,,95.5,,2023,0,0
356.51,,67.79,,17.05,,2022,0,0
398.87,,48.72,,58.35,,2022,1,1
405.64,,82.2,,144.81,,2024,1,0
337.92,,75.56,,102.15,,2023,1,0
403.45,,73.83,,26.17,,2021,0,0
445.54,,66.33,,17.76,,2023,0,1
418.82,,68.52,,39.83,,2024,1,0
431.28,,66.01,,51.39,,2020,0,1
389.46,,72.45,,32.64,,2024,1,0
328.51,,60.64,,79.25,,2021,2,0
335.47,,79.63,,8.0,,2023,0,0
397.59,,92.37,,38.45,,2023,2,1
431.85,,66.02,,31.29,,2023,1,1
533.23,,56.07,,8.0,,2024,2,1
434.0,,70.98,,8.0,,2023,0,1
315.63,,75.15,,39.13,,2020,2,0
337.8,,76.53,,8.0,,2023,1,1
505.32,,88.03,,61.46,,2021,2,0
368.21,,80.16,,125.19,,2024,1,0
382.61,,53.88,,8.2,,2021,4,1
327.18,,59.64,,67.3,,2020,1,0
466.08,,76.06,,37.59,,2018,3,0
407.52,,67.46,,24.95,,2024,3,1
337.4,,87.15,,44.13,,2024,1,0
325.34,,62.63,,68.09,,2019,2,0
396.9,,81.61,,148.19,,2022,2,0
382.43,,65.51,,45.37,,2022,1,0
425.77,,74.62,,57.71,,2024,1,1
410.08,,63.72,,39.28,,2021,0,0
365.45,,77.59,,34.97,,2021,0,0
350.09,,82.73,,8.0,,2021,0,0
371.2,,74.53,,8.0,,2022,1,1
349.71,,91.09,,20.03,,2023,2,1
372.84,,64.8,,44.03,,2024,0,0
380.9,,72.98,,8.0,,2022,2,0
330.61,,80.46,,33.02,,2021,1,1
414.69,,62.5,,8.0,,2018,3,1
359.63,,72.62,,61.02,,2020,0,1
333.7,,78.64,,46.18,,2024,1,1
360.66,,81.29,,30.89,,2021,0,0
393.32,,83.42,,35.56,,2020,1,0
384.57,,63.31,,113.38,,2020,0,1
403.22,,74.88,,99.62,,2022,0,1
429.41,,58.85,,66.1,,2021,1,1
451.77,,64.76,,17.21,,2022,1,0
395.7,,70.26,,8.0,,2024,1,0
321.18,,83.44,,16.29,,2019,3,1
365.2,,77.28,,58.56,,2020,0,1
324.76,,72.4,,39.66,,2022,1,0
473.33,,76.49,,51.35,,2020,1,1
489.31,,77.21,,8.0,,2023,0,0
415.77,,75.69,,8.0,,2024,0,0
427.22,,66.25,,45.85,,2023,2,1
393.8,,62.43,,19.53,,2021,0,1
400.13,,69.77,,19.35,,2024,1,0
292.14,,64.06,,20.94,,2022,1,0
375.93,,78.21,,66.75,,2023,1,1
331.54,,87.29,,50.43,,2024,1,0
395.47,,77.64,,8.0,,2022,2,0
376.72,,53.9,,17.73,,2022,2,1
487.08,,65.67,,47.05,,2020,0,0
430.41,,72.18,,156.87,,2019,1,0
395.65,,57.65,,102.2,,2023,0,0
365.32,,72.31,,11.99,,2023,0,1
472.18,,76.69,,8.0,,2022,0,1
378.35,,86.09,,35.77,,2023,0,0
398.24,,90.19,,21.89,,2020,1,1
382.32,,60.08,,8.51,,2018,2,0
357.77,,70.83,,44.29,,2018,3,1
382.01,,70.96,,8.0,,2022,0,1
272.09,,64.87,,18.19,,2019,0,1
294.88,,72.99,,66.47,,2024,2,1
399.23,,71.2,,48.42,,2023,3,1
466.25,,78.14,,39.24,,2024,0,1
399.15,,85.57,,112.19,,2023,1,1
340.38,,73.32,,8.0,,2019,2,1
300.64,,67.1,,49.32,,2021,1,0
423.15,,61.74,,8.0,,2021,0,0
348.8,,92.42,,8.0,,2022,0,0
415.38,,81.07,,29.66,,2024,0,0
401.44,,76.0,,8.0,,2023,1,0
406.31,,70.34,,29.2,,2021,0,0
381.85,,88.12,,8.0,,2019,0,0
401.1,,70.4,,38.74,,2024,0,0
373.43,,54.88,,15.71,,2022,4,1
345.06,,74.65,,8.0,,2020,1,0
327.01,,59.72,,63.75,,2024,0,0
248.82,,74.69,,20.76,,2023,0,1
370.04,,85.44,,24.65,,2024,4,0
463.57,,55.27,,19.71,,2023,3,0
420.15,,63.0,,8.0,,2022,0,0
392.52,,80.65,,25.87,,2022,1,1
339.63,,67.01,,45.99,,2022,1,0
434.85,,76.15,,98.15,,2019,0,0
373.44,,76.17,,60.61,,2024,1,0
466.62,,80.9,,8.0,,2024,1,0
326.04,,65.53,,8.0,,2021,0,0
338.75,,46.48,,8.0,,2024,1,0
333.4,,75.97,,8.0,,2024,1,0
298.48,,56.31,,27.51,,2018,5,0
328.46,,81.35,,10.42,,2021,1,0
385.68,,71.58,,43.85,,2022,2,0
340.83,,69.04,,8.0,,2021,2,1
167.9,,78.91,,81.76,,2024,2,0
439.09,,54.58,,47.55,,2020,1,0
287.37,,70.0,,146.0,,2021,0,0
412.41,,76.48,,128.27,,2023,5,0
381.72,,74.53,,49.59,,2023,1,1
496.46,,67.11,,8.0,,2019,0,0
434.83,,67.21,,10.55,,2020,2,1
352.25,,87.43,,13.66,,2020,2,1
341.39,,81.13,,23.36,,2022,0,0
462.65,,65.36,,35.53,,2022,0,0
298.83,,85.48,,48.2,,2023,3,0
390.5,,79.55,,8.0,,2024,1,0
372.79,,76.88,,39.61,,2020,0,0
361.12,,77.27,,8.0,,2022,2,1
399.44,,60.54,,73.69,,2022,1,1
390.43,,87.05,,8.0,,2024,0,0
405.16,,81.52,,20.76,,2022,0,0
387.64,,74.45,,22.88,,2020,1,0
402.97,,74.44,,35.48,,2024,0,1
385.14,,71.09,,8.0,,2024,0,0
343.73,,66.31,,113.59,,2019,1,0
380.22,,77.35,,20.3,,2024,2,0
340.71,,64.05,,21.19,,2024,2,1
337.08,,73.51,,11.7,,2022,4,0
361.51,,72.97,,63.73,,2022,4,0
373.43,,75.85,,8.0,,2020,0,0
381.94,,81.41,,8.0,,2020,1,1
430.4,,76.03,,26.73,,2021,4,0
352.58,,78.94,,144.96,,2019,0,0
390.83,,52.6,,8.0,,2023,3,0
386.49,,76.6,,8.0,,2018,1,1
346.53,,72.75,,52.71,,2019,1,1
384.06,,75.72,,55.85,,2020,1,1
435.15,,66.71,,95.44,,2023,3,1
390.26,,83.51,,36.1,,2019,2,1
392.46,,74.5,,21.7,,2020,1,0
341.21,,64.55,,25.19,,2024,0,1
488.29,,66.32,,23.72,,2021,3,0
344.34,,81.03,,152.54,,2023,0,0
288.27,,71.15,,20.08,,2024,2,1
427.31,,71.95,,8.0,,2018,1,1
373.69,,70.02,,14.36,,2022,0,0
363.33,,82.11,,135.29,,2022,1,1
349.99,,76.82,,23.48,,2023,1,1
482.94,,60.13,,15.96,,2024,0,0
399.5,,62.24,,15.63,,2018,0,1
410.24,,72.05,,8.0,,2021,1,1
388.94,,65.57,,42.11,,2022,1,0
394.85,,50.39,,54.11,,2024,2,0
456.92,,64.55,,18.28,,2023,0,0
366.2,,69.21,,86.6,,2024,3,1
299.87,,68.0,,57.05,,2020,1,0
427.74,,79.21,,38.58,,2018,1,1
407.32,,49.65,,51.1,,2024,1,1
385.94,,64.28,,61.63,,2021,0,0
405.89,,79.96,,31.45,,2023,1,0
359.61,,65.32,,21.3,,2020,1,0
381.14,,59.89,,8.0,,2022,3,0
372.76,,65.19,,21.8,,2024,1,0
347.47,,76.46,,33.55,,2023,0,0
445.4,,69.47,,124.06,,2022,0,1
302.33,,64.75,,8.0,,2024,0,1
509.85,,76.82,,59.41,,2019,1,0
428.25,,75.75,,11.57,,2022,0,1
282.21,,59.37,,132.16,,2022,1,1
367.67,,72.95,,37.94,,2018,3,0
370.73,,59.01,,23.81,,2018,2,0
401.55,,83.7,,17.89,,2023,3,1
325.58,,84.31,,9.48,,2023,1,1
381.76,,69.12,,52.65,,2024,0,0
373.34,,82.65,,42.44,,2021,0,0
339.43,,64.44,,92.76,,2021,3,0
331.78,,70.6,,38.21,,2022,2,0
430.53,,66.15,,8.0,,2023,1,0
286.69,,71.75,,48.23,,2022,1,1
406.28,,72.66,,88.63,,2023,1,0
423.86,,71.97,,195.41,,2020,0,0
367.98,,71.1,,48.53,,2023,2,0
382.88,,73.27,,14.36,,2022,2,0
443.99,,84.55,,35.0,,2022,2,1
341.23,,51.89,,30.39,,2023,2,0
346.91,,91.21,,30.13,,2018,0,1
352.75,,68.49,,8.0,,2022,0,0
444.09,,71.22,,9.09,,2024,0,0
451.08,,85.29,,31.19,,2019,0,1
303.23,,78.07,,67.22,,2019,1,0
435.34,,77.35,,8.43,,2020,0,0
425.04,,84.46,,8.0,,2019,3,1
465.45,,70.35,,59.91,,2024,1,0
401.18,,81.19,,49.26,,2024,2,0
377.57,,59.4,,27.88,,2022,0,0
442.99,,76.18,,8.0,,2023,1,0
418.44,,77.62,,26.88,,2021,0,0
503.47,,83.46,,75.64,,2022,1,0
432.73,,79.08,,8.0,,2022,4,0
388.45,,74.04,,8.0,,2021,1,0
315.42,,68.82,,69.6,,2022,1,0
348.05,,68.71,,31.28,,2024,1,0
301.02,,68.8,,45.59,,2024,0,0
368.17,,59.02,,57.4,,2021,1,0
430.93,,89.43,,14.99,,2024,3,1
379.8,,81.99,,14.85,,2023,4,0
436.19,,74.55,,12.87,,2023,2,1
398.57,,80.15,,8.0,,2019,3,1
357.83,,79.53,,15.27,,2023,1,1
384.82,,62.07,,128.27,,2021,1,1
405.97,,78.37,,8.0,,2022,2,0
387.66,,84.7,,11.56,,2020,0,0
388.29,,65.22,,16.08,,2020,1,0
337.7,,56.66,,8.0,,2023,0,0
356.19,,60.38,,8.0,,2023,3,0
504.22,,71.04,,8.0,,2022,1,1
447.57,,59.8,,31.51,,2023,1,1
298.94,,70.28,,38.14,,2024,0,0
249.82,,65.45,,10.18,,2018,0,0
384.19,,71.99,,29.43,,2020,1,1
429.14,,66.9,,8.0,,2021,0,0
351.4,,71.64,,38.7,,2022,0,0
436.19,,78.03,,8.0,,2023,2,0
383.28,,62.42,,43.23,,2022,0,0
371.03,,74.81,,27.73,,2023,0,0
421.59,,63.48,,8.0,,2022,0,0
350.75,,71.94,,8.0,,2023,3,1
364.23,,71.18,,8.0,,2019,1,1
416.86,,75.56,,33.69,,2023,2,1
378.27,,73.85,,68.99,,2018,0,0
484.98,,84.39,,81.55,,2020,1,0
418.16,,71.74,,35.37,,2019,0,0
414.58,,65.72,,91.64,,2022,2,0
377.28,,81.3,,83.17,,2020,2,0
428.11,,75.31,,50.32,,2019,1,0
362.26,,80.84,,18.95,,2023,1,0
395.53,,70.8,,73.73,,2018,0,0
329.6,,58.91,,20.88,,2022,2,0
437.17,,94.44,,21.68,,2024,2,0
395.98,,65.97,,47.6,,2023,3,1
489.04,,60.39,,110.46,,2023,3,0
511.58,,79.17,,29.11,,2019,1,0
421.98,,62.55,,8.19,,2023,1,0
383.76,,68.08,,8.0,,2021,1,1
327.97,,73.25,,15.11,,2020,2,0
429.76,,70.57,,25.7,,2024,2,0
391.57,,68.37,,14.84,,2019,1,1
409.59,,87.9,,52.27,,2023,0,0
475.14,,70.89,,32.86,,2021,1,0
334.66,,63.01,,21.93,,2024,3,0
329.16,,81.77,,10.08,,2022,3,1
367.0,,64.77,,39.06,,2024,0,1
425.17,,70.91,,47.09,,2022,1,0
410.52,,62.95,,64.4,,2021,1,0
330.74,,74.11,,197.13,,2024,1,0
421.61,,72.4,,11.05,,2022,1,0
313.93,,71.71,,8.0,,2024,3,0
333.92,,73.5,,29.15,,2024,2,0
373.65,,80.18,,108.24,,2022,0,0
349.56,,79.03,,12.01,,2022,1,1
428.94,,61.61,,59.22,,2021,3,1
395.75,,65.25,,16.17,,2022,1,1
477.11,,81.24,,20.84,,2022,2,1
366.4,,64.17,,123.95,,2020,2,0
373.28,,76.92,,25.96,,2024,2,1
446.57,,80.39,,54.27,,2021,0,1
375.0,,55.58,,33.52,,2023,2,0
462.17,,67.94,,60.63,,2024,0,1
409.75,,80.15,,16.04,,2024,3,0
250.6,,70.53,,87.98,,2024,3,0
444.77,,67.96,,33.44,,2024,1,0
430.2,,80.31,,15.53,,2024,2,0
432.32,,83.04,,8.0,,2023,0,0
274.9,,65.22,,8.0,,2020,1,0
343.54,,89.67,,18.31,,2019,1,1
347.62,,54.16,,10.2,,2022,2,1
333.74,,56.93,,8.0,,2023,0,0
475.81,,67.46,,33.8,,2022,0,0
379.35,,68.65,,188.62,,2024,2,1
377.99,,69.11,,23.05,,2021,0,0
410.36,,66.65,,33.73,,2021,2,0
411.31,,64.74,,10.42,,2024,1,0
196.58,,69.8,,9.63,,2022,0,0
344.45,,66.1,,16.72,,2018,0,1
302.3,,78.82,,75.69,,2020,2,1
402.02,,72.31,,135.8,,2022,1,0
364.11,,69.79,,56.53,,2021,1,0
380.85,,71.28,,8.0,,2022,2,0
265.68,,83.14,,24.23,,2023,0,1
362.96,,67.17,,22.93,,2022,0,0
441.33,,59.27,,114.93,,2022,2,0
457.52,,62.23,,57.49,,2020,1,0
419.54,,69.67,,52.63,,2020,4,0
306.55,,76.82,,34.94,,2022,2,1
449.27,,80.8,,43.6,,2020,1,1
419.82,,88.49,,50.37,,2022,2,1
373.55,,79.39,,33.78,,2022,3,0
268.62,,63.17,,78.26,,2019,1,0
432.45,,69.97,,8.0,,2020,2,0
347.43,,50.36,,119.14,,2024,1,0
399.04,,68.88,,62.39,,2023,0,0
383.76,,65.95,,31.62,,2023,1,0
464.61,,48.87,,82.68,,2022,1,1
373.1,,93.08,,73.93,,2023,0,1
379.17,,68.22,,22.83,,2022,3,1
466.82,,50.93,,76.92,,2019,0,1
343.8,,69.26,,8.76,,2022,0,0
424.79,,88.51,,26.6,,2023,2,1
369.08,,91.07,,11.1,,2021,0,1
324.86,,72.58,,8.0,,2023,2,0
380.06,,72.96,,94.5,,2020,2,0
418.04,,84.26,,19.2,,2020,1,0
454.45,,70.49,,48.44,,2023,2,0
461.11,,76.6,,19.75,,2020,1,1
363.79,,80.4,,32.99,,2023,0,0
325.7,,61.24,,17.97,,2023,1,1
362.47,,87.37,,57.02,,2020,1,0
315.02,,63.2,,64.85,,2022,2,0
368.04,,65.66,,23.65,,2024,1,0
361.21,,73.0,,82.46,,2022,2,0
420.01,,81.4,,18.44,,2018,1,1
258.67,,78.77,,60.37,,2020,0,0
339.65,,71.51,,44.1,,2024,0,1
340.1,,74.84,,25.57,,2022,1,0
445.29,,82.73,,92.29,,2019,0,0
318.74,,72.08,,35.67,,2021,3,1
392.47,,63.88,,77.02,,2023,1,0
372.95,,65.97,,55.51,,2023,1,0
437.37,,81.09,,31.94,,2022,0,0
412.77,,63.89,,16.6,,2023,0,0
386.67,,56.32,,126.79,,2022,1,0
349.49,,68.96,,8.0,,2022,1,1
278.12,,71.25,,94.45,,2022,1,0
393.59,,80.6,,29.65,,2021,2,1
409.18,,57.42,,58.01,,2023,2,0
293.38,,75.46,,17.08,,2023,1,0
312.15,,83.51,,20.36,,2024,0,0
393.88,,63.83,,8.89,,2021,1,0
398.65,,72.82,,129.64,,2023,0,0
325.51,,50.49,,8.0,,2021,1,0
348.43,,80.73,,20.54,,2024,1,0
278.99,,79.96,,17.12,,2021,1,1
455.75,,71.8,,70.44,,2023,2,1
308.51,,58.73,,29.25,,2024,2,0
409.82,,78.67,,8.0,,2021,1,0
378.08,,69.55,,29.88,,2020,1,0
450.93,,44.2,,11.31,,2019,4,0
336.43,,79.78,,8.0,,2024,2,0
383.37,,83.64,,33.03,,2023,1,0
286.59,,85.39,,18.77,,2024,1,1
273.38,,59.23,,11.46,,2023,0,1
412.8,,52.83,,8.0,,2020,1,1
281.82,,67.9,,25.39,,2021,2,0
367.45,,77.18,,85.57,,2021,2,0
435.62,,62.57,,59.61,,2022,1,0
421.07,,56.09,,8.0,,2019,3,0
343.45,,79.25,,55.17,,2023,2,0
292.63,,68.55,,8.0,,2021,0,0
408.02,,78.23,,33.35,,2022,2,0
453.82,,72.16,,63.6,,2019,3,0
343.58,,70.34,,25.36,,2023,1,0
335.82,,71.36,,19.85,,2022,1,1
351.13,,68.42,,117.8,,2024,1,1
411.44,,67.41,,8.0,,2020,3,0
447.57,,60.99,,8.0,,2024,1,0
311.82,,76.83,,85.8,,2024,0,0
297.59,,84.48,,91.29,,2021,0,0
508.7,,67.0,,19.59,,2024,2,0
370.25,,90.66,,32.63,,2021,1,1
393.91,,75.77,,8.0,,2021,0,0
341.94,,74.58,,90.58,,2024,3,1
406.95,,78.55,,26.59,,2023,0,1
432.8,,81.75,,34.87,,2022,1,0
396.49,,67.45,,8.0,,2019,1,1
475.75,,77.55,,40.07,,2022,0,1
362.03,,82.47,,49.99,,2024,2,0
365.54,,68.21,,14.66,,2022,1,1
392.73,,72.05,,95.12,,2018,4,0
405.57,,64.33,,9.58,,2022,0,0
392.54,,67.07,,95.62,,2023,0,0
309.36,,68.5,,51.04,,2024,3,0
397.19,,62.96,,74.63,,2024,0,1
359.42,,71.37,,50.44,,2024,2,1
348.05,,75.31,,23.49,,2024,3,1
381.79,,76.28,,16.92,,2020,0,1
327.12,,63.92,,55.63,,2024,3,1
317.55,,65.94,,14.87,,2024,1,0
236.15,,80.51,,8.0,,2023,0,1
476.1,,65.91,,11.92,,2022,0,0
410.57,,80.24,,59.11,,2024,0,0
373.58,,64.68,,66.2,,2023,1,1
343.3,,75.77,,13.6,,2024,1,0
221.82,,79.52,,16.69,,2022,2,0
339.93,,45.5,,33.48,,2020,1,1
419.37,,80.68,,12.76,,2024,1,0
431.82,,85.04,,39.14,,2024,1,1
415.33,,68.91,,13.92,,2024,0,1
388.71,,75.46,,8.0,,2024,2,1
451.71,,63.61,,8.0,,2022,1,0
361.93,,75.63,,12.11,,2023,1,1
439.69,,96.61,,8.0,,2024,2,0
358.85,,50.03,,153.84,,2018,1,1
331.54,,66.99,,45.11,,2020,0,1
324.69,,79.97,,8.3,,2020,1,0
321.45,,84.62,,23.16,,2020,1,1
416.25,,58.18,,13.17,,2022,1,0
339.15,,65.62,,48.46,,2022,3,1
323.18,,66.2,,84.82,,2021,1,1
419.26,,65.47,,21.51,,2024,0,1
398.04,,70.84,,23.52,,2021,0,0
432.94,,57.71,,21.35,,2023,2,1
408.19,,69.45,,25.05,,2024,1,0
338.58,,62.64,,8.0,,2023,2,0
384.19,,71.31,,37.71,,2018,2,1
386.88,,64.95,,127.57,,2019,0,0
329.45,,70.31,,64.62,,2024,1,1
319.25,,61.64,,83.0,,2021,4,1
342.56,,81.53,,10.93,,2022,0,1
492.01,,68.74,,39.24,,2024,0,1
357.3,,72.14,,93.86,,2023,6,1
447.81,,70.54,,8.0,,2023,2,0
354.22,,72.07,,88.1,,2023,4,0
428.89,,72.02,,8.0,,2023,3,1
429.64,,80.05,,171.3,,2023,2,1
432.39,,69.14,,8.0,,2023,2,1
401.33,,64.8,,19.27,,2019,1,0
455.76,,72.42,,8.0,,2020,1,1
400.81,,65.87,,8.0,,2019,2,0
474.24,,71.25,,84.51,,2024,0,0
290.9,,61.48,,8.0,,2022,1,0
399.16,,82.5,,66.07,,2024,0,1
395.58,,64.19,,99.7,,2023,2,0
328.49,,83.99,,114.83,,2022,1,0
411.88,,71.39,,83.81,,2024,1,0
298.05,,80.56,,130.4,,2024,0,0
344.02,,64.33,,8.0,,2023,0,1
270.05,,52.33,,238.83,,2023,1,0
465.72,,55.51,,8.0,,2022,2,0
367.26,,97.03,,8.0,,2019,0,1
499.18,,66.02,,8.0,,2023,0,0
424.16,,82.96,,57.23,,2024,2,0
404.65,,59.02,,8.0,,2022,0,1
347.76,,73.79,,14.54,,2020,1,0
322.45,,75.48,,42.69,,2024,0,1
408.76,,100.36,,28.95,,2024,0,0
376.07,,68.82,,8.0,,2024,3,0
306.34,,64.89,,30.96,,2020,2,0
296.57,,75.51,,17.49,,2020,1,1
327.27,,62.75,,37.03,,2022,0,0
480.15,,76.1,,32.48,,2020,2,1
501.73,,71.47,,191.4,,2023,0,1
391.27,,64.46,,83.65,,2023,2,0
388.19,,76.94,,8.0,,2024,2,0
361.5,,73.08,,8.13,,2021,1,0
328.6,,79.6,,102.62,,2023,0,0
455.63,,88.52,,32.56,,2022,0,0
483.05,,66.98,,59.85,,2020,1,0
330.86,,67.88,,29.41,,2024,2,0
375.44,,58.54,,64.71,,2019,0,0
355.26,,77.21,,8.0,,2018,1,1
356.89,,65.55,,56.24,,2021,0,1
445.22,,75.46,,85.56,,2024,1,0
307.84,,83.65,,12.97,,2018,0,0
405.66,,65.16,,19.3,,2022,1,1
420.05,,67.26,,37.51,,2022,0,0
372.18,,82.15,,85.13,,2021,1,1
429.12,,79.07,,100.12,,2023,2,0
388.12,,78.01,,32.11,,2021,2,0
446.94,,68.09,,45.07,,2023,1,0
296.28,,57.64,,86.64,,2021,2,1
360.82,,64.88,,11.05,,2020,2,0
376.05,,61.91,,73.26,,2022,2,0
233.03,,77.82,,12.75,,2022,0,1
320.27,,74.85,,36.54,,2021,1,1
335.25,,66.01,,114.59,,2021,1,1
432.15,,67.72,,30.09,,2022,3,1
341.12,,76.76,,8.0,,2022,2,0
335.01,,68.81,,94.98,,2023,3,0
424.96,,66.19,,36.93,,2019,4,0
291.01,,91.79,,8.0,,2020,2,1
266.08,,66.5,,8.0,,2021,1,0
360.11,,78.69,,12.72,,2022,1,0
300.38,,75.93,,8.0,,2021,0,0
302.47,,56.77,,41.58,,2023,2,1
411.54,,65.21,,38.14,,2024,1,1
428.18,,80.19,,77.2,,2023,0,0
423.39,,70.69,,30.25,,2020,2,1
440.98,,57.35,,12.26,,2021,0,0
448.26,,75.94,,8.0,,2022,2,1
262.93,,66.18,,8.0,,2021,3,1
404.77,,76.36,,109.23,,2022,2,0
350.87,,98.88,,8.0,,2022,1,0
338.89,,75.82,,29.04,,2023,0,0
410.82,,78.12,,66.51,,2020,0,0
284.83,,69.46,,110.88,,2022,1,0
283.69,,60.8,,9.46,,2022,0,1
414.85,,82.24,,11.08,,2019,2,0
406.83,,65.94,,8.32,,2023,2,0
387.52,,69.71,,8.0,,2023,0,0
331.6,,89.93,,25.49,,2024,1,1
420.91,,68.62,,42.43,,2019,2,0
417.42,,84.15,,51.45,,2022,2,0
384.69,,75.87,,16.64,,2024,0,1
315.25,,66.47,,41.06,,2023,0,0
356.61,,75.41,,8.0,,2022,1,0
426.08,,64.84,,92.05,,2018,0,1
453.0,,81.05,,85.61,,2019,1,1
362.04,,84.47,,32.99,,2019,2,1
366.27,,72.49,,11.71,,2023,1,0
371.11,,85.42,,150.52,,2022,0,0
395.12,,73.6,,69.89,,2021,1,0
348.04,,81.15,,8.0,,2024,1,1
220.82,,101.51,,26.64,,2024,3,0
445.6,,96.75,,8.0,,2023,0,0
478.71,,70.17,,8.0,,2023,1,0
346.32,,74.94,,8.0,,2020,2,0
321.33,,61.46,,48.88,,2024,3,0
372.46,,79.99,,12.22,,2020,1,1
369.69,,75.89,,15.27,,2024,2,0
434.75,,64.26,,8.0,,2024,1,0
383.01,,83.87,,8.0,,2023,4,0
336.41,,69.34,,66.1,,2023,0,1
307.49,,66.79,,45.48,,2021,0,1
427.61,,75.99,,20.23,,2021,1,1
412.97,,67.35,,8.0,,2022,1,0
438.33,,71.68,,62.8,,2022,3,0
326.75,,89.46,,109.56,,2021,1,1
481.11,,65.85,,31.48,,2024,1,1
284.1,,78.75,,8.0,,2020,1,1
419.03,,66.17,,44.4,,2021,1,0
274.97,,62.27,,8.0,,2021,0,0
336.53,,71.18,,8.0,,2024,0,0
465.86,,98.84,,26.72,,2020,1,0
425.73,,79.82,,12.03,,2022,0,0
349.96,,76.62,,111.82,,2018,1,0
351.46,,66.75,,69.5,,2023,4,0
385.53,,68.15,,13.61,,2023,0,0
408.28,,57.17,,139.38,,2024,2,0
448.84,,89.95,,19.96,,2021,0,0
354.91,,74.69,,35.29,,2022,2,1
291.35,,73.82,,34.87,,2024,1,0
388.63,,74.04,,44.04,,2021,1,0
354.84,,92.9,,11.73,,2024,0,1
308.47,,75.0,,107.17,,2024,1,0
396.37,,70.07,,12.97,,2021,0,1
368.28,,89.99,,45.91,,2021,3,0
396.86,,70.7,,60.96,,2021,2,1
330.81,,55.08,,89.58,,2024,1,0
406.77,,56.73,,25.64,,2023,0,0
307.56,,70.08,,52.24,,2020,0,0
334.47,,74.92,,8.0,,2024,0,1
366.64,,80.22,,63.22,,2020,1,0
475.8,,62.82,,59.19,,2022,4,0
423.17,,69.75,,22.2,,2019,0,0
439.25,,63.9,,15.8,,2023,1,0
457.94,,83.14,,20.09,,2023,1,0
578.16,,84.82,,8.0,,2021,3,0
382.29,,91.58,,42.65,,2019,2,0
458.12,,75.52,,102.57,,2022,3,0
435.69,,90.65,,46.02,,2024,1,1
434.78,,65.07,,36.49,,2023,0,0
477.58,,74.16,,196.48,,2022,3,0
356.94,,61.39,,32.78,,2019,2,1
352.57,,77.73,,17.82,,2023,0,1
397.59,,74.85,,51.22,,2021,1,1
369.95,,47.46,,30.95,,2023,2,0
397.52,,83.1,,150.31,,2018,2,0
465.95,,80.55,,95.86,,2022,0,1
353.7,,66.44,,123.25,,2021,1,1
363.24,,74.81,,8.0,,2018,0,0
389.59,,57.06,,17.08,,2022,0,0
367.44,,64.3,,41.44,,2020,0,1
274.73,,88.69,,15.48,,2018,0,1
348.09,,60.46,,44.87,,2023,2,1
417.81,,72.1,,52.71,,2024,0,0
459.07,,58.04,,41.0,,2023,0,0
316.5,,75.38,,25.74,,2024,2,0
316.24,,77.63,,50.11,,2019,3,1
381.66,,79.24,,63.67,,2021,0,0
265.84,,76.68,,50.02,,2023,1,1
355.53,,86.27,,70.2,,2020,4,0
284.52,,66.46,,123.57,,2022,0,1
455.3,,61.42,,8.0,,2022,1,1
337.69,,66.13,,99.5,,2023,2,1
470.91,,58.54,,13.42,,2024,1,0
441.24,,72.79,,34.84,,2023,1,1
344.45,,70.6,,119.86,,2024,4,1
321.04,,76.78,,40.65,,2019,2,1
369.35,,55.84,,8.0,,2022,1,1
374.24,,71.87,,29.05,,2020,1,0
399.04,,84.14,,94.4,,2023,2,1
337.29,,77.72,,22.31,,2018,0,1
421.05,,53.04,,79.11,,2024,0,1
394.59,,71.88,,66.39,,2023,1,0
361.28,,64.67,,99.5,,2023,1,0
340.84,,72.13,,12.82,,2023,0,1
369.83,,68.19,,28.82,,2023,1,1
335.07,,89.39,,17.15,,2023,3,0
383.21,,72.86,,32.09,,2024,2,0
384.7,,75.17,,8.0,,2020,0,1
394.39,,71.56,,11.62,,2019,1,0
477.14,,76.74,,153.34,,2023,1,1
372.72,,69.83,,38.81,,2019,1,0
435.25,,79.74,,8.0,,2022,0,0
392.63,,68.08,,29.82,,2023,1,1
366.9,,85.76,,50.29,,2023,3,1
373.45,,76.96,,38.88,,2021,0,1
376.76,,70.47,,29.27,,2023,1,1
395.39,,80.42,,47.07,,2021,1,0
327.24,,76.93,,8.0,,2024,1,0
299.41,,80.27,,24.22,,2024,1,1
415.99,,72.86,,58.27,,2023,0,1
429.4,,69.59,,36.38,,2023,0,0
421.01,,73.35,,99.43,,2021,0,1
388.52,,67.0,,24.64,,2022,2,1
422.2,,81.79,,8.0,,2020,1,1
419.24,,86.69,,8.0,,2023,2,0
423.32,,77.79,,27.26,,2023,1,0
332.73,,86.18,,24.17,,2019,1,1
319.67,,83.27,,12.45,,2024,2,0
358.63,,69.32,,37.5,,2024,1,0
379.04,,80.36,,12.09,,2020,1,0
366.69,,59.17,,10.24,,2021,0,1
276.78,,73.86,,40.88,,2024,3,1
474.69,,60.18,,121.77,,2021,2,0
364.93,,70.9,,9.52,,2019,1,0
389.5,,57.6,,8.48,,2024,3,0
448.45,,82.94,,30.77,,2022,1,1
251.03,,68.05,,8.0,,2018,1,0
351.86,,81.06,,14.63,,2022,4,0
358.71,,71.24,,196.74,,2024,0,0
361.5,,53.56,,77.24,,2021,2,1
370.46,,67.16,,51.43,,2020,1,0
459.59,,66.69,,8.0,,2018,0,1
417.04,,71.85,,12.94,,2023,2,0
432.69,,87.08,,35.41,,2022,1,0
382.59,,88.74,,52.03,,2021,3,1
303.03,,69.69,,46.36,,2024,2,0
265.62,,59.4,,8.62,,2019,0,1
295.88,,64.56,,26.37,,2020,1,1
399.79,,76.8,,9.29,,2021,1,1
381.75,,70.92,,108.0,,2018,3,1
368.44,,56.25,,34.24,,2024,2,0
359.73,,66.96,,20.78,,2022,1,1
490.64,,85.12,,105.05,,2022,2,0
334.74,,74.92,,98.41,,2018,0,0
431.03,,72.47,,29.46,,2024,0,0
380.11,,68.11,,48.76,,2024,1,0
376.65,,67.4,,16.13,,2024,1,0
444.72,,77.44,,15.44,,2023,0,1
460.44,,73.42,,33.5,,2023,1,0
366.82,,79.71,,78.75,,2024,0,0
423.96,,77.47,,38.19,,2020,0,1
400.01,,72.2,,25.81,,2020,1,0
380.41,,75.84,,45.82,,2020,2,1
391.23,,66.07,,70.26,,2024,0,1
342.16,,71.52,,65.02,,2021,1,0
363.16,,85.41,,19.45,,2020,1,0
348.07,,72.11,,115.23,,2024,2,1
429.58,,69.83,,8.0,,2020,2,0
374.76,,74.1,,25.17,,2019,2,0
308.63,,60.34,,99.99,,2024,0,0
340.21,,74.21,,50.01,,2024,0,1
204.04,,88.96,,51.13,,2022,0,0
352.8,,63.91,,8.0,,2021,1,1
382.07,,74.67,,36.64,,2021,2,0
372.51,,71.77,,143.21,,2021,1,1
488.91,,71.51,,9.98,,2024,1,1
411.62,,71.33,,16.64,,2018,5,1
409.17,,79.14,,20.67,,2023,1,1
289.62,,61.02,,18.74,,2024,0,0
359.94,,78.89,,41.43,,2023,0,1
353.23,,72.69,,11.23,,2022,1,0
336.77,,54.37,,29.59,,2019,1,0
336.01,,75.8,,21.47,,2018,0,0
280.55,,73.14,,43.44,,2020,1,0
309.83,,63.28,,11.63,,2023,0,0
428.08,,73.61,,33.83,,2022,1,0
372.14,,58.84,,56.64,,2023,0,0
352.15,,65.15,,49.59,,2019,2,0
379.7,,72.37,,75.49,,2024,2,0
444.21,,55.14,,131.34,,2023,1,0
380.23,,60.49,,80.81,,2023,1,1
409.72,,61.98,,116.93,,2020,1,0
333.44,,72.79,,8.0,,2022,0,0
345.98,,76.41,,41.64,,2021,0,0
399.47,,63.07,,13.09,,2024,1,0
484.1,,62.51,,69.53,,2022,1,1
458.64,,73.38,,71.8,,2021,2,0
412.06,,73.11,,8.0,,2024,2,0
388.33,,65.0,,38.02,,2020,1,0
457.06,,90.29,,79.93,,2022,0,0
423.71,,73.84,,37.18,,2020,0,1
253.85,,70.3,,23.28,,2019,1,1
322.03,,68.14,,8.0,,2019,4,0
398.6,,82.09,,55.03,,2018,0,0
281.72,,77.45,,8.0,,2023,1,1
330.63,,54.62,,38.27,,2021,2,0
341.51,,65.04,,104.85,,2024,1,1
365.91,,67.53,,22.81,,2023,1,0
364.19,,71.88,,61.76,,2024,2,1
364.1,,78.27,,67.56,,2021,1,0
425.39,,61.3,,8.0,,2020,0,1
365.41,,71.21,,103.5,,2022,0,0
358.85,,88.99,,8.79,,2024,1,0
305.8,,72.29,,13.95,,2022,2,0
436.34,,65.06,,85.94,,2022,1,0
343.07,,58.66,,48.73,,2021,2,0
320.21,,67.13,,19.53,,2022,2,0
391.72,,61.21,,8.0,,2022,2,0
337.82,,68.05,,20.5,,2022,3,0
351.07,,77.42,,142.43,,2022,0,0
394.22,,72.37,,8.0,,2022,1,0
362.04,,67.2,,78.61,,2023,0,1
507.14,,54.09,,16.53,,2019,2,1
375.88,,80.32,,44.64,,2021,3,1
413.98,,68.48,,41.93,,2023,1,0
273.21,,73.08,,16.54,,2021,1,1
332.66,,62.88,,8.0,,2022,1,1
320.22,,67.91,,8.0,,2021,1,1
327.51,,66.2,,35.04,,2021,2,0
402.85,,58.66,,124.87,,2022,1,0
436.96,,62.92,,109.22,,2020,0,1
398.95,,71.85,,8.0,,2022,2,0
367.53,,74.99,,87.41,,2023,1,0
345.3,,65.16,,11.19,,2018,0,1
441.25,,59.97,,101.07,,2023,3,1
493.92,,68.44,,59.68,,2024,2,0
387.43,,79.8,,136.54,,2022,0,0
431.66,,62.61,,24.48,,2022,1,0
398.89,,72.13,,55.24,,2020,1,0
421.55,,65.4,,55.82,,2023,1,0
315.95,,83.29,,28.79,,2022,2,1
353.15,,66.93,,154.13,,2023,1,0
401.75,,78.62,,11.73,,2019,0,0
446.69,,82.15,,179.93,,2019,2,1
335.0,,87.41,,70.22,,2021,2,0
268.17,,58.47,,40.21,,2020,2,1
352.6,,58.02,,8.0,,2024,4,1
435.56,,83.65,,12.61,,2023,2,0
292.89,,82.01,,77.31,,2024,1,0
315.27,,65.83,,54.71,,2019,0,0
388.58,,39.63,,138.12,,2021,0,1
373.62,,72.81,,21.23,,2024,3,0
412.7,,56.83,,94.44,,2019,0,0
312.42,,63.72,,83.13,,2022,1,1
362.13,,73.81,,142.18,,2023,1,1
445.74,,75.16,,13.36,,2020,1,0
314.39,,87.81,,28.66,,2023,0,0
461.23,,68.27,,8.0,,2024,0,1
321.29,,62.24,,37.54,,2021,1,0
426.72,,81.17,,55.35,,2023,1,0
359.49,,75.77,,11.42,,2022,2,0
317.03,,68.37,,8.0,,2023,3,0
352.67,,72.32,,42.85,,2022,1,1
409.97,,68.22,,20.98,,2018,2,0
379.62,,78.92,,23.36,,2021,0,0
441.52,,88.88,,26.75,,2021,0,0
458.97,,64.75,,30.09,,2024,4,0
314.93,,76.21,,9.14,,2022,0,0
310.91,,56.7,,36.21,,2024,1,0
308.24,,61.27,,8.0,,2018,2,0
330.54,,77.63,,8.0,,2023,0,1
440.73,,71.3,,52.21,,2022,0,0
410.82,,60.91,,55.22,,2018,2,0
350.02,,72.09,,13.01,,2022,1,0
379.39,,80.79,,8.58,,2021,2,0
457.24,,57.53,,8.0,,2020,2,0
484.94,,89.47,,22.8,,2019,2,1
394.27,,77.73,,29.88,,2023,3,0
233.74,,77.93,,96.48,,2023,2,1
396.35,,71.99,,8.0,,2022,1,1
431.41,,89.47,,21.87,,2024,0,0
392.35,,81.62,,22.83,,2018,2,0
419.96,,68.32,,91.41,,2022,2,0
399.64,,79.57,,9.16,,2024,2,0
312.09,,64.67,,8.0,,2022,1,1
331.26,,69.2,,20.19,,2022,2,0
362.34,,86.67,,39.8,,2019,1,1
438.6,,75.88,,82.02,,2023,1,1
337.88,,78.62,,13.16,,2023,1,0
405.07,,83.7,,12.16,,2020,2,0
396.7,,77.48,,16.57,,2023,1,1
467.24,,63.89,,8.0,,2021,1,1
377.71,,88.61,,158.83,,2022,2,0
283.49,,77.16,,32.67,,2023,0,0
415.58,,77.87,,13.35,,2019,0,1
497.59,,72.56,,18.86,,2021,1,1
419.18,,83.11,,84.4,,2024,0,0
336.68,,91.15,,47.04,,2020,0,0
320.49,,68.25,,33.84,,2023,0,0
327.59,,82.65,,54.19,,2024,0,0
490.18,,72.34,,59.21,,2023,1,0
362.0,,52.02,,9.07,,2023,2,1
343.55,,57.96,,8.0,,2022,0,0
371.29,,76.24,,142.89,,2024,1,0
362.57,,82.1,,8.63,,2023,0,0
466.22,,78.09,,26.25,,2021,0,0
324.2,,79.69,,170.59,,2022,1,0
444.94,,97.9,,22.68,,2023,0,1
386.72,,77.28,,30.38,,2023,2,0
446.39,,69.35,,67.25,,2020,4,0
467.04,,70.73,,17.48,,2024,1,0
384.66,,88.35,,23.69,,2020,1,0
362.67,,59.31,,16.96,,2022,0,0
383.64,,84.38,,14.23,,2018,0,0
374.79,,72.16,,26.81,,2022,0,0
288.87,,63.68,,57.54,,2018,1,1
465.39,,57.5,,84.82,,2019,0,0
393.52,,86.81,,26.67,,2022,1,1
316.03,,63.43,,16.26,,2022,1,1
266.29,,72.62,,101.88,,2019,0,0
251.98,,62.25,,17.19,,2024,3,0
422.38,,91.66,,62.65,,2021,0,0
345.96,,72.98,,57.99,,2023,3,0
354.98,,58.54,,8.0,,2024,2,1
406.85,,67.71,,8.21,,2024,0,0
351.62,,85.93,,35.73,,2023,3,0
410.06,,62.23,,84.93,,2018,2,0
385.24,,68.39,,37.86,,2023,2,0
375.37,,83.87,,57.02,,2019,0,0
293.5,,75.42,,55.68,,2022,0,0
334.91,,59.81,,28.64,,2024,0,0
413.14,,74.23,,34.56,,2019,1,0
342.49,,70.47,,8.0,,2023,0,0
446.3,,72.52,,110.35,,2021,0,1
509.05,,81.47,,47.12,,2020,2,0
416.1,,74.41,,8.0,,2020,2,0
462.11,,71.07,,11.75,,2022,0,0
419.64,,70.58,,8.0,,2024,0,0
350.62,,82.77,,12.87,,2022,0,0
391.01,,64.8,,15.99,,2021,0,0
490.73,,50.32,,48.27,,2020,0,0
351.2,,69.75,,27.2,,2021,0,1
322.84,,75.78,,77.7,,2024,1,0
317.62,,67.84,,8.0,,2020,1,0
368.04,,66.75,,51.56,,2021,1,0
324.81,,68.36,,87.3,,2022,1,1
472.07,,71.75,,22.97,,2022,1,0
391.9,,59.02,,14.31,,2021,3,0
433.44,,78.61,,24.77,,2018,0,0
363.57,,45.38,,65.32,,2024,2,0
317.29,,77.4,,105.58,,2019,1,0
307.98,,75.13,,8.0,,2023,1,1
330.06,,76.97,,31.58,,2021,1,0
399.11,,52.72,,42.88,,2024,1,1
408.59,,74.93,,8.0,,2022,2,0
413.18,,66.57,,8.4,,2018,1,0
298.12,,88.02,,8.0,,2022,2,0
379.98,,75.62,,14.41,,2024,0,0
323.57,,60.23,,9.66,,2018,0,0
402.08,,55.09,,28.02,,2022,5,0
406.35,,65.85,,44.74,,2023,1,0
315.53,,80.12,,77.55,,2019,1,1
433.24,,83.52,,15.24,,2020,0,0
508.64,,73.81,,8.0,,2018,0,0
425.92,,72.8,,8.0,,2022,1,0
371.04,,68.68,,78.18,,2024,1,0
362.59,,71.79,,88.4,,2021,0,0
368.5,,84.16,,8.0,,2019,0,0
338.16,,68.53,,8.0,,2022,4,1
393.88,,78.59,,67.65,,2024,1,0
317.38,,66.72,,42.99,,2022,0,1
276.07,,82.13,,34.11,,2020,1,1
392.08,,77.79,,32.0,,2020,0,1
381.17,,81.72,,62.42,,2021,1,0
348.59,,90.82,,14.58,,2019,2,0
309.45,,46.18,,20.7,,2022,0,1
395.94,,79.54,,8.0,,2024,2,1
325.54,,76.69,,35.07,,2024,4,0
372.36,,76.47,,136.05,,2022,1,0
477.07,,74.41,,14.02,,2024,1,0
415.82,,74.4,,111.24,,2022,0,0
304.7,,75.36,,54.87,,2023,3,1
309.88,,81.06,,11.19,,2020,0,1
388.35,,80.26,,45.66,,2020,1,0
304.36,,71.75,,19.16,,2024,1,0
269.91,,70.13,,8.0,,2020,2,1
409.28,,72.2,,8.0,,2022,0,0
397.65,,67.87,,8.0,,2020,2,1
404.78,,89.8,,67.14,,2023,0,1
394.47,,59.29,,90.78,,2022,1,0
376.41,,79.5,,27.67,,2024,0,0
343.58,,79.44,,30.82,,2023,3,0
408.39,,66.7,,49.41,,2020,1,0
464.14,,74.96,,50.69,,2022,2,0
352.43,,84.63,,16.45,,2024,2,1
323.86,,68.7,,8.0,,2022,0,1
317.57,,85.12,,23.64,,2022,0,0
332.33,,83.18,,50.15,,2018,3,0
391.14,,64.9,,68.49,,2022,0,0
262.32,,60.92,,8.0,,2024,1,0
404.15,,73.65,,37.27,,2024,2,1
415.42,,59.6,,8.0,,2023,1,1
281.11,,42.95,,73.15,,2021,3,0
326.15,,67.11,,46.16,,2023,2,0
384.38,,93.74,,50.1,,2022,2,0
372.11,,67.53,,60.24,,2022,4,1
408.58,,75.8,,28.75,,2024,1,1
372.24,,79.0,,14.91,,2020,1,1
449.56,,71.59,,64.69,,2022,2,0
362.34,,68.66,,63.09,,2023,3,1
325.93,,84.29,,8.0,,2024,1,0
321.51,,72.4,,97.89,,2018,3,0
420.45,,71.09,,10.5,,2022,1,0
381.63,,79.97,,15.37,,2021,1,1
414.85,,61.7,,10.22,,2024,0,0
413.72,,59.37,,141.52,,2021,1,0
268.91,,55.75,,14.95,,2021,2,1
317.3,,77.68,,149.29,,2023,0,1
323.87,,70.36,,42.67,,2021,1,0
335.12,,80.26,,8.16,,2022,0,0
356.88,,72.51,,33.9,,2018,0,1
434.95,,58.29,,89.85,,2021,2,0
445.92,,68.44,,34.64,,2023,1,1
363.89,,80.97,,8.0,,2022,0,0
366.18,,69.38,,14.2,,2020,5,0
341.2,,83.87,,10.7,,2024,2,1
384.91,,67.46,,8.0,,2021,0,0
391.14,,79.19,,16.65,,2024,1,0
424.36,,54.17,,45.44,,2024,1,0
423.91,,69.74,,20.25,,2020,1,1
253.38,,68.13,,24.64,,2024,1,0
371.61,,58.02,,16.24,,2019,3,1
456.13,,83.12,,218.31,,2022,2,1
355.9,,65.6,,37.06,,2020,2,0
442.66,,64.57,,75.39,,2019,1,1
363.15,,85.01,,24.45,,2019,4,0
389.62,,73.61,,8.0,,2018,3,0
317.47,,79.8,,78.79,,2023,0,0
319.54,,54.97,,60.54,,2021,2,0
419.9,,64.01,,16.81,,2018,3,1
428.5,,92.86,,39.16,,2020,1,0
381.45,,80.54,,8.0,,2019,0,0
312.49,,61.27,,8.0,,2018,0,1
382.41,,74.25,,71.04,,2023,2,1
449.15,,62.04,,119.53,,2018,1,0
475.86,,85.94,,17.71,,2024,0,0
362.58,,49.3,,38.23,,2020,1,0
288.71,,74.75,,53.06,,2024,2,1
426.22,,74.6,,57.56,,2023,1,0
364.82,,60.87,,27.55,,2020,2,0
431.87,,69.27,,39.9,,2021,1,0
395.46,,75.76,,44.95,,2021,3,0
331.41,,54.22,,8.0,,2020,0,1
383.2,,59.2,,43.51,,2020,2,0
451.96,,70.45,,30.03,,2023,1,0
371.8,,63.67,,19.98,,2023,2,1
323.09,,67.37,,12.75,,2020,1,0
292.62,,71.8,,42.67,,2024,1,1
337.53,,62.9,,8.0,,2023,1,1
357.44,,71.73,,69.94,,2022,2,1
425.1,,74.98,,8.0,,2020,3,0
318.35,,79.79,,62.02,,2021,3,0
465.46,,59.54,,71.42,,2021,1,1
306.46,,65.72,,117.92,,2024,0,1
508.23,,77.89,,26.14,,2024,0,1
474.9,,57.18,,8.0,,2018,2,0
387.76,,73.06,,47.55,,2018,1,0
289.38,,72.28,,13.95,,2023,1,0
376.95,,46.13,,8.0,,2019,0,0
358.72,,67.06,,81.33,,2020,1,0
309.91,,75.31,,8.0,,2024,2,0
396.01,,69.88,,29.65,,2021,1,1
334.7,,67.26,,65.25,,2024,1,0
340.68,,73.56,,9.32,,2020,1,0
368.8,,81.89,,95.32,,2023,3,0
348.38,,77.38,,16.92,,2023,4,1
494.3,,64.44,,21.2,,2023,1,0
350.54,,57.41,,8.0,,2021,1,0
404.25,,77.19,,43.43,,2020,1,0
388.0,,60.22,,28.72,,2019,2,1
399.4,,66.72,,153.55,,2023,2,1
403.6,,74.01,,50.33,,2023,3,0
428.47,,83.47,,59.76,,2018,1,1
394.65,,84.86,,9.32,,2022,1,1
392.37,,72.61,,52.39,,2020,3,0
383.22,,66.91,,34.23,,2018,1,1
372.39,,59.99,,21.72,,2022,2,0
329.85,,91.59,,64.1,,2020,0,0
376.65,,69.1,,161.36,,2022,1,0
393.27,,78.78,,8.0,,2023,1,0
402.12,,73.97,,65.33,,2024,1,0
389.92,,67.04,,105.81,,2021,0,1
367.19,,66.62,,15.9,,2022,2,1
376.86,,58.17,,18.94,,2020,1,0
349.55,,83.22,,66.51,,2023,0,0
397.23,,70.79,,129.0,,2024,2,0
367.84,,86.3,,117.41,,2023,0,0
389.93,,67.51,,8.0,,2022,0,0
435.04,,69.02,,86.15,,2022,2,1
340.99,,60.67,,37.09,,2020,3,0
412.82,,68.89,,22.96,,2023,1,1
381.83,,59.6,,78.45,,2023,1,0
491.17,,76.03,,67.69,,2024,0,1
368.1,,73.08,,29.9,,2022,3,0
418.23,,86.75,,22.21,,2023,4,0
380.84,,57.42,,26.86,,2022,0,1
303.64,,84.16,,16.1,,2024,1,0
351.36,,62.22,,47.92,,2022,0,0
428.43,,75.44,,93.49,,2022,1,0
356.2,,60.55,,12.11,,2020,2,0
257.89,,74.03,,73.33,,2024,5,0
378.27,,46.89,,18.79,,2024,2,0
319.92,,65.29,,8.0,,2021,1,0
387.25,,73.06,,8.0,,2022,3,0
465.31,,89.55,,27.41,,2022,2,0
422.32,,50.72,,35.28,,2021,3,0
464.52,,71.98,,8.0,,2022,1,1
349.12,,66.81,,44.41,,2022,0,1
372.13,,52.84,,30.7,,2019,1,0
322.56,,60.75,,240.0,,2021,0,0
342.38,,67.29,,8.0,,2019,4,0
329.02,,76.67,,51.28,,2023,2,0
308.13,,72.88,,10.28,,2023,0,1
455.12,,58.88,,9.71,,2021,3,0
264.94,,53.66,,8.0,,2022,1,0
455.36,,76.18,,8.0,,2022,1,0
448.53,,70.05,,8.68,,2020,2,1
407.49,,88.11,,8.11,,2023,0,1
318.7,,68.47,,8.0,,2023,0,1
292.98,,83.43,,53.04,,2021,0,1
349.84,,77.44,,29.42,,2022,2,0
414.38,,80.22,,21.19,,2020,1,1
380.17,,76.32,,8.0,,2019,0,0
322.61,,76.54,,17.07,,2021,1,0
443.15,,49.08,,26.71,,2024,2,1
472.64,,69.63,,240.0,,2023,1,0
367.54,,65.36,,30.01,,2020,3,0
386.01,,84.71,,8.0,,2019,0,0
297.01,,61.98,,9.78,,2024,0,1
357.21,,69.2,,18.39,,2023,0,0
408.07,,80.01,,25.56,,2019,1,1
399.52,,75.01,,47.11,,2023,0,0
352.08,,73.67,,37.51,,2022,0,0
364.92,,83.09,,29.9,,2020,1,0
355.4,,74.6,,76.42,,2018,1,0
364.68,,66.55,,9.18,,2024,0,1
403.28,,59.04,,8.0,,2021,1,0
271.79,,76.87,,76.5,,2022,0,0
375.91,,64.3,,26.05,,2020,0,0
399.25,,69.59,,33.85,,2023,1,0
348.62,,82.78,,76.29,,2019,0,1
353.64,,69.79,,122.44,,2024,0,0
355.23,,67.56,,33.72,,2022,2,0
353.65,,69.2,,70.25,,2019,0,1
380.32,,69.47,,33.05,,2022,1,0
387.1,,62.09,,8.0,,2022,0,0
264.47,,88.77,,131.05,,2021,1,1
415.91,,66.51,,71.5,,2023,3,0
364.05,,79.84,,58.8,,2024,1,1
486.31,,61.82,,24.49,,2019,1,0
314.46,,77.5,,119.98,,2021,0,0
332.3,,73.69,,28.27,,2020,3,1
368.84,,72.25,,53.58,,2022,1,0
402.73,,73.75,,8.0,,2018,3,0
272.71,,76.16,,10.37,,2023,0,1
334.4,,69.73,,23.18,,2018,3,1
412.52,,70.23,,36.57,,2020,0,1
327.85,,77.77,,68.78,,2024,0,0
455.35,,60.58,,11.57,,2024,0,0
355.04,,59.04,,62.53,,2023,1,0
330.53,,73.79,,92.7,,2023,2,0
413.56,,51.9,,71.66,,2022,2,1
468.42,,55.17,,40.91,,2021,0,0
402.9,,90.05,,69.75,,2020,0,1
449.32,,87.49,,88.19,,2024,1,0
472.21,,66.29,,34.02,,2024,2,0
329.3,,81.99,,69.79,,2024,1,0
431.61,,82.34,,22.96,,2024,2,1
296.21,,76.71,,31.04,,2023,0,0
403.37,,71.21,,8.0,,2024,2,1
376.08,,78.26,,90.29,,2024,3,0
448.36,,79.98,,8.0,,2021,1,0
444.47,,78.42,,13.58,,2024,1,1
411.34,,56.51,,16.04,,2022,0,0
396.41,,92.33,,8.0,,2022,3,0
407.96,,96.03,,107.01,,2019,2,1
383.4,,52.91,,147.32,,2024,2,0
376.63,,77.11,,84.17,,2021,2,0
459.34,,92.46,,17.86,,2020,0,0
465.96,,82.02,,8.0,,2024,1,1
372.21,,82.13,,8.48,,2018,0,0
393.07,,57.61,,62.11,,2020,2,0
384.49,,79.91,,14.15,,2022,2,0
291.36,,74.39,,93.71,,2024,0,0
361.5,,79.8,,75.71,,2022,2,1
467.98,,61.64,,11.36,,2020,1,0
338.76,,61.29,,49.66,,2022,1,1
496.3,,70.57,,24.52,,2023,1,0
444.47,,68.21,,10.16,,2024,1,0
402.08,,70.43,,37.46,,2024,1,1
410.85,,67.2,,76.28,,2023,1,1
329.55,,69.99,,109.81,,2022,1,0
365.41,,65.34,,8.0,,2024,1,0
459.28,,71.52,,22.79,,2024,1,0
346.2,,57.76,,38.95,,2023,1,0
438.36,,77.14,,17.32,,2023,4,0
304.26,,74.61,,16.05,,2024,1,1
314.1,,59.38,,62.08,,2021,1,0
484.58,,85.26,,64.07,,2024,2,0
379.35,,63.73,,54.82,,2020,4,0
350.38,,83.89,,96.09,,2024,1,0
454.95,,75.29,,28.67,,2020,0,1
448.52,,82.01,,65.11,,2022,1,1
430.64,,73.76,,8.0,,2022,2,0
348.66,,77.67,,183.81,,2024,0,0
364.22,,81.9,,105.68,,2021,2,1
397.14,,91.07,,77.32,,2022,1,1
418.19,,82.75,,37.22,,2020,3,0
352.03,,76.48,,33.0,,2022,4,1
389.39,,58.51,,8.0,,2021,3,0
394.71,,47.84,,8.0,,2022,2,0
450.77,,70.7,,12.41,,2019,3,1
421.5,,64.86,,8.0,,2024,3,1
297.13,,65.22,,34.56,,2021,5,0
368.25,,71.18,,16.98,,2023,3,1
328.92,,78.63,,20.61,,2023,0,1
411.24,,65.79,,8.0,,2023,1,0
430.77,,80.95,,33.41,,2020,4,0
385.59,,72.33,,44.84,,2019,0,0
365.25,,72.38,,17.1,,2019,1,0
383.8,,90.75,,8.0,,2022,1,0
391.49,,73.78,,51.09,,2019,0,1
344.79,,71.46,,8.0,,2021,0,0
312.97,,77.24,,71.29,,2024,1,1
267.24,,89.97,,33.17,,2019,3,0
449.7,,71.53,,11.39,,2023,0,0
407.3,,76.4,,96.18,,2022,1,0
399.94,,70.92,,8.0,,2024,0,0
449.59,,70.97,,38.61,,2023,5,0
310.95,,67.1,,40.36,,2019,0,1
284.54,,66.4,,8.0,,2021,1,1
401.13,,88.96,,39.52,,2023,2,0
396.13,,66.46,,49.76,,2020,0,0
284.78,,56.59,,101.2,,2024,2,0
399.77,,73.25,,51.84,,2020,5,0
357.99,,82.18,,27.82,,2024,0,1
335.61,,84.43,,80.61,,2021,3,0
361.66,,60.06,,18.34,,2020,1,0
245.72,,83.13,,81.25,,2024,0,1
347.47,,92.59,,78.02,,2023,3,1
341.26,,65.16,,38.87,,2022,1,1
410.64,,70.26,,17.75,,2018,4,1
371.3,,59.68,,37.57,,2021,1,0
415.14,,90.54,,99.26,,2019,2,1
239.78,,57.08,,42.51,,2020,2,1
333.85,,68.0,,76.97,,2021,1,0
410.58,,79.85,,17.75,,2020,0,0
363.01,,65.16,,14.52,,2024,4,0
426.5,,62.11,,12.41,,2019,1,0
280.75,,71.48,,28.38,,2024,1,0
420.21,,95.9,,23.75,,2022,3,1
344.85,,69.44,,80.88,,2020,1,0
339.51,,69.93,,8.0,,2022,1,0
434.51,,60.84,,33.92,,2024,1,1
443.9,,75.85,,21.69,,2024,0,0
436.91,,80.84,,116.5,,2021,2,1
492.13,,65.94,,65.23,,2023,2,1
449.67,,77.36,,23.86,,2019,0,0
336.25,,66.01,,42.98,,2022,2,0
387.79,,53.06,,57.49,,2020,1,0
360.19,,76.57,,8.0,,2021,3,0
491.6,,92.74,,47.04,,2022,1,1
440.77,,60.04,,8.0,,2024,1,0
369.61,,73.79,,8.8,,2024,2,1
428.29,,85.1,,25.97,,2021,2,0
312.23,,70.98,,163.17,,2022,0,1
393.76,,57.73,,127.67,,2024,2,0
328.41,,72.45,,97.67,,2019,1,0
287.13,,86.9,,8.0,,2023,0,1
423.15,,66.93,,80.48,,2020,1,0
429.97,,74.32,,62.87,,2021,2,0
405.15,,61.46,,29.01,,2020,1,1
369.94,,71.01,,16.53,,2022,1,1
310.35,,75.87,,59.17,,2020,1,1
316.13,,73.26,,8.0,,2022,1,0
326.69,,67.69,,44.15,,2018,1,0
367.15,,76.43,,46.8,,2021,1,0
439.19,,78.69,,33.88,,2023,1,0
438.32,,79.36,,88.28,,2022,3,0
289.33,,69.07,,16.81,,2024,1,0
341.87,,65.79,,27.32,,2022,2,1
340.39,,91.63,,59.71,,2024,0,0
240.76,,73.38,,52.97,,2021,2,0
411.14,,69.43,,34.72,,2021,2,0
366.46,,57.23,,13.34,,2021,2,0
373.78,,62.68,,14.64,,2022,1,0
454.02,,65.58,,56.77,,2024,1,1
384.86,,76.39,,8.0,,2023,2,1
356.31,,68.44,,44.42,,2020,4,0
411.46,,72.15,,11.99,,2024,2,0
438.24,,57.67,,46.95,,2022,2,0
396.31,,86.04,,8.69,,2020,1,1
417.91,,64.63,,19.84,,2024,1,0
371.99,,74.35,,58.87,,2022,2,0
375.5,,66.69,,59.11,,2020,1,0
386.22,,68.82,,9.88,,2024,1,0
338.58,,64.06,,19.83,,2022,2,0
348.76,,74.96,,29.32,,2020,0,0
455.78,,62.2,,37.18,,2023,1,1
490.44,,75.14,,56.97,,2024,0,1
467.57,,70.81,,8.0,,2019,1,0
307.22,,78.3,,8.0,,2022,0,0
301.91,,79.29,,8.0,,2022,1,1
314.51,,68.82,,8.88,,2023,0,1
387.39,,75.66,,8.0,,2020,0,0
225.52,,67.52,,106.33,,2020,2,0
347.62,,85.16,,8.0,,2023,3,0
457.39,,68.41,,8.0,,2023,3,1
434.03,,69.98,,26.8,,2020,1,1
352.0,,67.31,,119.0,,2019,2,0
356.17,,64.67,,140.07,,2024,0,0
411.2,,92.34,,47.39,,2023,1,1
431.44,,76.86,,8.25,,2024,1,0
350.68,,72.68,,8.0,,2019,0,0
367.11,,67.24,,17.14,,2022,0,1
348.87,,83.13,,8.0,,2020,0,0
306.78,,66.54,,59.09,,2023,0,0
367.91,,73.21,,146.04,,2020,1,0
363.72,,94.03,,8.0,,2021,0,0
310.66,,62.43,,21.24,,2023,2,1
415.53,,77.4,,97.76,,2024,0,0
406.58,,74.89,,54.73,,2024,1,0
418.26,,77.28,,85.62,,2019,1,0
337.76,,69.15,,107.67,,2024,1,0
270.9,,66.08,,22.35,,2024,1,1
405.7,,74.26,,49.69,,2019,1,0
343.47,,67.44,,51.89,,2024,1,1
331.01,,48.68,,41.85,,2024,1,0
310.86,,63.76,,16.56,,2020,4,0
364.86,,68.83,,74.96,,2021,0,0
466.75,,61.22,,61.53,,2021,1,0
352.2,,73.51,,24.75,,2024,0,0
320.06,,64.42,,22.95,,2018,2,1
415.86,,71.57,,8.0,,2022,2,0
389.5,,93.68,,77.88,,2022,1,1
263.44,,84.27,,14.03,,2023,2,0
416.43,,77.91,,26.73,,2020,1,0
497.07,,90.09,,22.25,,2022,4,0
236.97,,71.27,,47.61,,2022,1,1
312.04,,71.38,,20.77,,2022,0,1
223.33,,61.44,,8.32,,2021,0,1
375.86,,84.78,,85.24,,2024,0,0
434.47,,91.57,,8.52,,2023,1,0
385.8,,81.07,,8.0,,2023,1,0
456.56,,86.23,,9.18,,2021,0,1
425.68,,44.63,,25.5,,2018,0,1
473.62,,95.4,,23.11,,2024,1,0
443.81,,70.96,,66.83,,2024,1,0
357.84,,95.56,,9.11,,2022,2,0
383.67,,89.32,,62.76,,2021,0,0
332.22,,79.72,,8.0,,2022,2,0
367.31,,68.57,,26.96,,2021,0,0
383.4,,73.58,,84.21,,2023,1,0
375.33,,52.9,,22.37,,2024,1,0
453.82,,81.31,,138.79,,2019,0,1
361.84,,46.45,,41.88,,2023,1,0
328.74,,69.01,,59.36,,2019,1,1
332.17,,87.43,,29.95,,2024,0,0
416.03,,79.21,,23.59,,2020,1,0
302.83,,56.7,,8.0,,2022,1,1
368.93,,58.6,,8.0,,2022,0,0
453.01,,66.03,,35.61,,2023,1,0
396.09,,72.78,,39.94,,2023,0,1
375.9,,80.77,,175.71,,2023,2,0
378.02,,78.04,,81.91,,2024,2,1
323.37,,61.41,,78.16,,2018,1,1
332.86,,78.19,,14.18,,2023,1,0
369.27,,79.25,,22.29,,2019,0,1
394.92,,76.89,,8.0,,2023,1,0
432.15,,96.78,,36.59,,2023,3,0
385.09,,79.26,,8.0,,2020,0,0
454.4,,81.68,,24.87,,2020,0,0
468.29,,90.76,,35.08,,2019,0,1
423.74,,80.5,,10.88,,2020,2,0
447.37,,66.49,,62.73,,2022,1,0
325.51,,84.43,,47.19,,2021,1,0
316.79,,67.99,,8.0,,2020,0,0
408.49,,62.17,,172.85,,2023,1,0
306.23,,63.03,,32.8,,2022,2,1
364.03,,84.31,,8.0,,2019,1,1
422.42,,78.2,,18.1,,2021,1,1
457.74,,82.61,,162.88,,2024,2,1
366.02,,78.25,,97.69,,2023,1,1
344.25,,73.89,,8.0,,2024,1,1
397.63,,75.18,,81.1,,2022,0,0
320.96,,77.91,,40.46,,2018,1,0
370.47,,65.98,,8.0,,2023,2,1
379.56,,59.1,,59.49,,2019,2,0
378.46,,67.15,,22.36,,2024,0,0
384.87,,77.44,,21.19,,2021,2,0
334.1,,65.52,,20.27,,2023,0,0
340.02,,93.3,,38.12,,2024,0,1
338.91,,76.41,,52.61,,2022,3,0
290.89,,73.19,,43.81,,2022,1,0
398.8,,65.94,,11.62,,2020,1,1
429.21,,81.16,,51.53,,2023,1,0
423.8,,59.88,,8.0,,2021,1,1
365.56,,75.16,,149.2,,2023,2,0
335.39,,67.64,,26.95,,2020,0,1
420.94,,73.21,,8.0,,2023,2,1
415.14,,76.86,,36.1,,2023,2,0
391.96,,60.54,,36.13,,2018,2,0
475.94,,55.29,,8.0,,2019,1,1
378.55,,62.68,,8.0,,2019,1,0
365.87,,80.79,,232.99,,2018,0,1
358.01,,75.73,,20.77,,2019,3,0
294.15,,67.97,,11.83,,2021,2,1
416.37,,91.68,,33.33,,2023,0,0
374.2,,84.85,,8.0,,2022,0,0
408.05,,82.43,,8.0,,2019,2,1
481.3,,64.76,,8.0,,2019,2,0
358.51,,82.32,,68.13,,2019,1,0
251.41,,75.41,,11.98,,2021,1,1
406.46,,64.78,,29.4,,2021,1,0
389.18,,70.96,,10.63,,2023,1,1
339.72,,61.62,,33.06,,2023,0,0
401.85,,64.87,,29.86,,2024,1,0
423.24,,60.56,,21.51,,2024,2,0
327.94,,81.57,,23.85,,2018,2,1
363.43,,71.29,,44.5,,2020,1,0
461.22,,62.58,,77.54,,2019,2,1
340.31,,77.17,,16.16,,2021,0,0
383.67,,72.02,,31.9,,2022,2,0
235.66,,82.51,,80.86,,2021,1,0
298.5,,73.33,,8.0,,2020,2,1
388.66,,57.63,,163.39,,2021,2,0
447.54,,67.03,,58.33,,2018,2,1
305.09,,60.43,,19.15,,2024,2,1
384.1,,77.63,,19.75,,2024,3,0
359.34,,82.84,,9.65,,2020,1,1
432.42,,56.56,,13.1,,2020,2,0
313.02,,70.76,,37.14,,2022,1,0
403.65,,83.53,,8.0,,2021,2,0
344.05,,56.41,,8.0,,2018,0,1
392.27,,67.65,,180.74,,2019,2,0
383.79,,72.0,,11.28,,2023,0,1
366.15,,82.67,,74.31,,2020,2,0
406.28,,77.45,,39.81,,2022,0,1
382.4,,79.49,,24.8,,2021,0,0
372.7,,78.02,,55.33,,2022,1,0
360.4,,68.27,,8.0,,2024,1,0
384.27,,88.43,,59.26,,2023,2,0
392.21,,65.29,,81.68,,2021,0,0
325.6,,44.22,,13.81,,2024,1,0
360.78,,53.99,,15.08,,2018,1,1
321.96,,70.83,,8.0,,2020,1,1
377.81,,68.68,,81.36,,2022,0,0
347.42,,66.64,,69.29,,2021,1,0
422.39,,73.5,,23.26,,2023,2,1
417.0,,84.0,,19.92,,2018,1,0
329.25,,76.54,,23.43,,2021,0,0
379.87,,78.49,,22.9,,2024,1,0
415.12,,61.2,,23.58,,2022,0,1
370.36,,66.81,,8.0,,2020,0,0
339.95,,79.0,,8.0,,2022,2,1
319.92,,73.08,,60.37,,2021,0,0
426.98,,76.77,,17.69,,2021,2,1
429.65,,78.14,,28.35,,2024,0,0
368.56,,73.66,,15.43,,2024,3,1
422.14,,87.82,,20.19,,2022,0,1
216.91,,66.68,,8.0,,2023,0,0
453.02,,63.81,,19.42,,2023,1,0
371.37,,54.35,,26.12,,2023,3,1
387.8,,79.49,,75.13,,2021,0,0
362.37,,66.3,,16.33,,2023,2,1
456.76,,84.66,,8.0,,2024,1,0
321.66,,74.48,,59.8,,2019,1,0
461.1,,68.61,,19.78,,2019,0,0
401.79,,61.45,,103.71,,2024,1,0
414.25,,80.47,,134.19,,2023,2,0
361.89,,71.46,,86.29,,2018,2,0
308.05,,74.68,,10.79,,2023,3,1
431.18,,78.04,,12.3,,2019,0,0
397.13,,74.66,,66.38,,2024,1,0
454.89,,63.5,,24.81,,2022,2,0
369.34,,77.21,,14.85,,2021,0,0
356.94,,80.2,,14.62,,2023,0,1
456.34,,75.6,,36.18,,2020,0,0
485.15,,78.32,,94.67,,2022,4,1
380.51,,79.26,,40.52,,2022,3,1
338.6,,68.04,,40.67,,2020,2,1
424.58,,67.66,,57.71,,2023,1,0
366.03,,94.27,,59.99,,2021,0,1
412.96,,85.26,,100.88,,2024,0,1
365.74,,71.52,,8.0,,2019,0,0
466.02,,78.83,,175.37,,2023,1,0
341.53,,62.62,,16.75,,2022,1,0
406.43,,66.01,,13.89,,2021,4,1
353.12,,59.53,,29.94,,2024,1,0
364.52,,74.86,,12.89,,2020,2,0
357.34,,74.97,,11.14,,2022,1,0
420.62,,82.84,,143.03,,2022,3,1
430.51,,69.88,,8.0,,2021,0,1
410.68,,82.67,,193.18,,2019,0,1
374.06,,78.53,,40.91,,2024,2,0
387.71,,96.59,,133.73,,2024,1,1
429.37,,88.67,,95.63,,2023,1,1
431.11,,86.92,,43.9,,2021,1,0
232.03,,80.36,,37.43,,2023,3,1
365.03,,63.06,,206.24,,2024,1,1
367.67,,74.93,,30.41,,2024,3,0
416.81,,94.48,,8.27,,2020,1,1
376.33,,77.07,,208.06,,2024,1,1
419.56,,63.78,,16.42,,2023,2,1
320.67,,75.36,,8.0,,2024,0,0
394.3,,62.1,,53.0,,2018,0,1
429.51,,63.44,,24.81,,2023,1,0
298.91,,76.13,,20.62,,2022,1,1
518.25,,79.4,,41.94,,2022,1,0
445.5,,64.02,,8.0,,2021,1,1
380.07,,66.4,,50.32,,2023,1,0
334.44,,57.74,,29.4,,2022,1,1
370.37,,70.71,,28.3,,2021,2,0
384.61,,52.54,,96.72,,2024,3,1
404.24,,69.01,,74.72,,2022,3,0
462.54,,72.8,,31.85,,2023,0,1
353.81,,54.44,,36.27,,2020,3,1
410.95,,61.93,,69.08,,2023,1,0
308.92,,71.4,,22.25,,2023,3,1
357.25,,70.03,,46.72,,2022,1,0
400.72,,70.5,,32.69,,2020,1,1
418.02,,74.88,,29.08,,2019,0,0
338.57,,55.28,,175.61,,2023,2,1
355.76,,79.09,,8.0,,2024,2,0
460.33,,68.81,,22.49,,2022,0,1
443.9,,66.04,,111.8,,2022,1,1
391.47,,53.35,,110.59,,2022,2,0
256.98,,69.32,,57.84,,2020,1,1
518.11,,77.12,,37.64,,2019,2,1
378.9,,73.42,,49.3,,2024,1,1
362.81,,73.71,,12.25,,2024,1,1
351.27,,68.61,,28.15,,2023,3,1
400.7,,71.39,,32.26,,2023,2,1
401.26,,60.93,,8.0,,2020,1,0
432.28,,71.95,,84.49,,2019,2,0
329.07,,67.09,,25.62,,2020,0,1
362.81,,60.75,,96.25,,2023,1,0
491.68,,79.55,,20.76,,2021,1,0
392.35,,56.25,,22.08,,2018,0,1
370.51,,77.24,,11.76,,2024,1,1
328.21,,77.87,,43.42,,2020,3,0
407.83,,66.73,,33.4,,2018,0,0
436.71,,82.3,,102.54,,2021,0,0
428.1,,66.52,,23.55,,2020,1,1
365.77,,65.89,,43.86,,2021,2,0
399.87,,60.0,,51.64,,2024,2,0
471.94,,71.92,,16.19,,2023,3,1
438.9,,62.41,,89.34,,2023,3,0
336.87,,64.08,,20.14,,2024,2,0
239.97,,71.35,,42.6,,2019,2,0
396.32,,71.76,,40.18,,2019,1,0
423.92,,84.56,,22.98,,2024,2,0
320.09,,81.31,,8.51,,2020,1,0
379.52,,77.51,,37.7,,2023,1,0
365.5,,70.53,,19.78,,2020,3,1
385.74,,67.96,,20.02,,2022,2,1
350.04,,71.73,,28.52,,2021,0,0
450.98,,66.44,,47.5,,2019,1,0
388.14,,64.99,,54.93,,2023,1,0
331.65,,71.21,,23.39,,2024,3,0
430.46,,63.22,,8.0,,2019,1,1
310.47,,63.83,,65.89,,2021,0,0
450.65,,81.55,,46.49,,2018,2,1
434.51,,58.2,,67.74,,2020,0,0
456.44,,61.6,,15.94,,2021,0,0
371.3,,84.73,,100.72,,2024,4,0
352.71,,68.08,,12.8,,2023,2,0
384.62,,85.76,,14.37,,2024,3,1
375.36,,60.33,,32.28,,2019,1,0
344.1,,72.74,,240.0,,2020,2,1
349.55,,79.72,,9.49,,2021,0,0
359.85,,62.94,,76.58,,2023,0,0
315.65,,88.74,,8.0,,2018,8,1
417.29,,68.1,,11.39,,2020,0,1
377.12,,77.09,,17.84,,2022,1,1
363.04,,65.22,,43.93,,2018,1,0
318.93,,86.92,,8.0,,2019,0,0
316.18,,75.03,,8.0,,2021,1,0
486.48,,92.97,,8.0,,2020,0,0
345.5,,83.79,,45.63,,2021,1,0
413.58,,80.37,,8.0,,2023,1,0
388.94,,62.45,,21.33,,2020,2,0
227.36,,72.84,,8.0,,2023,0,1
478.58,,68.83,,20.22,,2024,1,0
417.62,,72.26,,52.58,,2021,1,0
337.78,,73.48,,13.66,,2018,0,1
378.44,,62.99,,40.38,,2023,3,1
316.79,,70.43,,12.0,,2023,1,0
480.44,,71.04,,56.19,,2022,1,1
330.08,,61.9,,63.04,,2022,2,0
351.23,,80.0,,15.61,,2023,0,0
339.87,,74.22,,8.0,,2022,0,1
384.42,,80.13,,8.0,,2018,0,0
455.37,,76.87,,28.36,,2024,0,0
478.42,,54.86,,20.22,,2021,2,0
358.06,,63.67,,17.81,,2023,2,0
400.8,,88.53,,36.37,,2022,3,1
384.5,,79.85,,8.0,,2022,2,0
326.01,,55.78,,25.62,,2020,1,0
513.24,,76.7,,9.55,,2023,2,0
454.95,,63.68,,166.59,,2020,0,0
390.4,,51.04,,8.0,,2024,0,0
467.0,,88.57,,8.0,,2022,3,1
446.67,,72.75,,34.88,,2023,1,0
384.5,,74.17,,8.0,,2023,1,0
397.93,,59.43,,69.97,,2024,2,1
463.17,,60.47,,71.93,,2022,0,0
327.96,,56.08,,23.78,,2019,0,0
472.05,,86.17,,76.54,,2019,0,0
367.62,,55.57,,56.66,,2021,1,1
463.86,,88.17,,8.0,,2021,0,1
379.71,,62.13,,82.46,,2020,2,0
398.57,,59.72,,87.09,,2024,1,0
378.11,,71.45,,16.37,,2022,0,1
350.75,,65.16,,62.65,,2024,2,1
365.15,,72.97,,95.61,,2019,0,0
455.85,,63.23,,57.5,,2021,2,1
252.72,,68.87,,8.0,,2021,3,1
311.86,,64.42,,8.0,,2018,0,1
340.1,,80.61,,169.65,,2023,0,0
320.69,,77.13,,32.74,,2020,1,1
463.05,,74.48,,43.43,,2021,0,0
449.17,,82.54,,102.2,,2024,0,0
412.56,,74.63,,8.0,,2024,0,0
344.92,,73.79,,23.37,,2021,3,0
453.43,,70.8,,35.1,,2021,1,0
292.65,,64.84,,8.0,,2022,3,0
497.81,,64.86,,41.13,,2021,3,0
342.35,,73.47,,79.94,,2023,1,1
365.59,,82.18,,8.0,,2022,4,0
356.39,,77.7,,68.49,,2022,2,0
320.98,,77.65,,159.41,,2024,3,1
485.88,,60.94,,106.23,,2020,0,0
423.39,,77.23,,32.34,,2024,1,0
446.85,,68.01,,82.72,,2023,1,0
312.7,,73.76,,61.84,,2020,2,0
389.95,,77.52,,71.48,,2020,2,1
408.66,,60.44,,21.32,,2022,0,0
394.89,,73.57,,27.11,,2019,1,0
316.18,,74.36,,11.48,,2022,1,0
439.15,,81.99,,8.0,,2021,2,0
386.69,,66.83,,38.19,,2024,1,0
327.48,,71.39,,15.56,,2022,0,0
277.96,,73.7,,29.34,,2023,1,0
413.37,,66.83,,138.12,,2021,0,0
514.78,,66.65,,8.0,,2020,0,0
324.16,,66.26,,86.83,,2022,1,0
389.37,,70.72,,8.0,,2024,1,0
441.08,,89.47,,44.52,,2022,1,1
310.17,,71.08,,17.66,,2018,1,1
353.6,,76.88,,8.0,,2024,1,0
332.69,,72.32,,59.41,,2024,1,0
434.16,,68.92,,50.37,,2024,1,0
452.9,,71.76,,42.94,,2022,2,0
388.75,,79.69,,140.66,,2024,0,0
333.7,,71.47,,8.0,,2021,2,1
355.65,,70.39,,23.95,,2024,2,0
345.32,,69.65,,34.74,,2023,1,0
326.25,,62.07,,18.59,,2024,3,0
374.39,,82.4,,46.5,,2021,0,0
411.62,,67.53,,96.38,,2019,0,0
406.96,,86.69,,50.15,,2023,1,0
379.55,,74.45,,35.39,,2024,0,0
383.14,,86.06,,56.23,,2020,1,1
375.51,,70.0,,8.0,,2019,0,0
308.65,,64.67,,41.76,,2022,0,0
388.81,,82.43,,21.96,,2023,1,0
347.9,,66.39,,16.12,,2022,2,0
305.9,,84.86,,29.71,,2024,1,0
400.39,,77.79,,68.6,,2024,2,1
346.35,,86.64,,22.34,,2022,3,0
392.53,,62.24,,50.91,,2021,5,1
426.62,,81.57,,37.33,,2024,1,0
327.74,,64.57,,104.11,,2022,1,1
385.07,,48.04,,24.72,,2024,0,1
280.43,,80.96,,72.0,,2023,0,1
464.29,,71.94,,77.49,,2023,1,0
305.25,,81.62,,26.21,,2018,2,0
351.68,,72.92,,28.16,,2024,0,1
453.61,,72.21,,17.03,,2023,1,0
367.1,,86.98,,28.74,,2022,2,1
314.14,,73.18,,12.04,,2022,1,0
419.22,,67.24,,82.06,,2022,1,0
417.98,,71.12,,12.08,,2018,0,0
345.17,,73.58,,12.51,,2021,0,0
351.13,,43.55,,94.92,,2019,1,0
356.05,,76.91,,31.9,,2020,1,1
368.61,,85.59,,8.0,,2021,0,0
275.89,,71.51,,17.82,,2023,1,0
370.02,,67.79,,51.33,,2024,1,0
478.12,,75.88,,21.86,,2024,0,0
330.72,,89.44,,23.11,,2023,0,0
347.91,,76.69,,29.0,,2021,3,0
314.9,,74.14,,10.57,,2021,0,1
413.67,,68.09,,23.17,,2021,2,0
446.18,,61.31,,10.19,,2024,1,1
444.92,,72.23,,18.14,,2023,2,0
311.36,,72.42,,31.92,,2019,1,0
407.49,,52.68,,49.7,,2022,2,0
458.86,,64.73,,42.21,,2023,3,0
408.03,,83.59,,35.99,,2018,0,0
406.31,,69.42,,38.02,,2022,2,0
354.06,,47.44,,30.04,,2024,1,0
392.11,,88.01,,40.05,,2018,2,1
448.0,,63.08,,19.78,,2020,0,1
398.05,,67.3,,96.48,,2019,0,0
311.34,,82.62,,37.5,,2021,0,0
354.92,,64.58,,115.84,,2021,1,1
446.51,,52.3,,21.78,,2024,2,0
397.86,,74.18,,21.07,,2024,3,0
386.55,,79.97,,140.82,,2023,2,1
349.53,,67.31,,54.85,,2023,0,0
445.37,,70.77,,30.72,,2023,3,1
471.43,,60.2,,53.24,,2020,0,0
449.48,,62.05,,21.23,,2021,1,0
459.34,,68.78,,59.73,,2023,0,0
360.27,,78.49,,9.88,,2018,0,1
352.49,,72.98,,126.57,,2022,2,0
371.4,,82.2,,25.95,,2024,3,1
382.12,,88.54,,8.0,,2022,1,0
458.71,,80.87,,78.31,,2024,0,0
444.12,,56.1,,94.4,,2023,2,0
409.62,,69.16,,54.99,,2022,1,0
301.28,,80.77,,41.73,,2021,0,0
287.16,,70.8,,110.75,,2023,0,1
393.23,,55.81,,40.87,,2022,0,0
428.41,,66.48,,65.83,,2024,4,0
375.62,,49.28,,26.76,,2023,2,0
485.32,,69.23,,54.56,,2021,2,0
320.47,,65.15,,240.0,,2024,1,0
313.54,,68.39,,20.25,,2021,6,1
343.46,,83.81,,53.48,,2024,1,1
341.37,,58.69,,8.0,,2022,2,0
408.95,,64.82,,42.34,,2023,2,1
356.81,,60.58,,16.38,,2020,2,0
294.87,,82.71,,84.6,,2022,1,0
429.04,,83.31,,18.72,,2020,2,1
283.2,,75.6,,24.74,,2020,0,0
321.08,,75.08,,164.96,,2020,0,0
290.75,,60.0,,10.19,,2022,1,0
391.39,,73.99,,34.94,,2022,1,0
390.23,,60.78,,83.72,,2021,2,0
485.4,,72.41,,15.88,,2023,0,0
430.26,,68.57,,8.0,,2021,0,1
459.29,,66.06,,95.2,,2022,1,0
395.87,,72.28,,40.6,,2023,1,0
326.27,,78.77,,11.0,,2019,1,0
387.05,,89.75,,13.58,,2024,1,0
412.58,,77.51,,67.51,,2021,1,0
418.71,,94.78,,43.15,,2022,1,0
354.02,,74.01,,55.4,,2022,4,1
406.88,,89.84,,36.16,,2024,1,0
328.68,,76.36,,65.56,,2020,0,0
322.62,,74.4,,72.27,,2023,0,0
318.63,,70.32,,20.55,,2024,0,1
381.35,,74.99,,97.11,,2022,0,0
315.22,,76.32,,29.55,,2021,2,0
356.64,,57.83,,8.0,,2019,0,1
429.66,,79.0,,10.35,,2023,2,0
323.4,,57.16,,55.59,,2023,0,0
352.26,,79.01,,19.9,,2021,3,1
383.94,,77.99,,12.79,,2023,0,0
393.58,,86.21,,38.99,,2019,1,0
352.54,,63.38,,64.03,,2022,2,0
423.28,,62.13,,8.0,,2021,2,0
412.47,,83.07,,25.04,,2021,0,0
442.69,,61.25,,62.0,,2024,2,0
375.51,,60.27,,98.26,,2023,1,0
351.79,,74.09,,8.0,,2023,2,0
342.46,,71.53,,44.83,,2022,2,0
396.89,,73.55,,38.21,,2023,1,1
359.26,,77.38,,30.63,,2023,2,0
348.7,,77.43,,8.0,,2021,1,1
355.34,,71.22,,56.87,,2021,4,1
342.4,,72.48,,20.95,,2024,0,0
390.95,,71.33,,11.23,,2020,1,1
302.31,,72.35,,79.69,,2023,1,1
396.67,,58.13,,15.4,,2024,1,0
417.21,,79.56,,9.29,,2024,2,1
348.05,,82.49,,15.71,,2021,2,0
485.71,,78.37,,8.39,,2024,1,0
380.97,,77.61,,63.08,,2020,2,0
294.13,,62.09,,8.44,,2020,2,0
364.53,,57.85,,52.97,,2022,1,1
383.45,,80.31,,8.0,,2023,0,0
404.69,,72.29,,10.78,,2019,2,1
365.84,,73.7,,17.61,,2020,1,0
324.36,,74.14,,125.87,,2022,2,1
319.78,,74.57,,102.95,,2019,3,0
344.05,,78.47,,8.0,,2021,1,0
349.32,,71.05,,17.19,,2023,2,0
317.58,,52.95,,17.86,,2023,1,0
339.7,,78.88,,9.98,,2022,1,0
416.27,,77.78,,24.02,,2022,1,1
470.66,,59.05,,57.89,,2021,1,0
421.55,,60.34,,8.0,,2021,2,0
451.82,,80.83,,46.77,,2022,1,0
433.58,,83.19,,12.69,,2021,1,1
425.82,,45.36,,43.19,,2021,1,0
361.42,,76.41,,48.11,,2023,0,0
387.75,,69.79,,54.7,,2024,4,0
356.87,,72.74,,83.09,,2021,2,0
367.95,,73.31,,96.55,,2019,3,1
383.75,,64.38,,59.79,,2020,1,1
419.25,,78.53,,27.55,,2023,1,1
403.28,,65.12,,8.0,,2022,1,1
371.1,,79.47,,116.19,,2019,1,1
383.05,,81.69,,38.62,,2022,1,0
403.84,,63.28,,32.12,,2024,1,1
416.71,,63.52,,11.5,,2022,1,0
296.46,,73.14,,48.42,,2023,1,1
320.74,,87.04,,220.33,,2018,1,0
440.9,,66.07,,16.82,,2022,0,0
376.65,,67.97,,67.51,,2024,3,1
356.68,,75.21,,14.45,,2023,2,0
365.51,,78.57,,28.09,,2019,1,0
365.5,,77.27,,10.08,,2024,0,0
410.69,,72.32,,30.2,,2020,1,1
319.06,,68.94,,25.83,,2023,1,1
381.36,,75.32,,8.0,,2019,0,1
393.54,,39.99,,20.2,,2022,3,0
401.79,,90.69,,8.0,,2021,6,0
392.26,,70.14,,25.16,,2024,0,0
408.37,,73.82,,164.67,,2024,0,0
348.5,,92.99,,14.56,,2022,1,0
328.2,,64.59,,30.45,,2024,3,0
515.14,,95.32,,8.0,,2020,0,0
363.43,,79.4,,8.0,,2022,1,1
369.86,,76.47,,18.45,,2024,1,1
417.28,,78.44,,28.26,,2023,2,1
467.78,,63.59,,50.76,,2022,0,0
350.05,,55.51,,25.62,,2022,0,0
325.07,,60.2,,8.0,,2021,1,1
311.68,,82.87,,13.27,,2022,0,0
467.62,,62.64,,8.0,,2020,1,0
322.9,,55.46,,105.01,,2023,1,0
378.48,,71.21,,8.0,,2024,2,0
326.25,,77.75,,8.0,,2019,3,0
300.34,,72.39,,14.88,,2023,1,1
363.92,,78.06,,42.02,,2024,1,0
328.42,,83.55,,18.61,,2018,2,0
341.96,,77.71,,8.0,,2022,0,0
490.34,,70.46,,76.0,,2024,1,0
403.37,,66.56,,50.6,,2022,1,0
431.23,,79.71,,21.2,,2022,1,0
425.36,,74.75,,47.45,,2024,1,0
374.45,,63.39,,13.48,,2024,0,0
355.82,,85.02,,31.52,,2023,3,0
393.69,,74.62,,89.23,,2022,0,0
389.26,,78.53,,8.0,,2020,3,0
348.72,,68.08,,78.82,,2024,1,1
387.14,,83.31,,65.26,,2021,1,0
341.15,,56.15,,125.07,,2018,1,0
370.57,,88.75,,30.29,,2019,0,0
361.56,,52.61,,13.5,,2020,1,0
310.21,,58.23,,18.29,,2024,1,0
250.69,,74.52,,42.89,,2024,1,1
328.35,,66.69,,8.0,,2023,0,0
479.23,,68.72,,18.2,,2020,2,0
362.97,,66.69,,54.44,,2024,0,0
422.68,,64.17,,35.81,,2024,2,1
263.16,,75.17,,8.0,,2024,0,0
324.54,,71.51,,28.85,,2020,2,0
305.5,,80.85,,31.2,,2022,1,0
368.87,,72.8,,50.68,,2023,0,1
513.21,,67.83,,8.0,,2023,0,1
405.31,,79.74,,23.49,,2023,0,0
473.26,,53.68,,91.43,,2018,1,0
366.01,,46.18,,8.0,,2024,0,1
455.07,,56.12,,46.87,,2022,0,0
494.03,,68.56,,10.61,,2020,0,0
373.98,,75.91,,20.59,,2023,1,1
350.34,,45.29,,90.52,,2019,0,0
307.52,,71.88,,18.91,,2020,4,1
363.0,,68.45,,33.11,,2021,0,1
384.5,,73.37,,8.0,,2022,1,0
491.7,,52.92,,16.49,,2022,3,1
308.78,,98.15,,8.0,,2021,0,0
383.28,,72.33,,34.63,,2023,3,1
280.21,,59.83,,25.86,,2018,0,0
356.53,,73.29,,12.91,,2023,3,0
397.13,,86.95,,240.0,,2024,0,0
408.19,,59.13,,8.0,,2020,0,0
412.4,,57.05,,73.32,,2024,0,0
401.86,,70.82,,8.0,,2020,0,0
411.92,,71.67,,78.8,,2022,0,1
382.52,,79.09,,27.22,,2024,2,0
322.37,,86.75,,73.98,,2023,3,0
278.16,,79.8,,57.75,,2021,1,1
349.93,,58.12,,35.7,,2021,2,1
372.6,,61.29,,19.51,,2021,0,0
448.97,,64.02,,46.0,,2021,1,1
374.47,,79.78,,75.06,,2024,1,0
369.19,,78.07,,29.39,,2021,1,0
401.2,,84.62,,22.51,,2022,1,1
365.15,,77.58,,8.0,,2020,1,0
424.58,,65.73,,95.16,,2023,3,0
488.86,,70.03,,13.06,,2024,0,0
500.49,,57.39,,8.0,,2021,2,0
385.34,,78.28,,8.0,,2020,2,0
398.53,,65.74,,58.36,,2022,0,0
466.84,,84.24,,47.2,,2023,2,0
371.75,,78.0,,8.0,,2022,2,0
417.36,,91.38,,31.72,,2020,1,1
317.57,,76.2,,8.0,,2020,2,0
362.9,,76.01,,20.32,,2021,1,0
443.59,,70.17,,64.14,,2024,0,1
340.5,,68.15,,10.86,,2022,2,0
372.96,,69.41,,8.0,,2022,1,0
293.42,,81.99,,9.02,,2020,2,1
490.32,,58.51,,21.49,,2023,1,0
449.47,,72.63,,11.62,,2024,2,1
390.35,,55.34,,53.8,,2020,0,0
407.91,,75.73,,65.38,,2019,0,1
401.77,,67.41,,11.55,,2023,4,0
456.14,,77.04,,13.14,,2024,1,0
351.47,,64.58,,34.49,,2023,1,1
420.27,,69.43,,58.65,,2022,0,1
439.26,,78.32,,134.54,,2023,2,0
446.84,,73.26,,15.01,,2024,0,0
255.73,,87.43,,101.64,,2023,2,0
347.04,,67.18,,8.43,,2022,1,0
323.95,,66.32,,8.0,,2022,2,1
388.23,,84.37,,66.05,,2022,1,0
269.12,,68.33,,27.35,,2023,2,0
267.49,,67.87,,8.0,,2024,1,0
499.36,,75.83,,8.0,,2023,2,0
413.97,,70.36,,8.0,,2020,0,0
386.66,,68.88,,15.36,,2021,0,0
400.0,,65.07,,55.83,,2022,2,0
388.05,,85.62,,45.97,,2024,2,0
434.85,,70.49,,240.0,,2019,1,0
345.22,,66.38,,37.85,,2020,0,0
390.26,,69.03,,8.0,,2023,0,0
392.51,,75.55,,161.27,,2020,2,0
322.42,,86.61,,49.59,,2023,0,0
450.23,,70.31,,19.68,,2024,0,0
355.49,,63.37,,11.91,,2023,0,1
435.96,,91.19,,10.55,,2022,0,0
386.32,,73.36,,131.41,,2024,0,1
469.85,,70.94,,22.84,,2023,0,1
322.72,,72.72,,28.02,,2023,2,0
320.34,,59.55,,76.14,,2019,1,1
330.19,,71.55,,139.46,,2023,1,0
387.33,,79.6,,8.0,,2018,0,0
464.78,,84.2,,194.45,,2019,3,1
467.62,,68.42,,8.0,,2018,1,1
252.95,,73.88,,76.15,,2019,2,0
393.73,,84.38,,126.09,,2022,0,0
203.29,,72.38,,34.59,,2024,2,1
423.73,,79.19,,33.7,,2019,2,0
441.5,,76.24,,46.44,,2023,1,1
377.79,,65.36,,18.28,,2022,0,0
384.62,,62.84,,8.0,,2021,1,1
384.05,,82.59,,8.0,,2021,1,1
336.86,,45.25,,89.44,,2018,0,0
403.74,,65.31,,33.29,,2023,0,0
367.27,,58.05,,49.74,,2019,1,0
431.17,,82.61,,16.95,,2018,4,1
373.75,,85.65,,69.09,,2022,2,1
332.64,,64.76,,18.09,,2022,0,0
295.53,,99.65,,8.0,,2023,2,0
277.48,,85.77,,17.26,,2023,2,0
452.19,,73.97,,79.77,,2022,0,0
354.82,,87.0,,87.64,,2023,1,1
398.62,,65.58,,114.62,,2021,3,0
478.08,,69.23,,29.07,,2020,0,0
349.05,,76.63,,131.76,,2024,0,0
345.49,,65.08,,29.04,,2021,2,0
372.73,,59.16,,8.0,,2019,1,0
381.62,,62.62,,29.28,,2024,4,0
483.82,,70.03,,85.24,,2023,1,0
466.12,,76.69,,64.69,,2022,0,1
414.15,,68.62,,23.91,,2020,1,0
459.72,,55.6,,10.04,,2023,1,1
370.2,,76.7,,36.55,,2020,2,1
396.45,,84.73,,112.43,,2018,0,1
363.42,,65.4,,8.21,,2020,0,0
309.03,,88.63,,73.7,,2023,3,0
446.21,,80.69,,8.0,,2023,1,1
409.24,,61.46,,105.87,,2020,1,0
380.99,,65.52,,49.63,,2021,2,0
379.86,,68.87,,8.0,,2020,1,1
297.16,,70.15,,9.5,,2022,1,0
326.24,,47.62,,109.88,,2020,0,0
398.49,,64.47,,29.75,,2024,2,0
350.9,,66.46,,25.38,,2023,1,1
368.03,,90.91,,8.0,,2022,0,1
374.24,,74.27,,8.0,,2023,3,1
342.46,,64.02,,49.41,,2020,3,0
326.76,,67.61,,63.01,,2023,2,0
291.32,,76.25,,84.73,,2021,0,0
371.94,,68.22,,29.35,,2022,0,1
414.02,,66.15,,16.73,,2024,2,0
289.6,,66.47,,41.25,,2024,2,0
378.68,,76.8,,40.51,,2023,0,1
395.46,,58.18,,8.0,,2023,1,0
325.57,,61.13,,117.33,,2023,2,0
458.22,,62.72,,43.21,,2023,0,0
358.79,,60.96,,8.0,,2020,1,1
374.43,,63.76,,134.81,,2022,1,0
371.13,,80.97,,128.11,,2019,1,0
282.61,,82.36,,122.53,,2018,1,0
435.48,,74.72,,92.29,,2024,3,0
327.45,,74.15,,8.57,,2022,0,0
366.99,,65.3,,158.75,,2018,2,0
412.87,,51.19,,60.28,,2021,2,1
460.35,,73.44,,43.0,,2023,3,0
320.6,,74.98,,120.08,,2024,2,0
355.44,,65.26,,20.15,,2024,0,1
456.03,,61.24,,112.52,,2022,1,0
405.5,,59.27,,39.09,,2021,5,0
416.91,,73.68,,36.36,,2021,2,0
322.19,,72.82,,43.61,,2023,1,1
359.14,,83.95,,58.93,,2024,2,0
370.77,,63.95,,24.72,,2021,0,0
332.82,,69.12,,165.59,,2023,0,0
287.9,,72.17,,8.0,,2023,0,1
351.92,,66.5,,102.96,,2024,1,1
454.49,,80.39,,44.99,,2023,0,0
383.25,,84.38,,101.09,,2024,1,1
455.59,,60.94,,19.32,,2021,4,0
389.85,,67.42,,74.18,,2023,1,0
337.94,,85.25,,40.2,,2022,1,1
450.27,,75.23,,74.7,,2024,2,1
391.68,,73.17,,16.51,,2020,1,0
432.9,,75.41,,104.69,,2023,0,0
321.24,,78.56,,108.37,,2024,1,1
437.13,,75.89,,27.05,,2023,1,0
438.79,,74.14,,21.48,,2023,2,0
395.94,,72.1,,35.96,,2024,0,1
335.62,,85.48,,9.38,,2021,1,0
377.47,,69.34,,28.79,,2019,2,1
413.62,,72.01,,95.39,,2024,0,0
392.9,,87.52,,19.09,,2018,1,0
413.06,,75.26,,55.94,,2022,1,0
435.67,,71.33,,40.99,,2021,0,1
344.34,,78.31,,12.73,,2022,0,0
316.47,,74.27,,31.87,,2024,0,1
377.94,,64.61,,80.41,,2018,3,0
361.86,,74.45,,34.0,,2023,0,1
423.22,,63.91,,50.13,,2018,1,0
320.9,,90.27,,62.72,,2021,1,1
436.12,,74.39,,8.0,,2023,1,0
454.45,,62.62,,8.0,,2021,1,1
380.02,,68.07,,8.0,,2023,4,1
383.34,,79.6,,8.0,,2024,2,1
337.78,,61.09,,70.07,,2024,1,1
350.15,,99.2,,24.02,,2024,0,1
357.54,,57.45,,8.61,,2020,1,0
459.36,,81.26,,31.87,,2021,1,0
376.05,,67.13,,60.53,,2023,2,0
307.28,,63.91,,8.0,,2023,4,0
394.04,,77.38,,17.73,,2021,1,0
425.45,,67.46,,9.08,,2022,0,0
378.6,,87.92,,43.66,,2023,0,0
460.81,,57.99,,8.0,,2022,1,1
422.76,,77.62,,63.8,,2022,1,0
322.3,,69.25,,9.78,,2019,0,0
349.67,,74.96,,8.0,,2022,3,1
392.44,,77.14,,101.54,,2024,1,0
288.36,,54.68,,17.02,,2021,1,1
398.5,,74.34,,29.34,,2023,0,0
283.11,,82.89,,8.0,,2022,0,0
436.29,,76.66,,27.42,,2023,0,1
429.9,,68.31,,10.57,,2023,1,0
407.76,,57.86,,77.07,,2024,1,1
342.83,,77.08,,52.54,,2023,0,1
389.36,,90.76,,45.72,,2024,2,0
351.76,,78.62,,63.83,,2018,0,1
323.31,,83.58,,14.61,,2022,1,0
361.37,,81.33,,25.39,,2023,3,0
418.4,,68.07,,8.0,,2022,2,0
382.41,,72.9,,8.0,,2024,2,0
459.79,,80.69,,16.76,,2020,1,0
422.12,,56.2,,72.67,,2022,1,1
416.23,,78.52,,38.24,,2024,1,1
291.51,,84.59,,23.21,,2023,3,0
364.32,,71.49,,143.26,,2023,2,0
321.46,,80.14,,24.52,,2022,1,1
369.93,,66.46,,26.58,,2021,1,0
341.87,,72.38,,205.67,,2022,2,1
359.23,,69.27,,8.0,,2020,4,0
438.36,,76.6,,12.4,,2023,1,0
406.14,,70.95,,25.36,,2023,3,0
435.39,,55.24,,35.57,,2019,0,1
291.96,,64.82,,8.0,,2022,0,0
383.19,,91.43,,16.75,,2022,0,0
433.17,,77.68,,10.45,,2021,2,1
462.85,,51.02,,79.65,,2024,1,0
294.86,,84.08,,75.58,,2022,0,0
360.67,,60.47,,11.52,,2024,0,0
436.88,,80.93,,23.97,,2020,1,1
369.42,,84.92,,44.29,,2023,1,1
329.93,,73.02,,8.0,,2019,2,0
294.75,,62.03,,90.33,,2019,1,1
327.82,,64.85,,30.05,,2020,0,1
287.11,,78.29,,10.79,,2023,1,0
383.22,,60.65,,21.23,,2024,3,0
429.3,,66.18,,97.42,,2024,3,1
310.65,,77.13,,8.0,,2022,0,0
394.18,,65.49,,8.0,,2023,1,1
426.49,,86.21,,8.99,,2022,2,1
379.85,,61.62,,8.0,,2020,3,0
291.41,,39.12,,10.72,,2023,0,1
401.24,,64.22,,71.36,,2022,0,1
376.99,,75.1,,31.45,,2022,1,0
371.39,,80.63,,39.06,,2019,2,1
349.92,,67.92,,8.0,,2019,2,0
384.77,,69.23,,13.7,,2022,1,0
408.04,,71.69,,104.78,,2021,1,1
511.49,,89.42,,9.92,,2022,1,0
386.18,,75.79,,99.64,,2021,0,0
463.11,,67.07,,45.71,,2023,2,0
399.68,,92.52,,29.35,,2020,3,0
374.53,,72.11,,8.03,,2024,1,1
388.17,,51.25,,47.02,,2022,3,1
312.8,,58.13,,91.35,,2021,1,1
396.82,,77.58,,8.0,,2018,1,0
270.44,,54.23,,8.0,,2021,0,0
332.55,,76.98,,56.59,,2023,4,0
386.04,,64.2,,38.53,,2023,1,1
445.67,,83.78,,29.37,,2023,1,1
458.68,,73.68,,25.57,,2022,1,0
366.99,,55.63,,28.91,,2022,2,1
388.56,,81.14,,19.71,,2022,0,0
434.14,,85.64,,8.0,,2024,1,1
306.88,,59.23,,62.78,,2024,1,1
402.26,,63.97,,26.49,,2024,1,0
334.47,,77.02,,73.19,,2020,0,0
370.55,,78.82,,169.25,,2024,3,0
354.75,,95.53,,8.0,,2023,2,1
403.94,,80.91,,66.25,,2022,2,1
410.27,,96.01,,159.39,,2022,1,1
429.01,,72.19,,54.14,,2022,0,0
399.15,,75.84,,11.86,,2022,1,1
389.44,,66.32,,95.26,,2022,2,0
481.97,,66.77,,66.2,,2024,0,0
296.16,,73.47,,25.06,,2022,1,0
473.26,,66.17,,35.7,,2020,2,1
364.06,,46.36,,53.75,,2020,2,1
411.4,,65.33,,8.0,,2020,0,0
362.09,,82.77,,109.92,,2022,2,0
341.36,,72.73,,183.86,,2021,3,1
406.65,,72.78,,16.85,,2022,4,0
437.32,,64.37,,52.73,,2024,1,0
406.02,,75.33,,22.97,,2024,0,0
350.18,,88.59,,8.0,,2021,3,1
578.62,,86.01,,133.87,,2020,0,0
445.92,,75.66,,8.0,,2019,0,0
431.33,,63.46,,8.0,,2021,1,1
360.59,,89.67,,76.24,,2022,2,0
345.62,,82.59,,8.0,,2023,2,1
364.61,,57.19,,48.9,,2019,2,0
439.48,,54.43,,111.73,,2020,0,0
325.52,,57.75,,21.89,,2018,1,0
321.25,,67.06,,8.0,,2023,0,0
409.68,,81.02,,10.34,,2021,2,1
397.56,,80.78,,124.44,,2022,2,0
337.63,,75.41,,26.3,,2022,2,0
319.98,,70.6,,32.74,,2022,1,0
459.08,,95.71,,8.0,,2023,0,1
399.64,,72.34,,105.05,,2022,1,0
305.01,,71.13,,30.58,,2020,1,0
308.85,,66.92,,31.61,,2022,1,1
360.12,,94.12,,36.04,,2024,2,0
420.31,,79.21,,61.25,,2022,0,0
412.73,,61.66,,9.53,,2024,1,1
442.24,,60.47,,119.83,,2023,1,0
298.03,,55.2,,8.1,,2024,0,0
392.31,,71.03,,9.24,,2023,1,1
458.43,,57.02,,8.0,,2022,0,0
453.3,,60.32,,8.0,,2024,0,1
399.74,,82.68,,23.52,,2023,1,0
509.14,,80.91,,8.49,,2020,1,0
413.51,,86.91,,10.0,,2019,2,0
437.35,,57.3,,185.51,,2022,3,0
382.44,,61.98,,111.28,,2022,3,1
337.05,,65.71,,16.35,,2021,0,0
331.86,,88.4,,17.65,,2023,0,0
389.99,,72.63,,14.51,,2020,0,0
368.37,,90.22,,89.84,,2024,3,0
282.73,,78.27,,8.0,,2022,1,0
323.58,,70.88,,36.85,,2023,1,0
362.49,,77.74,,8.66,,2024,0,0
420.0,,54.71,,59.62,,2020,1,0
379.12,,51.46,,41.91,,2022,0,0
376.04,,74.59,,20.61,,2019,1,0
325.72,,72.14,,8.0,,2018,1,0
381.27,,91.34,,61.26,,2018,3,0
452.55,,58.21,,8.0,,2024,2,0
388.56,,75.72,,13.43,,2018,1,0
297.1,,78.95,,12.29,,2023,1,0
311.17,,75.43,,36.29,,2019,1,0
412.38,,82.99,,30.28,,2023,0,1
367.66,,65.68,,13.78,,2022,2,0
375.9,,80.32,,23.64,,2020,2,1
346.3,,77.62,,24.08,,2023,1,1
407.69,,83.66,,35.8,,2021,2,0
363.45,,66.89,,95.98,,2020,1,0
369.74,,60.14,,8.0,,2023,2,0
333.18,,65.71,,34.26,,2021,2,1
430.69,,61.37,,8.0,,2022,0,1
367.84,,66.35,,50.32,,2018,1,1
413.43,,68.66,,42.96,,2022,3,0
314.35,,62.89,,49.74,,2022,2,0
475.36,,72.08,,27.06,,2023,0,1
450.26,,60.21,,8.69,,2022,0,1
274.96,,71.27,,24.96,,2024,0,0
335.89,,67.05,,8.0,,2021,1,1
406.27,,70.79,,20.17,,2023,0,1
307.41,,75.93,,76.6,,2020,0,1
372.76,,67.82,,17.36,,2024,1,0
403.46,,64.22,,37.63,,2021,2,0
369.84,,65.45,,12.71,,2023,1,1
409.64,,82.23,,8.0,,2024,1,0
341.87,,84.76,,30.91,,2020,0,1
256.57,,66.85,,8.0,,2024,1,1
434.02,,70.45,,98.63,,2021,0,0
433.67,,54.96,,63.06,,2022,1,0
517.7,,70.18,,240.0,,2022,1,1
258.6,,57.48,,209.52,,2022,2,0
421.3,,67.12,,54.83,,2023,1,0
271.72,,82.77,,62.97,,2024,2,0
476.61,,56.98,,31.54,,2021,1,0
406.83,,62.98,,10.36,,2020,2,1
327.64,,63.03,,69.4,,2019,0,0
422.91,,55.31,,13.2,,2023,1,0
349.58,,80.63,,44.09,,2022,1,1
396.52,,74.77,,55.13,,2020,0,1
391.33,,90.09,,34.89,,2022,0,0
475.93,,62.05,,45.65,,2024,1,1
479.82,,54.28,,14.56,,2022,1,0
347.15,,81.41,,60.03,,2024,1,1
438.2,,68.39,,120.72,,2019,0,1
399.52,,67.33,,27.79,,2024,2,0
302.3,,86.78,,8.0,,2022,1,1
341.71,,73.7,,40.61,,2022,0,0
508.49,,81.04,,17.54,,2020,1,0
399.68,,65.77,,22.81,,2022,1,1
434.99,,64.75,,8.0,,2022,2,1
368.34,,68.35,,41.28,,2020,0,0
350.3,,78.7,,65.0,,2021,0,0
381.5,,72.51,,61.08,,2024,3,1
365.36,,76.68,,214.05,,2018,2,1
297.87,,45.97,,10.02,,2022,0,0
324.82,,53.18,,103.11,,2023,1,0
418.93,,50.46,,55.4,,2024,0,0
359.06,,68.21,,51.63,,2023,3,1
381.41,,58.02,,48.35,,2018,1,1
392.92,,88.9,,32.47,,2023,0,0
397.22,,71.79,,19.99,,2023,0,0
443.06,,74.17,,120.57,,2022,0,0
319.57,,61.1,,8.0,,2021,1,0
411.36,,60.79,,8.13,,2022,2,1
421.53,,87.51,,8.0,,2024,0,0
434.22,,89.82,,56.48,,2024,2,0
302.29,,76.16,,94.26,,2021,1,0
394.02,,51.68,,8.65,,2019,2,1
474.38,,67.75,,8.0,,2023,1,0
374.55,,75.13,,11.75,,2022,2,1
406.59,,69.72,,90.35,,2023,3,0
422.92,,50.8,,8.0,,2024,2,0
323.6,,90.5,,8.0,,2024,2,0
480.86,,63.65,,8.0,,2024,1,0
407.47,,58.59,,120.43,,2021,2,1
408.57,,71.69,,8.0,,2024,1,0
288.59,,83.84,,96.88,,2024,1,0
423.7,,77.13,,26.94,,2018,0,0
407.85,,58.84,,21.1,,2022,3,1
469.33,,57.19,,23.35,,2021,2,1
362.88,,50.08,,22.78,,2024,0,0
325.68,,69.08,,17.56,,2019,1,1
342.48,,67.27,,69.93,,2023,4,1
352.23,,77.14,,29.79,,2022,1,0
318.46,,65.14,,197.75,,2024,2,0
450.96,,81.74,,30.63,,2022,1,0
453.02,,78.55,,71.67,,2019,0,0
369.23,,64.71,,57.41,,2024,1,0
358.4,,75.91,,21.53,,2023,0,0
280.15,,85.29,,65.28,,2023,1,1
418.28,,62.39,,8.0,,2023,0,0
470.94,,69.87,,9.55,,2024,2,1
344.95,,69.67,,40.51,,2023,1,0
373.58,,68.42,,52.22,,2021,0,0
403.89,,80.02,,43.36,,2024,0,0
474.84,,80.81,,29.91,,2020,1,0
390.99,,76.07,,8.0,,2022,1,1
390.75,,75.59,,19.59,,2022,1,0
389.86,,66.38,,39.0,,2019,0,1
301.62,,75.31,,10.76,,2019,1,1
300.43,,59.15,,42.66,,2020,1,1
335.56,,96.79,,11.21,,2024,0,0
435.71,,85.5,,8.0,,2023,1,1
361.56,,81.57,,16.47,,2019,1,1
350.87,,76.08,,13.38,,2023,2,0
349.91,,76.09,,69.85,,2022,1,0
372.43,,55.1,,27.76,,2020,2,0
473.62,,59.41,,8.0,,2022,0,1
371.68,,60.66,,71.0,,2021,1,0
336.75,,72.58,,13.14,,2023,3,0
381.39,,69.18,,35.24,,2024,1,0
476.53,,80.11,,32.75,,2023,2,0
352.34,,62.34,,149.56,,2022,0,1
315.04,,82.27,,12.36,,2023,0,0
352.45,,63.8,,8.0,,2023,0,1
387.08,,67.82,,12.56,,2020,2,0
417.85,,80.95,,36.08,,2020,1,0
435.38,,77.05,,10.3,,2022,3,0
322.49,,59.49,,17.48,,2023,1,0
327.7,,82.64,,45.07,,2022,2,1
362.22,,72.89,,8.0,,2020,1,0
417.65,,50.58,,122.05,,2023,2,0
310.7,,63.57,,31.92,,2023,0,0
346.6,,67.9,,27.76,,2023,2,1
347.4,,60.31,,18.94,,2022,1,0
431.8,,85.43,,11.84,,2021,2,0
409.05,,68.25,,27.74,,2020,1,0
429.7,,76.6,,27.97,,2018,2,0
453.63,,74.07,,8.0,,2022,0,1
363.19,,79.06,,78.95,,2023,1,0
314.69,,88.73,,72.2,,2023,0,1
315.05,,78.76,,24.94,,2024,1,0
278.9,,89.43,,17.25,,2018,2,0
354.77,,79.02,,29.02,,2020,0,0
358.87,,73.32,,10.51,,2023,2,0
423.32,,75.21,,8.0,,2022,1,1
380.93,,45.75,,18.37,,2023,0,1
353.03,,67.45,,8.0,,2021,1,0
373.62,,70.56,,8.0,,2021,1,1
322.86,,76.38,,8.0,,2023,0,0
436.4,,71.74,,89.07,,2022,1,1
336.77,,75.34,,8.0,,2021,1,0
317.3,,58.77,,12.33,,2021,3,0
424.98,,56.19,,28.3,,2020,2,0
411.58,,60.17,,31.65,,2018,2,0
285.2,,87.71,,8.0,,2023,0,0
427.03,,59.32,,100.91,,2023,1,0
339.21,,64.11,,11.04,,2023,4,0
359.42,,73.05,,120.02,,2020,1,1
390.29,,56.08,,12.47,,2024,1,1
412.26,,63.28,,8.0,,2021,0,1
404.5,,78.77,,149.97,,2024,1,0
377.26,,67.62,,27.77,,2021,0,0
356.64,,88.83,,88.62,,2018,0,0
402.67,,55.01,,55.67,,2022,2,1
373.49,,68.54,,8.28,,2022,2,1
479.29,,67.62,,78.37,,2024,0,1
412.25,,71.91,,8.0,,2023,3,0
329.21,,59.73,,29.75,,2024,1,1
353.73,,66.2,,12.31,,2024,1,0
382.65,,79.89,,18.85,,2022,1,0
451.47,,69.31,,59.42,,2024,0,1
457.61,,61.3,,48.3,,2023,1,0
358.21,,92.8,,24.36,,2019,1,0
328.65,,72.49,,8.0,,2020,0,0
321.62,,78.13,,8.0,,2019,0,0
393.88,,79.64,,50.88,,2022,0,0
506.71,,71.29,,124.85,,2020,0,1
409.65,,64.1,,78.92,,2024,0,0
292.33,,73.99,,8.0,,2024,2,1
340.07,,65.0,,8.0,,2023,2,0
345.68,,75.72,,39.6,,2024,2,0
334.79,,70.36,,45.02,,2024,1,1
358.67,,82.29,,40.25,,2020,0,1
400.32,,60.58,,90.98,,2019,1,0
417.51,,79.19,,11.03,,2023,2,1
440.05,,78.14,,8.0,,2021,0,1
408.83,,69.61,,103.13,,2023,0,1
272.52,,79.3,,53.79,,2023,0,0
321.85,,76.19,,52.24,,2024,0,0
371.3,,78.67,,17.16,,2020,2,1
388.1,,78.04,,41.52,,2024,0,1
427.38,,72.5,,54.48,,2021,2,0
382.38,,66.04,,38.51,,2024,3,0
382.79,,65.92,,55.97,,2020,2,1
393.08,,69.85,,37.45,,2020,2,1
365.97,,80.43,,168.8,,2023,2,0
384.78,,78.32,,28.45,,2024,4,0
441.92,,82.06,,8.0,,2022,2,1
375.38,,83.06,,8.0,,2019,1,0
378.34,,69.83,,139.8,,2024,1,0
378.15,,91.62,,26.63,,2022,1,0
451.38,,70.96,,8.0,,2022,1,0
319.06,,67.06,,8.0,,2020,0,0
477.67,,75.33,,8.0,,2020,0,1
315.3,,76.84,,10.78,,2023,0,0
344.02,,64.58,,181.27,,2022,2,0
420.96,,70.41,,16.75,,2020,3,0
436.67,,67.53,,12.1,,2024,0,0
302.81,,73.42,,46.26,,2018,2,1
319.9,,79.96,,47.1,,2018,1,1
395.28,,69.34,,144.35,,2024,1,0
508.94,,77.73,,54.93,,2020,0,1
448.54,,58.11,,8.0,,2018,4,1
366.35,,80.9,,178.1,,2021,1,0
246.95,,67.47,,58.26,,2020,1,1
384.49,,67.29,,12.6,,2024,0,0
399.93,,76.0,,12.71,,2021,1,0
358.95,,76.53,,135.19,,2024,2,0
333.21,,70.88,,8.99,,2022,1,0
388.75,,63.11,,10.85,,2024,1,1
328.18,,67.2,,18.67,,2023,3,1
482.98,,72.95,,47.79,,2023,0,0
463.42,,76.9,,23.59,,2022,0,1
416.19,,63.77,,15.66,,2022,1,0
384.93,,65.6,,13.08,,2022,2,0
343.69,,74.63,,8.0,,2023,1,0
378.86,,71.17,,33.19,,2022,1,0
470.16,,73.46,,13.41,,2021,1,1
427.78,,45.86,,16.91,,2024,1,0
391.2,,69.05,,8.0,,2022,1,0
430.82,,80.53,,31.82,,2022,1,1
410.01,,65.84,,50.07,,2019,0,0
401.8,,76.87,,110.23,,2021,3,0
433.93,,59.91,,9.22,,2024,0,1
408.44,,56.37,,105.75,,2023,2,0
427.22,,76.18,,18.82,,2020,0,0
388.88,,71.46,,68.1,,2022,2,0
366.02,,68.64,,95.39,,2024,1,0
349.85,,80.46,,136.65,,2020,0,0
343.3,,68.88,,16.54,,2024,3,0
291.72,,65.67,,12.67,,2022,2,1
329.84,,64.59,,24.32,,2021,0,1
328.25,,62.48,,33.97,,2024,1,1
352.1,,76.67,,49.28,,2023,0,1
465.92,,68.88,,49.44,,2021,4,0
371.33,,83.43,,8.0,,2020,0,0
393.3,,42.48,,39.74,,2024,2,1
395.03,,81.23,,8.0,,2022,0,0
467.32,,75.6,,52.19,,2018,1,1
348.34,,71.09,,157.68,,2022,1,1
367.76,,59.09,,61.89,,2022,0,0
374.16,,55.4,,49.84,,2023,1,0
442.51,,79.51,,8.0,,2020,0,0
453.93,,74.42,,8.57,,2022,1,1
406.1,,74.23,,18.43,,2019,1,1
447.81,,70.98,,113.83,,2019,1,1
389.77,,80.5,,16.88,,2023,2,0
370.51,,66.14,,70.59,,2022,4,1
444.83,,68.64,,8.0,,2021,0,0
406.82,,70.23,,45.56,,2021,1,0
339.55,,69.86,,63.42,,2024,2,1
434.86,,85.37,,32.88,,2022,2,0
368.53,,59.46,,61.15,,2022,0,0
361.8,,52.45,,54.02,,2024,3,0
429.12,,57.46,,27.22,,2023,2,1
375.11,,78.84,,84.27,,2021,1,1
401.39,,70.99,,17.56,,2022,4,0
416.41,,56.01,,23.27,,2021,1,0
336.94,,73.0,,32.6,,2022,0,0
401.17,,68.76,,8.0,,2023,3,0
454.22,,77.59,,30.42,,2024,1,0
327.39,,79.94,,16.45,,2023,0,0
404.74,,97.18,,12.46,,2023,1,0
334.38,,60.18,,36.12,,2019,1,0
436.18,,53.37,,16.8,,2021,0,0
435.65,,77.89,,81.25,,2021,3,0
360.51,,81.87,,22.16,,2019,2,0
501.53,,59.24,,22.38,,2024,2,1
440.86,,59.25,,168.6,,2024,0,0
418.88,,75.44,,17.55,,2023,0,0
415.78,,89.14,,8.0,,2020,1,0
434.12,,63.23,,87.87,,2022,1,0
325.24,,72.87,,104.53,,2022,0,1
390.7,,53.01,,10.78,,2023,2,0
401.08,,70.01,,89.78,,2023,2,1
357.99,,70.86,,28.66,,2019,1,1
405.56,,86.68,,8.0,,2020,0,0
447.74,,64.93,,33.43,,2021,0,0
356.8,,78.86,,79.34,,2022,0,1
377.01,,64.28,,21.22,,2022,3,1
334.87,,72.9,,33.63,,2021,0,1
281.72,,92.77,,8.0,,2019,0,1
422.84,,89.93,,77.55,,2022,0,1
378.58,,91.61,,8.0,,2019,0,0
382.62,,75.98,,8.0,,2021,1,0
325.73,,69.9,,113.88,,2018,1,0
369.8,,74.85,,86.83,,2020,1,0
440.31,,76.66,,35.93,,2019,1,1
380.05,,75.89,,8.0,,2022,2,0
381.61,,64.89,,33.16,,2020,2,0
391.41,,64.48,,106.37,,2019,0,1
312.0,,66.04,,39.8,,2021,3,0
414.37,,82.7,,9.28,,2024,1,0
310.96,,83.79,,99.23,,2024,0,1
328.32,,103.83,,84.25,,2024,1,1
322.29,,76.26,,33.22,,2021,1,1
370.36,,64.12,,80.31,,2024,2,0
360.62,,67.21,,8.0,,2024,0,0
379.93,,70.42,,25.97,,2024,4,0
330.21,,87.06,,8.24,,2019,1,0
435.3,,79.33,,76.33,,2024,2,0
425.87,,58.53,,148.98,,2021,0,0
370.44,,71.43,,112.11,,2022,5,1
353.69,,57.29,,29.39,,2023,2,0
348.14,,77.92,,30.05,,2023,3,0
362.94,,64.93,,100.32,,2024,0,1
302.99,,65.89,,53.73,,2024,0,0
327.22,,53.21,,8.0,,2023,0,1
427.31,,79.57,,8.0,,2020,1,1
396.6,,84.09,,127.29,,2022,1,0
469.89,,65.07,,19.13,,2021,1,0
363.54,,70.38,,8.71,,2024,1,0
360.12,,67.21,,55.86,,2022,1,1
357.57,,69.82,,88.94,,2024,5,0
362.45,,63.8,,9.72,,2024,1,0
343.7,,61.0,,12.16,,2021,0,0
394.9,,85.69,,96.68,,2018,1,0
381.6,,45.6,,8.0,,2020,1,0
351.95,,77.04,,100.19,,2023,0,0
448.81,,74.83,,8.0,,2024,1,0
484.31,,88.54,,8.0,,2023,2,0
444.16,,69.64,,83.26,,2024,4,0
410.7,,68.29,,11.99,,2024,1,1
421.9,,63.92,,10.69,,2020,0,1
482.1,,75.56,,78.07,,2019,2,0
421.82,,64.92,,32.81,,2021,1,0
347.81,,60.71,,18.13,,2024,0,1
401.57,,64.63,,52.61,,2023,2,0
414.44,,62.53,,69.69,,2018,1,0
325.29,,61.94,,83.42,,2020,1,1
364.33,,72.85,,8.0,,2024,2,0
440.52,,70.05,,36.69,,2022,0,1
279.71,,77.5,,47.62,,2023,1,0
311.23,,73.47,,8.0,,2019,1,0
370.3,,59.97,,39.56,,2022,1,0
399.45,,50.77,,8.0,,2024,0,0
305.33,,61.44,,17.55,,2024,0,1
373.03,,79.64,,8.0,,2022,1,0
443.46,,79.41,,34.6,,2022,2,0
383.78,,81.85,,8.91,,2023,2,0
431.65,,80.38,,65.38,,2021,1,1
347.43,,82.87,,8.0,,2021,2,0
335.45,,76.06,,59.56,,2019,0,1
426.69,,90.03,,8.0,,2020,3,0
400.31,,74.94,,24.53,,2024,1,0
314.79,,91.99,,50.36,,2024,1,1
335.95,,65.74,,8.0,,2021,2,1
466.05,,65.48,,58.62,,2024,4,0
329.15,,70.08,,128.79,,2023,4,0
431.39,,71.63,,19.63,,2024,2,0
353.7,,68.79,,8.0,,2018,1,0
379.83,,77.4,,27.21,,2022,0,0
396.2,,70.98,,97.75,,2023,1,0
264.45,,65.93,,45.93,,2024,0,0
299.55,,68.04,,51.03,,2024,2,1
384.75,,84.18,,66.04,,2021,1,0
340.16,,75.17,,100.3,,2023,1,1
434.81,,55.24,,8.0,,2024,1,0
291.66,,87.11,,37.47,,2022,0,1
411.09,,76.34,,92.6,,2022,3,1
304.31,,78.39,,62.82,,2022,2,0
360.63,,81.29,,12.02,,2020,0,1
321.46,,81.81,,87.2,,2024,1,0
484.63,,62.81,,14.63,,2022,2,0
306.33,,61.3,,22.22,,2020,1,1
373.29,,95.96,,8.62,,2024,2,0
285.02,,65.02,,90.92,,2024,1,0
467.98,,75.79,,8.0,,2022,1,1
402.07,,88.31,,215.64,,2023,1,1
387.53,,67.56,,16.74,,2020,1,0
461.09,,68.4,,52.11,,2024,1,0
388.11,,81.26,,8.0,,2019,1,0
392.08,,74.13,,28.1,,2024,0,0
387.24,,76.95,,8.0,,2024,1,0
411.0,,71.2,,88.49,,2021,6,0
352.92,,66.74,,24.84,,2024,1,1
368.21,,68.67,,57.02,,2024,2,1
424.57,,83.94,,94.47,,2024,0,0
395.26,,69.04,,8.0,,2023,1,1
373.72,,76.29,,30.08,,2023,0,1
302.97,,62.31,,8.83,,2019,4,1
462.39,,92.4,,8.0,,2022,1,0
343.62,,75.19,,40.86,,2021,0,1
434.3,,75.4,,8.0,,2018,2,0
389.67,,81.26,,28.44,,2021,0,1
308.86,,67.19,,9.21,,2023,1,1
448.88,,83.94,,9.25,,2021,1,0
394.0,,56.84,,31.09,,2018,2,0
453.44,,65.86,,34.04,,2023,1,0
369.97,,63.99,,8.0,,2024,2,0
418.72,,53.19,,29.18,,2018,2,1
283.06,,66.71,,46.53,,2024,0,0
352.49,,71.48,,47.66,,2023,0,1
309.99,,61.1,,79.65,,2023,0,1
359.39,,59.66,,94.78,,2018,3,0
405.95,,72.41,,40.96,,2024,0,0
346.75,,71.2,,27.61,,2019,0,0
427.51,,69.34,,9.59,,2023,0,0
332.89,,59.34,,8.0,,2023,2,1
428.69,,68.05,,39.45,,2024,0,0
452.04,,65.34,,123.04,,2024,1,0
435.74,,72.86,,13.69,,2021,0,0
361.07,,66.41,,8.0,,2020,0,0
263.1,,71.61,,23.16,,2022,0,0
412.02,,58.89,,8.0,,2024,2,1
373.11,,58.03,,33.87,,2023,3,0
326.19,,77.58,,8.0,,2024,0,0
349.4,,79.65,,112.27,,2020,1,0
458.89,,68.07,,85.67,,2019,0,0
317.45,,72.28,,8.0,,2018,0,0
405.76,,67.5,,8.0,,2019,0,1
391.99,,82.97,,128.82,,2024,2,0
360.34,,69.97,,70.54,,2024,1,1
415.45,,67.01,,119.6,,2024,1,0
469.77,,81.66,,17.1,,2022,1,0
363.72,,64.26,,8.0,,2022,1,0
366.63,,73.57,,40.13,,2020,0,1
414.21,,61.52,,142.9,,2022,1,0
430.5,,78.65,,8.0,,2020,0,0
372.98,,80.15,,71.76,,2023,1,0
363.2,,59.11,,18.72,,2018,3,0
258.03,,57.55,,8.0,,2022,0,0
337.21,,74.89,,25.81,,2024,1,0
317.34,,91.41,,28.18,,2024,1,0
417.65,,80.84,,8.0,,2023,1,0
366.59,,69.88,,27.02,,2021,1,0
364.43,,63.46,,43.79,,2020,2,0
379.5,,59.84,,60.76,,2018,1,0
332.14,,79.17,,8.0,,2022,1,1
465.43,,81.23,,87.86,,2022,1,0
451.4,,65.69,,8.0,,2019,2,0
469.0,,69.53,,45.1,,2024,0,0
417.59,,72.47,,33.78,,2023,2,1
378.38,,90.13,,89.05,,2021,1,0
468.81,,72.65,,8.0,,2024,0,1
342.55,,62.19,,8.93,,2022,1,0
332.08,,60.43,,,0.133,2024,1,0
346.92,,62.89,,16.67,,2022,0,0
408.76,,84.64,,17.38,,2023,0,1
338.08,,77.13,,8.0,,2019,2,0
371.45,,68.55,,30.33,,2021,1,1
291.9,,42.75,,8.0,,2023,1,0
406.46,,63.47,,8.0,,2022,0,0
296.56,,75.44,,8.0,,2020,1,0
328.73,,75.52,,111.18,,2020,2,0
446.94,,75.43,,21.23,,2023,2,0
444.92,,58.53,,14.01,,2023,2,0
400.59,,73.77,,27.65,,2023,2,1
395.16,,62.24,,8.0,,2023,2,0
350.8,,72.02,,21.89,,2024,2,1
337.49,,64.32,,8.88,,2024,0,0
360.08,,82.7,,15.24,,2022,1,0
296.75,,75.37,,108.35,,2023,0,0
393.88,,70.57,,8.0,,2023,1,0
382.69,,85.8,,26.97,,2020,4,0
328.66,,68.28,,45.42,,2023,1,0
466.28,,57.85,,105.04,,2024,2,1
413.38,,82.56,,107.69,,2018,5,0
418.05,,74.52,,11.93,,2022,0,1
353.2,,68.81,,120.43,,2020,0,1
379.93,,65.56,,16.91,,2024,0,0
414.51,,77.11,,94.63,,2019,2,0
388.4,,80.14,,8.0,,2023,0,0
468.1,,64.33,,9.29,,2023,0,1
368.79,,77.65,,8.0,,2019,1,0
352.25,,74.51,,14.92,,2023,0,1
414.88,,63.71,,86.95,,2021,3,0
310.44,,72.04,,8.0,,2023,5,0
430.84,,66.53,,10.7,,2020,2,0
308.46,,84.4,,10.23,,2021,1,0
415.12,,65.51,,13.49,,2021,0,1
344.34,,87.09,,8.0,,2023,2,0
406.21,,73.31,,23.16,,2023,0,0
429.9,,54.54,,157.16,,2022,2,1
388.44,,50.27,,24.96,,2020,1,0
314.02,,69.91,,70.5,,2023,1,1
330.68,,85.34,,35.59,,2020,1,0
339.92,,84.31,,8.0,,2022,0,0
275.77,,73.66,,36.99,,2024,1,0
442.01,,64.63,,122.99,,2024,1,0
386.06,,,67827.01,33.87,,2021,2,0
317.55,,74.07,,31.53,,2020,2,0
460.06,,82.87,,46.59,,2022,0,1
341.43,,77.69,,85.98,,2019,1,1
393.78,,81.68,,34.94,,2022,1,0
334.61,,78.44,,21.91,,2022,1,1
269.0,,81.39,,8.0,,2024,1,1
304.96,,49.39,,8.0,,2018,2,1
355.33,,63.07,,43.94,,2024,2,0
429.41,,60.95,,40.52,,2024,4,1
399.06,,60.0,,11.47,,2023,0,1
387.71,,72.06,,53.3,,2022,2,0
269.45,,57.53,,13.78,,2020,2,0
449.85,,62.56,,15.28,,2023,1,1
392.3,,71.01,,8.0,,2023,2,1
373.43,,55.96,,33.56,,2023,1,0
442.28,,67.14,,14.25,,2019,1,0
448.61,,78.39,,71.77,,2023,0,0
443.5,,59.75,,67.91,,2020,2,0
366.41,,79.96,,8.0,,2021,2,0
324.81,,63.94,,8.0,,2021,1,0
434.39,,74.72,,16.26,,2023,0,1
304.92,,60.94,,36.52,,2022,2,0
487.1,,76.53,,17.61,,2023,0,0
381.54,,68.96,,18.11,,2023,3,0
321.65,,76.66,,8.0,,2023,2,1
312.25,,66.55,,17.17,,2021,1,1
309.73,,77.56,,26.7,,2023,0,1
387.72,,80.47,,175.61,,2023,0,0
379.65,,73.2,,76.44,,2019,1,0
312.02,,67.2,,66.15,,2024,2,0
360.39,,69.66,,34.46,,2018,1,0
304.76,,59.36,,18.75,,2023,2,1
412.41,,74.03,,81.67,,2023,0,0
377.0,,78.23,,17.93,,2021,0,0
359.19,,87.66,,37.73,,2022,2,0
309.15,,85.08,,12.49,,2024,2,0
363.49,,62.23,,62.91,,2024,0,0
357.19,,74.12,,30.35,,2021,2,0
397.47,,70.67,,94.73,,2021,1,0
389.19,,84.18,,35.34,,2020,2,0
423.56,,64.91,,8.0,,2022,3,0
353.35,,80.78,,208.09,,2023,1,0
277.68,,62.13,,29.28,,2022,1,0
434.51,,70.94,,12.12,,2023,0,0
328.52,,63.15,,16.78,,2024,0,0
319.12,,52.35,,8.0,,2021,1,0
377.63,,62.96,,8.0,,2023,1,1
396.62,,69.42,,25.15,,2022,2,0
350.8,,86.26,,127.42,,2019,1,0
350.37,,61.13,,8.0,,2021,1,1
358.49,,65.94,,97.87,,2019,0,1
457.91,,57.6,,66.92,,2024,1,0
379.85,,83.55,,68.97,,2023,1,0
326.76,,67.4,,51.98,,2024,1,1
327.32,,68.62,,37.64,,2023,1,0
366.2,,68.52,,8.0,,2022,3,0
393.08,,52.49,,36.0,,2022,2,0
406.62,,57.33,,18.22,,2021,3,0
386.83,,62.48,,8.0,,2024,1,0
333.7,,78.16,,68.41,,2022,2,0
356.68,,47.01,,33.22,,2020,2,0
420.36,,77.41,,57.39,,2023,3,0
316.96,,75.43,,27.43,,2021,4,1
354.38,,53.85,,33.7,,2020,0,0
412.86,,68.83,,52.33,,2023,2,0
428.14,,83.64,,11.91,,2022,1,1
369.39,,61.29,,78.86,,2020,2,0
357.38,,66.48,,22.95,,2023,1,0
307.28,,99.61,,51.77,,2024,2,0
408.91,,75.26,,16.58,,2021,1,0
452.53,,69.42,,50.91,,2020,1,1
521.08,,67.23,,8.0,,2018,1,0
401.25,,75.73,,111.25,,2024,2,0
377.2,,78.85,,64.93,,2022,1,0
329.41,,50.44,,45.91,,2024,0,1
276.66,,49.66,,16.44,,2023,3,1
389.73,,62.02,,77.65,,2022,0,0
509.27,,70.46,,61.31,,2023,3,0
449.89,,72.76,,25.35,,2021,0,0
441.41,,54.97,,9.24,,2020,1,1
393.51,,69.95,,8.11,,2020,0,0
399.77,,71.28,,28.13,,2024,3,1
246.69,,63.5,,64.25,,2023,1,0
421.94,,66.66,,52.64,,2024,0,0
348.14,,64.73,,28.58,,2023,1,0
341.4,,76.64,,9.61,,2021,2,0
362.22,,72.07,,11.48,,2024,2,1
360.36,,60.58,,8.0,,2022,2,0
340.53,,81.55,,8.17,,2024,2,0
380.76,,58.33,,8.0,,2020,2,0
349.29,,54.87,,47.14,,2021,0,1
385.52,,69.55,,37.27,,2021,2,0
298.21,,69.5,,185.61,,2018,1,0
368.23,,72.73,,60.43,,2023,1,0
319.7,,60.19,,11.87,,2024,3,0
344.72,,80.93,,51.69,,2024,1,0
387.89,,89.15,,8.0,,2023,1,1
291.78,,71.78,,179.76,,2021,0,0
334.77,,75.16,,40.03,,2021,1,1
411.29,,50.85,,8.0,,2021,1,1
302.28,,67.65,,28.99,,2022,0,1
477.78,,65.04,,118.6,,2022,2,0
446.24,,63.42,,79.6,,2024,2,0
352.8,,65.42,,14.92,,2019,1,0
336.7,,66.42,,21.19,,2023,0,0
391.11,,57.45,,80.69,,2022,1,0
300.39,,67.13,,96.71,,2023,0,0
269.88,,61.58,,103.34,,2024,1,0
354.74,,79.88,,124.08,,2024,2,0
372.63,,75.3,,29.16,,2018,2,1
385.19,,75.32,,83.03,,2024,2,0
346.19,,81.77,,17.9,,2020,1,0
450.07,,63.74,,76.47,,2020,0,0
297.77,,74.7,,17.93,,2024,1,0
317.4,,82.7,,39.37,,2024,0,0
406.76,,63.04,,26.54,,2021,1,1
316.11,,51.71,,93.84,,2019,2,1
313.98,,65.09,,8.0,,2024,1,0
386.78,,81.57,,124.82,,2024,2,1
322.06,,62.47,,26.04,,2020,1,0
372.68,,67.35,,27.58,,2024,3,0
341.51,,64.2,,73.89,,2023,2,1
332.61,,70.1,,46.08,,2022,2,0
264.37,,61.51,,129.06,,2022,0,0
387.68,,57.17,,33.22,,2021,1,0
311.4,,67.59,,34.35,,2023,0,0
370.75,,69.3,,149.73,,2023,2,1
351.83,,83.16,,109.61,,2023,1,1
368.64,,72.66,,9.83,,2022,1,1
371.77,,60.28,,15.4,,2019,1,1
390.65,,64.68,,41.23,,2024,3,1
339.97,,79.13,,117.73,,2022,2,0
448.35,,67.76,,34.8,,2023,3,0
278.39,,61.07,,55.43,,2021,1,0
367.54,,72.82,,8.0,,2021,3,0
425.99,,64.1,,31.06,,2021,5,1
406.22,,76.78,,8.0,,2021,2,1
326.38,,75.63,,12.68,,2021,0,0
335.55,,60.53,,8.0,,2021,1,0
324.63,,89.85,,8.0,,2020,0,1
412.96,,70.77,,201.28,,2018,3,0
339.3,,45.36,,14.88,,2024,1,0
394.03,,75.81,,35.01,,2019,0,0
394.54,,46.02,,8.0,,2021,0,1
510.26,,82.4,,68.96,,2024,0,0
397.23,,72.57,,47.89,,2018,0,0
335.39,,70.54,,10.91,,2023,1,0
299.69,,71.15,,8.0,,2022,1,0
364.83,,77.02,,13.48,,2020,1,0
373.45,,66.35,,41.6,,2020,4,0
258.41,,71.05,,8.0,,2024,1,1
340.74,,72.33,,8.0,,2021,0,1
396.35,,42.34,,22.11,,2022,2,0
350.72,,77.09,,8.13,,2021,1,0
433.27,,78.78,,41.96,,2024,1,1
294.29,,75.67,,8.06,,2020,0,0
417.23,,74.97,,212.26,,2024,1,0
430.26,,87.11,,24.04,,2018,1,0
432.61,,70.71,,8.0,,2020,2,0
293.88,,71.05,,8.0,,2022,1,1
397.3,,64.63,,22.92,,2020,3,1
343.22,,52.01,,69.55,,2020,0,0
302.66,,75.73,,24.27,,2024,1,0
357.24,,65.71,,8.0,,2023,1,0
330.23,,51.9,,28.17,,2018,0,1
430.64,,70.4,,17.28,,2022,0,1
408.22,,70.12,,29.27,,2022,0,0
316.62,,68.85,,20.84,,2021,1,0
340.17,,72.51,,43.84,,2024,1,1
359.06,,55.54,,68.36,,2024,1,0
376.02,,81.07,,91.37,,2022,1,1
435.35,,75.49,,56.79,,2023,1,1
417.99,,83.58,,18.42,,2022,2,0
382.83,,65.6,,24.99,,2024,1,0
365.66,,75.45,,43.12,,2022,0,1
282.47,,52.46,,10.43,,2019,2,1
451.06,,62.82,,50.81,,2021,1,0
355.41,,57.43,,44.07,,2023,1,0
465.52,,73.75,,44.88,,2024,1,0
390.79,,60.11,,17.03,,2024,0,0
491.39,,66.78,,38.65,,2024,0,1
413.35,,71.11,,9.25,,2022,2,0
301.24,,67.08,,8.83,,2020,2,0
346.21,,57.99,,61.46,,2018,1,0
370.7,,87.61,,20.05,,2021,2,0
331.94,,72.3,,33.04,,2023,3,1
359.26,,87.7,,14.55,,2021,1,1
304.82,,60.83,,11.3,,2021,1,0
380.31,,67.39,,63.57,,2019,1,1
393.06,,72.02,,66.39,,2023,0,1
324.77,,86.47,,76.0,,2021,0,1
486.71,,87.63,,80.94,,2023,1,1
383.49,,66.81,,22.26,,2022,2,0
335.08,,63.85,,69.52,,2024,3,0
290.38,,71.1,,17.83,,2024,1,1
383.3,,83.15,,8.0,,2021,2,0
365.67,,72.51,,49.1,,2024,0,0
423.07,,74.33,,9.32,,2022,3,0
372.11,,83.06,,25.22,,2021,2,0
314.35,,81.45,,8.0,,2018,0,1
471.89,,81.83,,20.87,,2023,1,0
403.96,,78.22,,90.79,,2021,0,1
366.02,,85.52,,39.89,,2022,2,1
389.06,,59.85,,8.0,,2020,3,1
406.07,,94.49,,54.3,,2019,1,0
301.41,,82.6,,79.08,,2023,1,0
388.67,,70.4,,8.0,,2021,0,1
355.24,,83.1,,57.24,,2021,1,0
407.9,,68.53,,33.46,,2021,2,0
339.29,,76.75,,38.93,,2019,1,1
346.74,,77.92,,117.49,,2018,3,1
471.46,,80.62,,8.0,,2020,1,1
447.7,,67.4,,42.77,,2024,0,0
198.74,,80.83,,8.0,,2024,0,0
443.62,,67.58,,65.46,,2022,1,1
375.95,,79.31,,95.12,,2024,1,0
341.05,,71.82,,8.0,,2021,4,1
324.61,,53.76,,8.0,,2023,0,0
327.8,,64.63,,130.87,,2024,1,0
342.6,,80.48,,109.65,,2023,0,0
318.01,,68.96,,108.1,,2023,2,0
305.5,,84.14,,117.94,,2019,1,0
322.78,,59.87,,29.12,,2021,2,0
397.79,,78.96,,158.25,,2018,3,1
382.75,,71.52,,93.6,,2020,0,0
410.57,,69.53,,8.0,,2021,1,0
376.35,,60.22,,70.35,,2024,3,0
308.13,,74.1,,52.35,,2018,0,0
407.19,,61.91,,8.0,,2022,1,0
324.74,,65.64,,56.24,,2023,1,0
415.56,,70.59,,27.86,,2022,2,1
315.87,,68.34,,80.76,,2022,2,0
342.19,,82.28,,71.74,,2024,0,0
360.12,,46.1,,119.83,,2023,1,0
417.09,,70.22,,8.0,,2023,2,1
389.68,,68.37,,52.03,,2018,2,0
381.1,,71.91,,19.88,,2023,1,1
483.71,,66.56,,62.84,,2022,2,1
278.97,,82.24,,38.75,,2018,2,1
322.89,,69.42,,28.74,,2024,4,1
320.53,,73.33,,8.0,,2024,1,0
282.61,,80.92,,39.24,,2023,1,0
340.43,,72.52,,22.91,,2024,0,1
417.83,,59.31,,16.98,,2020,2,0
347.46,,67.73,,188.55,,2023,2,0
361.68,,70.76,,50.62,,2022,2,0
285.26,,55.53,,32.6,,2018,5,0
336.19,,64.88,,85.28,,2023,1,1
354.61,,71.32,,10.82,,2022,2,0
415.33,,92.12,,40.63,,2018,3,0
287.88,,75.71,,82.85,,2020,3,0
354.97,,73.58,,8.0,,2021,0,0
439.77,,88.91,,11.31,,2020,2,0
355.52,,77.88,,8.0,,2023,4,0
263.64,,79.29,,205.18,,2022,0,1
450.35,,67.93,,36.53,,2021,3,0
420.42,,59.35,,28.24,,2022,3,0
427.82,,74.62,,17.35,,2024,3,1
284.09,,90.22,,25.07,,2019,4,1
463.19,,87.13,,62.81,,2020,3,0
337.47,,78.58,,104.39,,2022,3,0
351.98,,65.13,,8.0,,2024,1,1
341.35,,56.49,,14.96,,2023,0,0
432.08,,63.78,,8.81,,2024,3,1
370.11,,74.18,,24.02,,2023,1,0
406.5,,67.29,,31.75,,2019,1,0
384.17,,82.02,,53.66,,2021,1,0
374.77,,57.11,,87.56,,2022,0,0
327.93,,70.71,,32.81,,2019,1,0
479.67,,64.33,,28.18,,2021,3,1
299.51,,81.91,,36.01,,2020,3,0
402.67,,77.43,,92.1,,2023,1,0
400.72,,63.69,,43.92,,2019,1,1
443.49,,80.54,,65.02,,2023,2,0
456.34,,55.77,,53.39,,2022,2,1
372.44,,54.14,,107.96,,2021,2,0
409.17,,63.15,,71.31,,2020,1,0
477.07,,52.17,,17.53,,2023,1,0
376.42,,70.87,,80.92,,2024,0,1
321.35,,71.19,,26.46,,2024,0,0
358.85,,67.94,,78.91,,2019,0,1
308.24,,77.39,,99.19,,2024,2,0
400.45,,64.77,,48.55,,2021,4,1
438.55,,59.02,,53.3,,2020,1,0
373.34,,64.03,,8.0,,2021,0,0
290.85,,59.8,,16.44,,2022,1,1
436.19,,65.88,,34.27,,2022,1,1
282.3,,77.96,,8.0,,2022,0,0
294.97,,54.44,,78.92,,2020,1,0
370.19,,68.6,,19.37,,2021,0,1
393.85,,81.58,,53.98,,2023,2,0
403.22,,82.72,,61.6,,2020,2,0
376.36,,65.18,,33.36,,2023,0,1
476.8,,94.13,,65.59,,2023,3,0
383.58,,61.48,,48.17,,2023,0,0
436.91,,69.72,,18.73,,2023,3,0
423.28,,60.3,,71.13,,2021,2,1
308.89,,76.33,,42.45,,2022,2,1
370.66,,100.01,,8.0,,2022,0,0
496.78,,90.44,,62.25,,2024,4,0
352.26,,80.46,,47.36,,2021,0,0
342.9,,65.93,,14.07,,2024,3,1
389.38,,70.32,,77.49,,2024,0,1
354.23,,83.16,,19.67,,2023,1,0
336.35,,79.5,,33.79,,2023,0,0
353.42,,72.83,,17.65,,2022,2,0
458.76,,73.42,,54.12,,2019,0,0
372.49,,82.56,,36.55,,2022,0,0
306.96,,85.03,,26.69,,2018,0,1
296.85,,56.99,,8.0,,2022,1,0
501.37,,74.27,,39.25,,2023,2,1
367.72,,77.78,,40.9,,2022,0,0
403.9,,66.68,,8.4,,2019,1,0
337.57,,84.79,,16.97,,2023,1,0
397.65,,69.11,,88.63,,2024,1,0
460.26,,85.07,,33.46,,2023,2,1
344.13,,68.32,,23.98,,2022,3,1
405.22,,74.59,,115.43,,2022,1,1
302.68,,74.37,,70.18,,2023,1,0
491.26,,88.63,,8.0,,2021,2,0
394.77,,79.41,,82.26,,2022,0,0
357.3,,67.42,,8.0,,2021,2,1
363.62,,69.28,,8.07,,2023,2,0
351.95,,69.24,,8.0,,2022,3,0
354.76,,72.18,,27.57,,2020,2,0
245.39,,62.55,,43.46,,2021,0,1
374.61,,71.19,,58.85,,2023,0,1
372.31,,85.68,,8.0,,2020,0,0
406.88,,85.24,,8.23,,2021,1,0
351.23,,56.35,,40.77,,2023,2,1
337.59,,54.77,,31.32,,2018,3,0
379.57,,66.07,,8.0,,2018,2,0
291.32,,54.21,,115.07,,2021,3,1
387.89,,59.37,,59.68,,2024,0,0
277.6,,75.51,,18.67,,2018,1,0
441.65,,71.62,,32.29,,2024,1,1
417.63,,54.79,,19.69,,2022,1,1
329.06,,83.7,,25.52,,2019,0,0
416.36,,67.78,,38.09,,2024,1,1
386.13,,66.82,,21.35,,2018,2,0
324.5,,82.17,,40.72,,2022,3,0
268.74,,76.11,,26.28,,2023,2,0
397.4,,71.58,,44.97,,2023,0,1
336.31,,67.05,,12.77,,2020,1,1
440.22,,77.7,,8.0,,2021,1,1
380.77,,67.67,,8.0,,2024,1,1
341.52,,69.72,,38.69,,2021,2,0
478.88,,60.24,,165.98,,2022,3,1
411.7,,83.43,,22.91,,2022,3,0
178.97,,87.53,,10.04,,2020,1,0
353.25,,74.12,,8.0,,2022,1,1
303.88,,67.14,,30.2,,2018,2,0
336.01,,81.35,,206.66,,2020,1,0
372.04,,77.89,,173.09,,2024,0,0
399.47,,67.56,,8.0,,2024,3,1
394.38,,83.51,,71.19,,2018,1,0
439.28,,67.76,,8.0,,2021,0,0
415.01,,59.14,,69.61,,2024,2,0
411.61,,71.34,,80.68,,2023,4,0
391.08,,82.84,,8.0,,2018,2,0
450.77,,73.03,,11.38,,2019,1,0
362.6,,60.27,,8.0,,2023,2,1
364.03,,67.97,,29.02,,2023,0,0
275.19,,83.96,,8.0,,2024,0,1
438.09,,74.74,,41.32,,2023,0,0
375.77,,71.81,,34.32,,2024,1,0
541.35,,70.7,,20.04,,2022,2,0
357.7,,82.8,,26.02,,2021,1,0
384.87,,82.15,,193.82,,2020,0,1
410.06,,57.99,,8.0,,2018,4,0
319.4,,81.4,,55.15,,2019,2,1
399.72,,77.16,,43.53,,2022,2,0
381.91,,87.93,,45.77,,2022,2,1
363.3,,71.31,,17.82,,2023,3,1
444.49,,83.35,,10.25,,2021,1,1
330.29,,76.69,,44.19,,2021,3,0
395.12,,60.86,,102.42,,2023,0,0
460.01,,82.21,,156.63,,2024,4,0
341.14,,80.09,,27.54,,2022,1,1
363.67,,65.5,,23.29,,2020,2,1
508.99,,74.9,,18.02,,2021,0,1
406.09,,93.08,,69.75,,2024,2,1
352.16,,67.17,,12.39,,2024,0,0
424.14,,79.26,,30.22,,2018,1,1
348.75,,61.05,,17.77,,2021,1,0
293.93,,66.3,,87.57,,2023,3,1
455.48,,80.11,,13.95,,2023,0,1
319.33,,74.57,,48.72,,2019,0,0
514.84,,69.99,,37.32,,2022,1,0
353.09,,89.02,,16.72,,2022,1,0
497.33,,62.78,,12.35,,2019,1,0
304.72,,70.54,,68.4,,2022,2,1
436.4,,76.92,,30.0,,2018,2,1
407.48,,63.28,,39.71,,2023,0,1
426.08,,77.09,,137.44,,2019,1,0
433.24,,82.75,,21.32,,2020,2,0
352.62,,70.85,,70.71,,2023,1,0
308.01,,65.15,,42.77,,2022,0,0
377.2,,68.88,,37.81,,2023,0,1
392.27,,45.22,,8.0,,2023,1,1
354.05,,82.06,,102.25,,2020,0,0
395.27,,74.65,,10.9,,2020,0,1
398.13,,70.24,,26.92,,2023,1,0
329.95,,55.33,,58.56,,2020,1,0
401.72,,83.09,,31.03,,2022,1,1
365.3,,67.62,,8.0,,2024,1,0
341.5,,77.65,,125.02,,2021,1,0
423.31,,71.89,,8.0,,2021,2,0
337.27,,55.85,,8.0,,2021,0,0
354.88,,84.69,,10.66,,2023,1,1
383.96,,82.79,,38.38,,2021,0,0
455.59,,79.64,,148.9,,2021,2,0
390.6,,75.15,,107.5,,2022,4,1
409.06,,60.03,,44.25,,2022,0,0
363.63,,80.69,,56.85,,2021,1,0
375.68,,94.05,,52.26,,2023,1,1
377.31,,73.16,,48.78,,2021,3,0
396.13,,73.36,,70.28,,2022,1,1
363.72,,60.98,,17.44,,2021,3,1
453.7,,51.3,,10.5,,2023,0,1
359.48,,68.41,,17.94,,2022,1,1
286.1,,86.82,,8.0,,2024,1,1
530.85,,85.44,,143.32,,2022,1,0
361.99,,71.35,,56.5,,2024,1,1
452.22,,76.3,,10.08,,2022,2,1
457.26,,59.82,,12.41,,2024,3,1
431.99,,73.11,,206.11,,2023,2,1
369.11,,66.76,,61.38,,2019,1,1
395.77,,72.55,,23.29,,2019,2,0
309.9,,69.25,,9.72,,2023,1,1
489.46,,69.07,,8.0,,2023,0,0
333.15,,81.96,,46.48,,2022,0,0
366.04,,91.64,,63.59,,2022,1,0
385.44,,70.31,,8.0,,2023,2,0
374.09,,86.19,,8.0,,2022,3,0
343.87,,59.58,,18.58,,2020,0,0
456.69,,71.08,,46.24,,2024,0,0
432.27,,59.04,,108.12,,2023,0,1
397.71,,68.88,,88.89,,2023,1,0
358.02,,79.16,,48.99,,2022,0,0
438.54,,83.19,,70.66,,2024,2,0
354.45,,64.21,,18.47,,2018,2,0
466.37,,76.58,,11.81,,2023,1,0
386.12,,84.3,,8.0,,2024,0,0
447.64,,82.88,,8.42,,2022,0,0
373.74,,74.59,,138.39,,2022,1,0
383.93,,66.11,,111.66,,2023,3,1
447.4,,65.11,,8.0,,2018,2,0
500.67,,63.57,,26.66,,2019,0,0
465.82,,71.68,,19.63,,2024,2,0
428.24,,63.77,,44.31,,2023,3,1
412.41,,78.78,,16.72,,2024,1,1
352.12,,74.28,,13.83,,2022,1,0
396.24,,73.83,,69.57,,2022,0,1
329.78,,53.6,,123.47,,2023,1,0
400.67,,72.28,,9.52,,2020,2,0
404.2,,67.41,,11.27,,2021,1,0
272.15,,93.66,,22.81,,2024,1,0
382.13,,59.2,,51.46,,2024,4,0
402.82,,69.95,,8.0,,2022,1,0
375.4,,75.83,,26.5,,2021,1,0
399.69,,62.27,,77.19,,2023,0,1
306.21,,91.28,,11.2,,2020,1,0
337.33,,91.49,,8.0,,2022,0,0
436.92,,63.42,,99.68,,2022,1,0
380.03,,66.08,,65.06,,2022,2,1
398.69,,93.47,,50.4,,2022,2,0
349.94,,85.95,,8.0,,2021,3,1
381.07,,68.31,,96.43,,2022,1,0
253.39,,76.31,,15.3,,2021,0,0
426.53,,58.13,,9.98,,2022,3,1
479.44,,,93967.38,28.07,,2022,1,1
321.42,,72.73,,107.58,,2021,1,0
328.28,,77.86,,218.94,,2023,2,1
404.25,,62.65,,39.99,,2018,1,0
461.06,,60.64,,130.72,,2021,0,1
379.88,,76.51,,25.36,,2022,1,1
312.39,,91.16,,8.0,,2024,2,1
368.53,,66.6,,13.54,,2019,1,1
323.35,,62.21,,15.09,,2022,2,0
343.21,,75.05,,64.11,,2020,4,0
363.28,,88.37,,8.0,,2018,2,0
328.89,,65.61,,8.07,,2024,1,0
337.22,,69.5,,40.01,,2024,1,1
384.1,,80.37,,8.0,,2021,2,0
391.83,,81.44,,28.74,,2024,2,0
301.68,,69.16,,8.0,,2021,0,0
401.8,,82.97,,46.42,,2018,2,1
358.99,,77.29,,100.38,,2020,2,0
419.61,,72.16,,87.3,,2023,0,1
422.93,,81.02,,8.0,,2020,1,0
350.05,,79.65,,37.55,,2022,0,0
413.78,,61.53,,8.0,,2020,2,0
333.97,,86.84,,8.0,,2020,2,0
452.81,,75.45,,39.59,,2023,1,0
336.05,,85.76,,35.69,,2024,0,0
399.4,,72.52,,8.0,,2023,2,1
369.68,,74.48,,18.73,,2019,0,0
324.07,,75.99,,15.99,,2024,0,1
429.55,,77.47,,17.61,,2020,2,0
346.22,,87.28,,17.02,,2023,0,1
286.5,,76.66,,73.12,,2023,2,1
221.49,,71.72,,18.33,,2022,0,0
331.87,,82.1,,16.85,,2022,2,0
455.67,,76.3,,8.0,,2019,1,0
449.18,,101.56,,65.63,,2024,1,1
340.48,,74.91,,45.3,,2019,1,0
359.4,,84.38,,17.54,,2024,1,0
354.43,,80.82,,25.25,,2020,1,0
306.66,,51.5,,66.37,,2021,1,0
327.81,,64.63,,17.72,,2023,2,0
433.96,,67.61,,26.93,,2024,0,0
407.71,,57.0,,8.0,,2023,1,1
395.02,,68.05,,105.21,,2019,2,0
306.57,,58.29,,19.49,,2021,1,0
385.54,,60.91,,14.77,,2023,1,0
253.29,,74.42,,39.45,,2024,1,0
426.35,,91.19,,31.42,,2022,2,0
394.22,,58.38,,21.52,,2021,0,0
306.01,,59.85,,107.33,,2021,3,0
468.9,,66.67,,18.94,,2024,5,0
281.21,,70.53,,240.0,,2020,1,0
409.17,,56.58,,65.37,,2023,1,0
410.53,,65.01,,98.13,,2024,0,1
311.82,,64.09,,13.96,,2024,3,0
377.92,,75.18,,8.0,,2020,2,1
289.97,,76.26,,22.82,,2023,4,1
223.45,,70.47,,15.79,,2024,2,0
321.27,,68.22,,8.0,,2023,0,0
346.09,,64.9,,8.0,,2023,1,0
415.43,,72.52,,8.04,,2022,1,1
383.71,,62.24,,19.93,,2023,0,0
385.15,,87.47,,114.96,,2022,1,0
324.21,,57.02,,45.04,,2022,1,0
350.85,,65.44,,21.34,,2022,0,1
328.85,,80.68,,67.47,,2023,1,0
312.63,,68.01,,35.3,,2022,3,1
347.35,,78.72,,22.69,,2023,0,0
384.1,,89.17,,8.0,,2024,0,0
348.5,,80.33,,109.95,,2021,0,0
362.21,,59.98,,41.07,,2024,1,0
418.22,,60.46,,24.3,,2019,0,1
352.46,,70.13,,24.22,,2023,1,0
306.63,,76.43,,60.83,,2024,2,0
410.99,,84.06,,8.31,,2019,2,1
394.62,,64.15,,22.7,,2024,4,0
398.08,,67.15,,8.0,,2024,2,0
414.42,,69.49,,8.0,,2024,1,0
405.12,,69.29,,31.38,,2022,1,0
381.58,,86.96,,20.13,,2020,0,0
511.53,,70.96,,53.39,,2019,0,0
309.33,,73.53,,181.54,,2019,0,1
347.75,,81.11,,82.4,,2022,0,0
433.2,,87.91,,24.5,,2023,3,1
387.84,,71.65,,19.93,,2020,0,1
421.69,,84.59,,36.94,,2022,3,1
389.34,,90.28,,8.0,,2022,1,0
455.57,,70.9,,184.59,,2024,2,1
324.59,,66.36,,166.44,,2019,2,0
453.84,,93.87,,107.66,,2023,1,0
444.4,,83.21,,45.58,,2023,2,0
313.43,,72.12,,29.38,,2023,0,1
414.69,,78.5,,51.51,,2020,0,0
377.63,,61.55,,15.85,,2019,0,0
346.64,,83.09,,80.31,,2023,2,0
276.13,,54.0,,8.0,,2022,1,0
324.41,,82.71,,68.33,,2023,2,1
418.95,,64.78,,84.88,,2024,3,0
424.76,,55.46,,8.0,,2020,2,0
368.41,,51.99,,27.35,,2020,1,0
424.93,,67.24,,93.34,,2022,4,0
431.99,,79.11,,134.46,,2021,3,0
388.51,,58.1,,70.05,,2024,2,1
340.27,,59.64,,118.81,,2021,2,1
404.26,,67.06,,116.11,,2024,3,0
406.78,,80.08,,163.72,,2022,1,1
417.07,,81.33,,22.4,,2019,0,1
427.6,,73.4,,14.2,,2023,1,0
305.08,,81.83,,42.09,,2023,4,0
351.95,,78.88,,8.79,,2020,1,0
275.58,,67.83,,34.2,,2022,1,0
421.08,,81.1,,36.36,,2020,1,0
368.32,,59.16,,68.97,,2020,1,0
403.69,,76.86,,18.86,,2023,2,0
298.84,,60.34,,38.68,,2022,1,1
457.05,,73.43,,98.11,,2018,1,0
314.31,,84.19,,23.01,,2024,1,1
422.6,,74.13,,35.62,,2023,1,0
386.49,,71.87,,65.03,,2019,2,0
369.58,,74.26,,12.06,,2023,1,1
365.14,,78.63,,8.0,,2024,2,0
344.91,,93.34,,48.09,,2022,0,0
451.24,,78.52,,19.44,,2023,2,0
380.69,,66.97,,20.19,,2021,3,0
310.19,,69.91,,111.74,,2019,0,1
358.88,,62.99,,22.01,,2024,0,0
387.06,,59.61,,129.03,,2018,0,0
429.38,,47.68,,8.0,,2022,2,0
346.75,,67.38,,17.64,,2019,2,0
350.42,,57.96,,49.59,,2022,2,1
381.29,,72.97,,8.0,,2018,1,0
428.04,,66.91,,20.56,,2019,2,1
304.72,,61.14,,80.17,,2023,1,1
407.79,,50.96,,60.25,,2024,1,1
354.48,,68.51,,13.92,,2023,2,0
362.16,,54.48,,18.51,,2020,2,0
490.09,,79.06,,29.54,,2018,1,0
369.19,,74.55,,55.19,,2023,1,0
421.51,,69.73,,8.0,,2020,2,1
419.54,,86.51,,31.5,,2021,3,0
315.1,,72.1,,8.0,,2021,2,0
278.5,,75.86,,21.3,,2024,0,1
425.15,,78.87,,8.9,,2024,0,1
320.4,,66.83,,15.53,,2022,2,0
288.47,,66.89,,16.91,,2023,1,0
436.44,,72.41,,61.75,,2023,2,0
323.93,,58.53,,12.94,,2022,2,1
337.51,,89.85,,45.78,,2019,1,0
488.59,,73.61,,32.0,,2023,2,0
288.71,,69.99,,68.49,,2023,1,0
310.9,,92.86,,16.29,,2020,1,1
354.72,,60.99,,219.74,,2022,2,1
366.79,,87.36,,14.73,,2023,0,1
330.84,,80.13,,36.39,,2023,2,1
316.27,,83.17,,42.01,,2024,2,0
463.05,,70.24,,32.45,,2022,1,1
394.46,,72.56,,82.23,,2024,1,0
412.18,,68.57,,8.0,,2018,1,0
372.45,,81.96,,38.2,,2023,2,0
395.92,,75.92,,29.65,,2021,0,0
431.31,,66.42,,22.68,,2020,4,0
325.2,,66.87,,17.85,,2023,0,0
394.57,,71.85,,8.0,,2021,1,1
418.28,,68.68,,44.09,,2023,2,0
464.96,,86.42,,8.0,,2024,0,0
487.13,,80.08,,74.25,,2022,0,0
383.84,,80.06,,24.94,,2022,3,0
442.63,,74.34,,39.06,,2023,2,0
233.14,,63.73,,8.0,,2024,1,1
465.38,,78.96,,8.0,,2019,1,1
340.08,,51.02,,11.3,,2021,1,0
366.74,,73.74,,63.54,,2024,0,0
404.26,,63.88,,27.94,,2024,1,0
371.56,,63.11,,15.64,,2022,2,1
390.8,,67.37,,79.53,,2018,1,0
467.32,,71.16,,8.95,,2024,0,0
358.87,,71.77,,12.62,,2023,1,0
320.22,,79.9,,62.97,,2022,1,0
479.74,,70.26,,8.0,,2024,0,1
408.97,,70.98,,10.45,,2020,1,0
485.72,,58.04,,30.94,,2021,2,0
427.5,,59.35,,103.55,,2023,2,1
307.2,,74.87,,12.98,,2018,1,1
415.5,,78.31,,10.07,,2024,1,1
325.88,,69.4,,154.79,,2023,1,1
380.41,,81.33,,31.22,,2020,1,0
375.84,,57.92,,8.0,,2021,1,0
291.03,,75.99,,13.59,,2021,3,1
335.3,,63.48,,32.04,,2024,3,0
501.29,,62.69,,8.0,,2021,1,0
393.11,,64.35,,49.54,,2021,1,0
370.34,,71.19,,31.05,,2023,0,0
479.71,,76.39,,51.95,,2022,1,1
358.21,,75.63,,17.56,,2021,1,0
374.97,,69.1,,22.88,,2022,0,1
434.49,,78.32,,110.58,,2024,2,0
357.96,,88.87,,9.94,,2022,0,0
338.94,,70.81,,8.0,,2018,2,1
256.04,,72.95,,169.23,,2023,3,0
328.49,,65.88,,8.0,,2024,2,1
327.97,,68.08,,92.04,,2019,1,1
388.72,,84.48,,73.44,,2023,3,0
346.42,,84.59,,28.09,,2021,1,0
498.69,,69.99,,51.32,,2022,0,1
321.83,,76.9,,8.0,,2021,0,0
457.04,,81.2,,60.59,,2023,1,0
392.09,,67.53,,64.32,,2019,2,0
424.37,,58.94,,8.0,,2019,0,1
421.03,,78.89,,28.88,,2022,2,0
258.0,,80.96,,124.29,,2021,0,0
379.36,,79.49,,126.79,,2024,0,1
365.58,,68.26,,175.05,,2020,1,0
317.69,,87.23,,44.9,,2023,2,0
405.28,,74.84,,8.0,,2024,1,0
474.41,,60.52,,22.37,,2021,1,0
232.98,,56.04,,54.52,,2024,0,0
350.6,,69.03,,14.02,,2021,2,0
311.48,,74.25,,69.78,,2022,1,1
383.95,,69.12,,82.99,,2018,1,0
362.09,,91.94,,60.56,,2021,2,0
346.69,,76.04,,17.59,,2019,1,0
417.92,,62.27,,56.82,,2018,1,0
469.99,,49.3,,8.0,,2024,0,0
526.37,,74.35,,17.15,,2023,0,0
339.32,,81.89,,60.93,,2021,1,0
279.85,,90.64,,66.52,,2023,0,1
410.76,,69.98,,16.12,,2022,1,1
468.58,,89.22,,135.52,,2024,2,0
424.75,,58.41,,13.41,,2020,0,1
468.35,,68.56,,45.31,,2022,0,0
367.6,,61.86,,88.69,,2018,1,0
346.47,,79.92,,33.67,,2023,1,0
386.35,,58.99,,22.34,,2022,0,1
361.82,,76.02,,9.98,,2023,2,0
416.47,,59.58,,9.19,,2023,0,0
433.34,,89.58,,8.0,,2021,0,0
437.64,,68.26,,24.58,,2020,1,0
408.08,,75.78,,33.34,,2020,3,0
393.52,,54.11,,76.72,,2023,0,0
423.69,,57.05,,10.29,,2024,1,0
272.04,,64.27,,59.11,,2022,0,0
391.58,,80.51,,49.75,,2020,4,0
382.89,,78.59,,42.27,,2019,1,1
391.72,,82.85,,17.41,,2022,0,1
375.18,,56.9,,16.07,,2023,1,0
403.75,,77.07,,59.75,,2023,3,1
348.4,,66.4,,13.48,,2021,1,0
442.12,,63.92,,16.8,,2022,0,0
406.05,,66.63,,141.03,,2022,3,1
388.29,,70.84,,240.0,,2020,2,1
341.64,,78.61,,8.0,,2022,1,0
424.84,,83.23,,48.75,,2024,2,0
391.37,,77.21,,32.21,,2023,1,0
338.45,,78.33,,25.89,,2024,3,0
376.88,,90.23,,13.54,,2024,1,0
414.6,,78.97,,29.72,,2020,2,1
410.34,,69.86,,25.61,,2024,0,0
406.79,,77.81,,21.55,,2023,4,1
385.09,,89.08,,79.63,,2024,1,1
436.42,,63.3,,13.25,,2020,0,0
448.08,,67.69,,38.22,,2021,1,0
420.55,,86.5,,83.86,,2022,2,0
347.69,,69.1,,162.26,,2018,0,1
321.81,,79.64,,38.77,,2022,1,0
350.08,,84.89,,30.83,,2024,1,0
487.45,,59.44,,77.1,,2024,0,0
395.49,,67.92,,8.77,,2020,0,0
496.95,,84.05,,41.76,,2021,1,1
373.39,,70.74,,8.0,,2024,0,1
365.77,,51.81,,45.31,,2019,1,1
375.93,,66.9,,66.73,,2022,1,0
374.93,,79.94,,8.0,,2024,0,1
337.45,,84.76,,79.24,,2023,2,1
316.81,,72.51,,8.0,,2024,1,1
407.57,,76.84,,8.12,,2024,2,1
438.02,,68.31,,76.03,,2023,2,1
514.47,,81.03,,8.0,,2022,0,1
356.15,,86.25,,47.06,,2023,0,0
360.6,,79.68,,14.67,,2023,1,0
337.58,,70.82,,11.99,,2021,0,0
441.92,,76.34,,44.11,,2022,0,0
424.82,,81.52,,8.0,,2023,4,0
331.77,,72.28,,35.9,,2021,2,0
330.38,,80.01,,108.52,,2023,1,0
432.39,,75.7,,80.08,,2020,2,1
401.08,,86.19,,79.99,,2022,0,0
421.71,,79.0,,15.16,,2019,2,1
331.45,,67.01,,50.75,,2024,3,0
276.73,,86.04,,63.61,,2021,0,1
331.88,,76.6,,97.3,,2024,3,0
417.83,,70.6,,12.88,,2023,2,1
496.11,,58.46,,60.09,,2021,1,0
356.38,,74.31,,11.1,,2023,0,1
505.17,,90.35,,8.0,,2022,1,0
425.64,,44.71,,27.61,,2024,2,1
303.38,,45.1,,60.98,,2023,0,1
391.77,,79.67,,10.13,,2023,1,0
427.52,,74.36,,8.0,,2023,1,0
246.6,,78.72,,19.66,,2022,0,1
415.44,,66.74,,9.52,,2022,0,0
444.5,,50.58,,20.22,,2021,1,1
401.94,,63.68,,106.52,,2020,1,1
376.61,,87.6,,57.21,,2021,2,0
370.49,,67.48,,19.6,,2023,3,0
367.28,,67.57,,16.51,,2021,1,0
315.32,,45.71,,106.71,,2020,2,0
342.19,,53.96,,92.27,,2024,1,1
357.09,,83.1,,38.92,,2022,3,0
386.24,,69.41,,18.59,,2018,0,0
349.38,,81.91,,66.02,,2023,3,0
332.2,,64.46,,45.77,,2023,1,0
421.79,,57.32,,34.93,,2021,2,1
400.38,,69.39,,56.34,,2023,2,0
350.34,,66.27,,8.0,,2024,0,0
407.85,,63.67,,111.78,,2020,1,0
355.08,,63.93,,151.58,,2022,1,1
383.47,,70.65,,18.38,,2023,2,0
433.63,,67.08,,123.22,,2019,3,0
346.79,,62.68,,66.73,,2023,2,0
315.52,,90.05,,118.89,,2023,2,0
372.02,,76.58,,104.77,,2022,2,1
305.01,,73.58,,9.42,,2023,2,0
364.74,,71.33,,12.65,,2023,1,1
364.56,,78.66,,12.68,,2021,0,1
244.5,,77.32,,8.0,,2020,1,1
409.18,,61.66,,21.29,,2024,1,0
369.95,,56.68,,18.92,,2022,1,0
445.0,,49.26,,17.7,,2023,2,0
391.85,,89.92,,18.02,,2022,2,0
420.46,,67.55,,8.0,,2023,2,1
445.45,,77.92,,8.64,,2020,2,0
372.76,,74.02,,14.74,,2020,3,0
379.95,,81.13,,92.32,,2024,2,0
293.46,,71.35,,109.66,,2019,2,0
448.17,,58.72,,14.1,,2022,1,0
371.99,,61.63,,49.76,,2020,2,0
324.68,,68.49,,79.85,,2022,0,1
420.68,,56.15,,29.63,,2022,1,1
260.11,,63.46,,59.17,,2023,2,1
356.39,,60.01,,156.42,,2021,2,0
429.96,,68.71,,8.0,,2022,3,0
355.93,,67.04,,8.0,,2020,0,0
340.51,,73.19,,42.91,,2019,1,1
357.11,,80.54,,29.83,,2020,2,0
269.45,,69.57,,14.78,,2024,1,0
419.35,,56.98,,104.33,,2022,3,0
373.24,,51.52,,78.53,,2022,1,1
365.02,,73.62,,12.9,,2023,2,1
365.22,,65.35,,62.5,,2024,0,1
380.77,,70.43,,74.03,,2018,4,0
415.94,,75.3,,16.53,,2019,2,0
377.14,,86.43,,8.0,,2022,1,1
305.11,,54.52,,79.8,,2020,0,1
411.65,,61.88,,8.0,,2022,0,0
407.42,,71.15,,27.35,,2023,1,1
391.3,,60.6,,9.08,,2022,0,0
439.14,,57.11,,110.19,,2023,3,0
381.67,,85.1,,8.0,,2018,2,1
441.13,,61.52,,8.0,,2022,2,1
457.4,,58.91,,50.81,,2023,0,0
412.03,,60.52,,9.66,,2024,1,1
338.86,,82.86,,8.0,,2019,2,0
372.81,,65.05,,8.0,,2018,3,1
448.14,,58.14,,38.06,,2021,1,0
297.63,,63.6,,10.58,,2021,0,0
358.44,,71.52,,19.89,,2024,1,0
361.14,,80.92,,79.6,,2021,0,1
332.41,,80.08,,8.11,,2020,2,1
428.01,,64.22,,73.51,,2024,2,0
400.72,,66.69,,62.72,,2022,1,0
340.89,,93.03,,74.71,,2023,0,0
413.3,,81.96,,17.9,,2020,2,1
371.29,,69.48,,26.85,,2023,2,0
331.04,,49.05,,51.56,,2024,2,0
340.79,,67.41,,8.0,,2023,2,0
403.98,,58.73,,45.78,,2020,3,0
431.65,,63.37,,8.0,,2020,0,0
353.23,,62.35,,14.27,,2019,2,1
409.94,,69.69,,69.7,,2024,1,1
467.0,,72.7,,42.37,,2023,0,0
310.76,,64.68,,40.84,,2018,2,1
399.56,,59.22,,10.81,,2024,2,1
425.69,,70.21,,46.29,,2021,0,1
374.77,,67.02,,8.0,,2023,0,0
448.11,,53.02,,140.56,,2024,0,1
500.94,,78.08,,12.23,,2023,1,0
398.88,,64.71,,73.63,,2024,3,0
367.15,,69.31,,106.16,,2024,1,1
433.73,,69.8,,8.0,,2020,3,0
426.31,,71.85,,8.0,,2021,1,0
241.46,,73.46,,87.1,,2024,1,1
379.85,,58.95,,60.64,,2019,1,1
358.3,,75.12,,8.0,,2024,0,0
401.82,,68.56,,74.52,,2020,0,1
369.35,,82.84,,69.85,,2023,0,1
375.32,,80.15,,25.98,,2021,1,1
332.52,,85.23,,123.23,,2024,0,1
420.4,,62.62,,36.65,,2022,2,0
471.03,,84.87,,24.57,,2020,1,0
333.38,,72.94,,8.0,,2024,4,0
303.16,,78.9,,128.22,,2022,1,1
381.1,,78.74,,8.0,,2024,1,1
378.42,,76.59,,14.75,,2022,1,0
444.4,,61.12,,54.9,,2024,1,0
312.39,,81.55,,8.0,,2019,1,0
350.41,,75.52,,32.85,,2024,4,0
261.88,,57.27,,8.0,,2022,0,1
455.62,,67.16,,8.0,,2021,0,0
393.78,,59.87,,43.1,,2018,1,0
354.51,,57.74,,38.8,,2020,2,1
307.28,,80.53,,55.67,,2021,0,0
312.32,,57.21,,40.44,,2023,1,0
402.78,,58.79,,24.5,,2023,0,0
319.09,,91.78,,27.35,,2024,1,1
385.72,,67.52,,10.44,,2024,1,0
492.36,,78.58,,8.0,,2023,1,0
360.88,,83.25,,82.83,,2023,0,0
327.12,,79.74,,49.37,,2024,1,1
401.01,,73.5,,8.0,,2020,1,0
312.58,,71.63,,12.89,,2019,0,0
474.6,,77.38,,83.56,,2023,1,1
457.2,,69.75,,135.02,,2021,2,0
370.97,,78.95,,65.78,,2022,0,1
330.65,,69.41,,35.44,,2023,1,0
356.58,,70.54,,85.41,,2024,0,1
363.74,,90.82,,41.4,,2024,2,0
401.1,,67.2,,50.48,,2023,0,1
437.18,,72.19,,73.68,,2022,3,1
322.99,,76.31,,18.35,,2023,1,1
435.6,,76.95,,64.47,,2020,2,0
413.97,,74.93,,9.74,,2024,0,0
352.07,,59.5,,9.07,,2022,0,0
320.23,,73.62,,70.05,,2021,1,0
386.39,,74.43,,34.85,,2022,1,1
321.72,,83.4,,22.44,,2023,1,0
436.3,,79.39,,31.13,,2023,1,0
318.19,,84.06,,160.15,,2020,0,1
410.12,,61.97,,94.33,,2023,1,0
375.57,,62.04,,29.75,,2024,0,1
349.17,,75.28,,33.28,,2020,2,1
374.34,,83.33,,40.01,,2019,0,0
439.4,,70.0,,65.71,,2019,1,0
314.43,,64.6,,86.94,,2018,1,1
357.33,,55.99,,8.0,,2018,1,0
338.65,,75.63,,41.55,,2024,1,1
377.88,,70.87,,10.82,,2023,1,0
342.34,,67.66,,40.84,,2024,0,1
282.76,,81.05,,8.0,,2021,1,1
321.97,,71.13,,69.3,,2023,0,0
470.08,,72.01,,45.43,,2022,2,0
393.57,,81.0,,84.42,,2022,1,1
391.68,,93.91,,121.39,,2022,0,1
364.46,,67.56,,114.11,,2022,0,0
377.16,,63.24,,8.0,,2020,0,1
356.36,,62.11,,19.86,,2022,1,1
408.98,,76.77,,27.72,,2021,2,1
385.54,,61.09,,65.34,,2020,1,0
315.58,,68.27,,8.0,,2023,2,0
393.95,,69.15,,109.04,,2023,1,1
244.77,,87.56,,21.96,,2021,0,1
402.76,,83.93,,41.88,,2023,0,0
302.49,,56.63,,165.61,,2018,2,0
374.72,,87.85,,89.99,,2024,0,0
314.3,,59.84,,18.89,,2020,1,0
380.16,,73.6,,27.83,,2024,0,0
411.81,,63.65,,61.72,,2019,1,0
462.66,,68.12,,57.16,,2023,2,1
295.23,,62.2,,51.24,,2020,0,0
433.65,,88.76,,8.0,,2024,2,0
387.21,,70.6,,9.32,,2021,2,1
355.21,,74.26,,10.53,,2018,2,1
421.79,,61.28,,12.12,,2018,4,0
367.02,,57.85,,8.0,,2024,0,1
419.46,,67.56,,69.01,,2019,0,1
325.43,,77.21,,17.53,,2024,0,0
345.19,,70.79,,62.76,,2020,0,0
431.9,,81.75,,112.61,,2021,2,0
461.7,,73.24,,15.77,,2024,2,0
378.07,,72.06,,25.4,,2023,1,0
226.7,,77.35,,8.0,,2020,1,0
369.05,,73.0,,14.67,,2021,1,0
381.78,,81.44,,33.19,,2022,1,1
367.2,,77.55,,8.34,,2024,2,0
398.5,,81.11,,32.34,,2023,1,0
353.77,,79.16,,15.76,,2023,2,0
426.14,,85.6,,193.62,,2021,0,0
315.83,,80.29,,19.79,,2023,1,1
448.03,,89.48,,8.0,,2020,3,0
465.25,,66.59,,26.9,,2022,2,0
329.78,,80.35,,17.07,,2022,2,0
329.75,,58.19,,19.41,,2023,2,0
402.59,,81.47,,19.44,,2020,3,0
314.7,,72.56,,89.46,,2019,2,0
352.91,,81.37,,28.97,,2024,2,0
440.64,,88.8,,12.24,,2020,1,1
420.57,,80.01,,66.05,,2021,0,0
488.91,,67.87,,24.61,,2024,1,0
389.39,,61.12,,8.0,,2022,1,1
346.4,,77.36,,240.0,,2020,1,0
382.82,,69.14,,8.0,,2022,3,0
371.72,,78.64,,51.88,,2024,1,0
372.49,,66.93,,79.0,,2024,2,1
378.69,,62.71,,18.34,,2023,0,0
328.75,,69.58,,8.0,,2021,1,0
395.52,,77.01,,24.1,,2024,1,0
302.52,,73.22,,27.67,,2024,0,0
340.57,,63.87,,240.0,,2024,0,1
373.46,,90.01,,8.0,,2020,1,1
255.72,,70.61,,44.8,,2021,1,0
422.29,,49.38,,68.54,,2020,2,0
267.08,,81.32,,40.41,,2020,0,0
416.83,,71.89,,41.75,,2021,1,0
308.9,,70.29,,87.44,,2018,2,0
357.73,,70.1,,34.98,,2024,1,0
408.55,,70.15,,89.61,,2024,1,0
500.9,,88.69,,9.91,,2024,0,0
386.4,,76.65,,30.49,,2019,1,1
270.96,,74.6,,8.0,,2022,2,0
432.45,,69.37,,68.33,,2018,0,1
367.24,,89.28,,63.08,,2022,0,1
383.84,,80.43,,32.53,,2019,0,0
410.68,,81.89,,21.16,,2021,2,0
257.6,,74.78,,19.41,,2021,1,0
380.36,,82.0,,9.43,,2021,2,0
357.47,,75.93,,23.45,,2020,1,1
447.2,,68.29,,15.22,,2019,1,1
419.99,,75.69,,36.2,,2018,2,1
290.51,,92.97,,64.85,,2023,1,0
449.44,,74.04,,49.75,,2024,2,0
404.72,,84.7,,30.3,,2024,0,1
294.9,,83.91,,124.66,,2023,1,0
383.07,,77.63,,9.23,,2019,2,0
436.92,,88.57,,42.91,,2022,0,1
313.23,,50.27,,8.0,,2019,5,1
455.77,,53.64,,46.95,,2022,3,0
296.81,,89.28,,54.27,,2024,0,1
336.48,,65.53,,64.1,,2020,2,0
328.14,,73.12,,45.78,,2024,2,0
455.73,,89.51,,8.0,,2021,0,1
352.99,,74.0,,8.0,,2020,0,1
316.05,,88.9,,52.61,,2022,1,1
404.49,,68.12,,67.23,,2024,0,0
416.36,,78.16,,8.0,,2021,1,0
416.71,,72.58,,8.0,,2020,2,0
365.08,,86.91,,65.6,,2023,3,0
394.0,,69.38,,144.34,,2023,3,0
344.24,,62.36,,30.87,,2019,1,1
472.11,,67.32,,8.0,,2021,2,0
442.93,,67.77,,16.28,,2019,4,0
439.56,,65.53,,63.87,,2023,0,0
423.68,,65.11,,32.91,,2022,4,1
408.59,,83.22,,8.0,,2024,0,0
311.56,,86.08,,15.49,,2023,1,0
414.83,,75.92,,58.7,,2021,3,1
386.28,,65.53,,16.56,,2021,2,0
449.49,,66.16,,23.78,,2022,3,1
424.41,,51.27,,98.88,,2019,1,0
410.27,,75.8,,175.4,,2024,2,0
287.37,,65.17,,59.45,,2023,1,0
375.1,,86.71,,11.53,,2023,1,1
349.32,,58.22,,11.7,,2023,0,0
393.88,,66.08,,15.24,,2022,2,1
357.14,,71.04,,8.0,,2021,2,1
364.82,,76.65,,8.28,,2022,1,0
405.25,,90.03,,12.42,,2023,0,0
356.23,,58.3,,45.3,,2021,2,0
386.69,,68.98,,39.81,,2022,2,0
296.43,,57.72,,17.51,,2023,1,1
334.22,,79.9,,9.2,,2021,1,0
416.08,,65.53,,41.09,,2024,0,0
312.34,,70.97,,8.0,,2020,4,1
448.51,,70.28,,8.0,,2024,1,0
433.59,,73.16,,20.31,,2018,1,1
365.25,,70.44,,35.19,,2023,0,0
544.93,,62.28,,54.73,,2022,1,1
448.37,,72.85,,48.78,,2020,0,1
327.79,,64.06,,19.97,,2024,2,0
421.04,,80.15,,44.65,,2020,1,0
383.62,,72.57,,9.97,,2022,1,0
337.28,,61.6,,28.59,,2022,0,1
321.15,,96.07,,40.12,,2024,0,0
434.72,,88.59,,57.29,,2023,1,0
347.11,,96.43,,8.0,,2019,3,1
374.4,,68.57,,8.0,,2022,1,1
329.34,,63.65,,8.0,,2024,2,0
338.85,,80.06,,33.21,,2023,0,0
373.02,,83.08,,35.45,,2019,2,0
401.35,,73.97,,8.0,,2022,0,0
237.64,,50.96,,44.9,,2019,0,1
380.93,,62.19,,60.52,,2019,1,0
338.96,,76.23,,8.0,,2024,2,0
457.13,,65.4,,17.28,,2023,3,1
541.85,,58.35,,79.67,,2019,2,1
360.24,,69.42,,48.81,,2021,2,0
285.28,,39.53,,15.26,,2023,2,0
386.43,,65.97,,56.94,,2024,1,0
368.7,,67.74,,91.67,,2019,3,0
488.42,,75.1,,15.54,,2019,1,0
471.66,,77.48,,48.42,,2019,0,0
427.6,,75.78,,8.0,,2022,2,0
347.73,,80.97,,8.0,,2022,2,0
417.28,,70.32,,37.07,,2020,0,0
394.58,,57.44,,28.48,,2022,0,0
393.27,,72.44,,69.77,,2021,0,0
294.3,,63.24,,63.65,,2020,1,1
438.4,,58.43,,14.19,,2018,1,1
385.93,,77.79,,30.16,,2019,0,1
374.45,,57.87,,59.21,,2021,2,0
346.99,,78.8,,13.27,,2022,1,0
336.35,,59.08,,18.87,,2020,0,0
397.45,,69.09,,8.0,,2023,0,1
283.8,,66.36,,8.0,,2022,0,0
423.42,,83.37,,39.57,,2023,1,0
322.02,,77.94,,28.84,,2021,3,0
266.77,,63.76,,8.0,,2024,2,0
480.2,,70.42,,8.0,,2024,4,0
332.81,,85.29,,8.0,,2022,3,0
340.28,,86.93,,58.16,,2023,2,0
442.4,,58.31,,8.0,,2020,1,0
481.99,,85.16,,21.63,,2023,1,0
295.68,,84.4,,11.46,,2023,1,0
327.41,,73.79,,33.48,,2020,3,1
331.45,,71.09,,30.09,,2021,0,1
431.41,,66.5,,171.02,,2024,1,1
470.15,,59.47,,62.26,,2020,0,0
320.59,,75.39,,117.01,,2022,0,0
457.81,,70.3,,36.23,,2024,1,1
341.0,,76.35,,56.22,,2021,0,1
398.49,,76.59,,94.69,,2020,1,1
310.07,,97.18,,8.0,,2022,3,0
373.29,,83.97,,103.76,,2020,1,0
373.89,,77.47,,9.99,,2024,4,0
362.67,,50.63,,51.28,,2023,1,0
401.17,,75.92,,62.34,,2022,2,0
324.61,,87.82,,8.0,,2022,2,0
331.4,,67.73,,128.51,,2023,1,1
404.08,,93.91,,109.67,,2021,1,0
453.81,,77.44,,44.64,,2020,4,0
378.75,,74.95,,8.0,,2021,1,0
407.7,,62.09,,35.06,,2019,0,0
421.69,,87.04,,17.72,,2024,3,0
425.68,,63.69,,112.15,,2024,2,1
327.56,,66.36,,21.92,,2020,0,0
337.26,,53.19,,49.7,,2024,0,0
342.05,,80.96,,42.56,,2022,3,1
486.07,,77.88,,13.28,,2020,2,1
407.95,,72.1,,32.21,,2022,3,0
405.48,,79.4,,22.16,,2019,1,0
400.14,,78.46,,19.72,,2020,0,0
307.36,,68.34,,83.8,,2020,2,0
486.6,,64.15,,8.0,,2024,2,0
406.36,,54.85,,22.19,,2024,0,1
419.77,,70.22,,8.0,,2022,1,0
282.9,,58.92,,12.75,,2020,3,1
422.88,,73.63,,40.83,,2021,1,1
360.41,,70.4,,8.0,,2021,2,0
307.25,,67.98,,13.29,,2022,0,1
327.54,,82.47,,89.13,,2020,0,0
310.43,,62.14,,49.44,,2022,2,0
309.5,,53.52,,8.0,,2021,3,0
383.33,,69.75,,204.83,,2023,2,1
358.73,,64.6,,121.93,,2022,2,1
398.37,,73.22,,8.0,,2022,0,1
472.18,,62.86,,107.07,,2019,1,0
372.88,,76.21,,33.53,,2020,1,1
256.53,,62.27,,111.32,,2021,4,0
366.69,,62.16,,144.63,,2023,4,1
445.64,,78.16,,49.68,,2021,1,1
375.27,,71.54,,14.46,,2021,1,1
464.11,,60.13,,108.6,,2023,2,1
404.91,,62.48,,35.79,,2024,1,1
278.9,,68.27,,17.55,,2023,0,0
386.03,,60.57,,25.88,,2022,1,0
396.34,,69.12,,21.89,,2020,1,0
439.42,,69.47,,114.99,,2024,0,0
480.08,,62.83,,71.98,,2021,1,0
429.92,,78.5,,8.0,,2022,2,0
404.23,,61.8,,8.0,,2022,2,1
417.19,,84.46,,8.0,,2022,0,0
370.76,,69.82,,39.59,,2018,0,0
299.54,,65.4,,70.75,,2024,0,0
382.28,,77.39,,30.39,,2024,1,0
400.09,,72.34,,32.13,,2019,2,1
313.8,,79.6,,11.55,,2024,0,0
452.96,,51.99,,25.82,,2020,3,0
435.3,,77.17,,12.47,,2020,3,0
304.55,,66.81,,13.45,,2022,7,0
455.12,,72.38,,20.84,,2024,2,0
363.04,,71.12,,8.0,,2022,1,0
337.18,,85.47,,130.21,,2021,0,1
439.36,,53.4,,103.17,,2022,1,1
377.19,,88.14,,66.82,,2020,0,0
484.46,,79.06,,35.3,,2024,1,0
333.09,,73.52,,70.42,,2024,1,0
284.76,,57.66,,153.51,,2023,1,0
364.58,,55.28,,14.01,,2020,0,1
423.41,,66.39,,19.03,,2022,0,1
329.01,,78.35,,54.84,,2021,2,1
306.84,,71.94,,43.24,,2024,2,0
392.59,,77.78,,73.16,,2019,2,0
299.5,,57.37,,17.9,,2021,2,1
396.87,,72.44,,15.62,,2022,2,0
361.27,,82.95,,36.98,,2024,2,1
407.2,,86.52,,8.0,,2023,3,0
303.89,,59.46,,8.0,,2024,2,0
451.4,,68.48,,11.76,,2020,0,1
369.93,,68.59,,8.0,,2019,0,0
421.99,,65.74,,8.0,,2022,2,0
432.79,,81.08,,63.21,,2022,1,0
316.34,,100.71,,32.91,,2021,1,0
428.52,,60.86,,46.43,,2023,4,0
301.62,,76.25,,8.0,,2022,3,0
304.64,,74.96,,12.46,,2021,1,0
488.02,,75.17,,8.0,,2022,3,0
441.15,,85.33,,240.0,,2024,1,1
494.05,,75.73,,8.0,,2021,3,1
359.64,,50.64,,8.0,,2022,1,0
385.63,,57.63,,40.0,,2021,0,0
409.0,,61.33,,16.94,,2022,3,0
379.33,,64.51,,91.79,,2024,0,1
338.96,,70.6,,74.8,,2023,2,0
330.72,,69.85,,85.1,,2020,2,0
391.76,,53.77,,55.8,,2019,3,0
321.32,,55.91,,8.0,,2018,0,0
319.78,,50.81,,8.0,,2024,0,0
401.65,,56.46,,8.0,,2022,1,0
374.77,,81.91,,67.97,,2022,1,0
431.55,,69.3,,44.96,,2021,2,1
356.63,,62.47,,166.42,,2022,1,1
348.03,,52.82,,43.32,,2021,2,1
403.3,,61.87,,12.04,,2023,1,0
335.34,,78.07,,8.0,,2023,2,0
343.8,,76.76,,19.11,,2022,2,0
345.99,,69.48,,9.36,,2023,2,0
368.47,,69.33,,41.58,,2022,4,0
477.48,,54.29,,8.0,,2023,1,0
304.28,,64.24,,62.19,,2023,0,1
451.25,,77.56,,50.09,,2019,1,1
420.58,,65.25,,55.99,,2024,0,0
466.18,,88.23,,141.38,,2021,0,0
552.52,,84.06,,44.16,,2021,1,1
458.73,,67.46,,65.26,,2021,1,1
430.91,,69.35,,8.0,,2024,0,0
307.81,,94.23,,120.38,,2024,1,0
314.76,,80.47,,10.36,,2020,1,0
399.81,,72.7,,28.53,,2022,1,1
286.61,,73.86,,132.25,,2021,1,0
413.85,,73.49,,8.3,,2020,0,1
262.58,,71.83,,8.0,,2022,0,0
443.37,,61.29,,14.8,,2021,2,1
362.31,,67.98,,8.0,,2023,0,1
386.96,,57.64,,46.31,,2024,4,1
338.84,,79.25,,13.7,,2018,2,0
275.58,,70.68,,8.0,,2022,1,0
447.91,,79.75,,93.88,,2022,2,0
453.46,,59.26,,8.0,,2021,1,1
360.67,,86.22,,13.29,,2024,2,1
416.41,,84.98,,11.54,,2024,0,0
358.5,,56.26,,8.0,,2023,1,0
395.87,,66.94,,8.0,,2022,0,1
421.75,,68.03,,70.84,,2018,0,0
410.53,,57.62,,8.0,,2022,0,1
453.75,,69.4,,8.0,,2023,2,0
408.54,,77.58,,42.22,,2020,3,1
381.54,,67.31,,8.0,,2023,1,0
338.12,,54.87,,19.51,,2023,0,0
353.68,,79.72,,8.0,,2021,1,0
424.55,,64.08,,18.9,,2024,2,1
297.4,,65.14,,16.08,,2023,1,0
440.82,,88.81,,39.84,,2021,1,0
364.54,,75.97,,29.04,,2020,3,0
334.98,,63.91,,47.66,,2020,0,1
319.57,,60.11,,115.36,,2024,1,0
417.09,,81.66,,66.59,,2024,3,0
379.19,,80.97,,113.88,,2023,5,0
467.38,,66.93,,8.0,,2022,1,0
310.53,,59.41,,194.87,,2024,4,0
348.2,,75.86,,16.33,,2023,0,0
374.93,,77.94,,13.61,,2022,1,0
338.65,,68.27,,21.7,,2023,2,0
380.34,,60.97,,64.23,,2019,1,0
397.57,,72.25,,129.58,,2024,0,0
406.65,,76.62,,33.93,,2019,0,1
462.84,,67.13,,8.0,,2024,3,1
308.31,,74.62,,10.12,,2020,0,0
398.58,,75.61,,21.83,,2021,0,0
344.42,,83.45,,19.12,,2023,2,1
403.65,,67.79,,11.43,,2019,0,0
403.72,,60.61,,79.74,,2024,0,1
325.72,,71.33,,13.8,,2023,1,1
330.44,,88.88,,37.73,,2021,1,0
408.14,,54.37,,27.41,,2024,2,0
381.29,,48.87,,107.94,,2018,1,0
367.92,,70.92,,41.64,,2018,0,0
416.19,,68.21,,16.95,,2021,1,1
420.24,,69.92,,42.76,,2019,0,0
350.87,,69.54,,16.13,,2024,1,0
333.14,,82.06,,8.0,,2021,0,1
310.59,,71.58,,27.89,,2023,4,0
381.84,,80.2,,82.64,,2024,0,0
301.73,,47.22,,100.75,,2020,0,0
385.47,,66.71,,32.96,,2024,1,0
446.93,,63.85,,50.5,,2023,0,0
360.56,,49.15,,39.62,,2019,2,0
350.51,,73.03,,69.93,,2022,1,1
489.88,,71.0,,8.0,,2024,2,1
463.03,,67.33,,21.55,,2024,4,0
337.95,,70.74,,12.26,,2023,0,0
387.65,,73.03,,8.0,,2024,5,0
398.08,,82.13,,74.4,,2022,1,1
391.2,,78.43,,8.0,,2022,0,1
479.81,,75.29,,16.41,,2020,0,0
384.8,,95.07,,84.69,,2022,0,1
393.05,,64.92,,53.66,,2024,2,0
417.88,,58.4,,35.22,,2019,0,0
445.45,,83.74,,15.6,,2020,1,0
431.53,,90.67,,30.42,,2024,2,0
409.59,,65.65,,8.0,,2023,1,1
294.27,,85.78,,54.57,,2021,2,0
353.15,,66.67,,11.38,,2024,1,1
425.07,,77.85,,27.4,,2020,1,0
393.77,,78.4,,8.0,,2023,0,0
425.44,,65.69,,52.1,,2020,0,0
483.79,,90.47,,94.99,,2022,1,0
315.27,,91.62,,25.56,,2023,0,0
442.59,,61.79,,8.0,,2023,2,0
361.83,,74.01,,121.87,,2024,0,1
431.44,,81.15,,24.88,,2023,1,1
377.73,,53.17,,8.0,,2021,3,1
496.99,,72.26,,8.77,,2024,0,0
387.15,,55.47,,8.0,,2019,1,1
344.77,,78.67,,9.24,,2023,1,1
403.09,,72.86,,8.0,,2022,0,0
397.82,,68.26,,107.62,,2022,2,0
442.6,,56.33,,9.85,,2023,2,0
404.64,,66.01,,24.5,,2019,0,0
516.13,,77.19,,54.97,,2024,0,1
373.87,,71.59,,47.46,,2021,1,1
374.52,,83.93,,131.64,,2024,1,0
346.79,,83.28,,142.06,,2021,3,1
384.71,,82.85,,35.51,,2023,1,1
392.71,,66.62,,58.61,,2024,3,1
395.47,,74.95,,20.49,,2023,0,1
383.7,,62.35,,23.55,,2020,0,0
346.46,,59.4,,8.0,,2023,2,1
331.51,,83.82,,47.0,,2023,0,1
359.37,,60.13,,13.25,,2024,1,1
442.78,,59.06,,8.0,,2021,1,0
454.62,,73.05,,8.0,,2024,1,0
375.77,,69.29,,53.82,,2023,1,0
328.21,,70.16,,10.92,,2021,2,0
375.54,,95.06,,61.72,,2022,2,0
495.04,,62.06,,99.27,,2023,0,1
434.94,,76.95,,17.51,,2018,4,0
410.29,,72.87,,66.33,,2021,1,0
432.95,,82.09,,23.52,,2024,3,0
464.73,,64.14,,62.13,,2019,1,0
316.59,,69.76,,15.39,,2022,1,1
358.44,,73.14,,112.59,,2022,2,0
350.92,,57.66,,183.07,,2021,2,1
412.29,,53.94,,20.5,,2022,2,0
388.81,,71.79,,9.32,,2024,0,0
421.6,,85.38,,48.56,,2019,1,1
352.12,,68.48,,36.8,,2020,1,1
455.46,,69.85,,200.08,,2024,0,0
376.19,,83.51,,70.1,,2020,2,1
418.2,,70.51,,75.7,,2020,1,0
445.75,,79.77,,54.45,,2022,1,1
441.33,,98.66,,18.14,,2024,2,0
399.85,,66.23,,115.35,,2022,1,1
425.06,,70.23,,26.32,,2022,2,1
475.79,,75.96,,21.42,,2024,0,1
408.25,,86.92,,9.07,,2023,1,1
339.87,,70.85,,15.22,,2024,1,0
412.07,,79.29,,8.0,,2023,3,1
377.95,,75.48,,45.3,,2022,1,1
250.86,,71.28,,39.06,,2021,1,0
405.41,,67.8,,21.67,,2024,1,1
386.42,,65.91,,143.41,,2024,0,0
443.6,,102.66,,49.61,,2024,2,0
338.74,,56.59,,11.68,,2020,1,0
297.19,,57.54,,19.99,,2022,2,0
389.28,,74.45,,30.46,,2018,1,1
400.91,,74.03,,33.11,,2022,1,0
385.16,,76.26,,13.54,,2019,0,1
381.14,,63.25,,12.05,,2020,0,1
321.22,,61.74,,14.95,,2021,3,0
372.36,,69.15,,138.87,,2024,1,0
360.84,,81.08,,18.71,,2019,2,0
439.0,,61.82,,19.68,,2024,0,0
400.86,,73.51,,53.5,,2022,0,0
364.71,,66.88,,8.0,,2019,2,1
474.81,,56.76,,43.28,,2024,1,1
365.21,,59.19,,46.07,,2018,2,0
410.68,,81.1,,8.0,,2020,3,0
370.82,,65.96,,8.85,,2020,0,0
469.71,,84.44,,26.39,,2024,1,0
384.78,,71.63,,75.78,,2021,3,1
386.4,,58.32,,55.36,,2024,1,0
372.31,,76.77,,86.82,,2018,0,1
390.81,,63.99,,79.96,,2024,2,0
445.97,,68.23,,30.09,,2024,1,1
426.52,,83.33,,40.89,,2022,1,1
381.54,,59.1,,106.5,,2020,1,0
473.57,,67.5,,56.75,,2020,1,1
428.01,,61.16,,18.6,,2020,3,0
355.9,,60.1,,18.12,,2023,1,1
304.08,,67.27,,19.18,,2021,0,1
357.17,,63.42,,28.71,,2018,1,1
402.73,,69.26,,18.91,,2021,3,0
412.85,,78.39,,8.72,,2022,0,1
454.75,,64.49,,37.95,,2019,1,0
319.8,,57.32,,85.43,,2022,0,0
355.85,,78.41,,28.49,,2023,0,0
315.23,,64.42,,10.39,,2022,1,0
306.37,,90.28,,70.43,,2021,0,1
345.47,,67.91,,59.2,,2021,0,0
400.16,,70.64,,50.6,,2022,1,1
422.43,,48.96,,47.17,,2024,0,1
327.84,,60.38,,64.03,,2018,1,0
335.49,,49.21,,74.49,,2021,1,0
282.11,,74.94,,95.96,,2024,1,1
391.79,,71.18,,39.54,,2024,3,1
339.73,,78.3,,21.01,,2020,2,0
471.47,,80.07,,8.0,,2021,1,0
402.54,,81.61,,53.83,,2018,0,1
370.57,,69.75,,8.0,,2023,3,0
344.74,,72.85,,85.21,,2019,1,0
297.79,,77.79,,21.87,,2021,1,0
304.77,,64.05,,87.72,,2024,1,0
345.78,,62.62,,30.69,,2020,3,0
341.56,,87.4,,25.38,,2021,3,1
325.05,,53.94,,18.98,,2024,0,1
400.74,,77.0,,8.0,,2023,3,1
408.28,,75.41,,8.0,,2023,4,0
354.78,,60.77,,29.85,,2024,2,0
486.43,,65.32,,97.18,,2024,0,0
283.93,,68.43,,37.05,,2021,1,1
383.2,,74.17,,83.3,,2021,2,0
367.98,,75.52,,240.0,,2019,0,0
349.71,,71.69,,8.26,,2021,1,0
341.63,,73.88,,45.26,,2023,1,0
379.62,,78.59,,22.66,,2021,1,0
367.6,,78.13,,9.84,,2024,1,0
358.45,,87.34,,11.58,,2022,2,0
308.57,,82.43,,11.78,,2021,1,1
291.0,,72.18,,54.94,,2022,0,1
364.13,,78.41,,18.42,,2023,1,1
357.88,,76.24,,12.41,,2021,2,1
369.16,,73.64,,91.19,,2023,2,1
374.03,,63.31,,8.0,,2022,1,1
351.26,,73.62,,55.88,,2024,0,1
368.32,,51.35,,135.78,,2020,4,1
333.06,,82.72,,41.27,,2021,4,1
463.82,,75.5,,33.37,,2022,0,1
336.01,,70.41,,8.0,,2023,2,0
359.6,,67.79,,29.36,,2020,2,0
340.19,,78.55,,18.84,,2024,0,1
339.27,,90.38,,63.23,,2018,2,0
381.36,,75.75,,70.15,,2018,0,0
374.38,,91.02,,8.0,,2022,0,1
354.73,,79.84,,31.02,,2024,3,1
364.41,,63.95,,82.56,,2020,2,0
340.41,,76.88,,41.14,,2022,0,0
402.09,,75.9,,27.54,,2022,0,0
493.04,,63.94,,95.9,,2023,1,0
331.88,,67.92,,142.63,,2020,3,0
401.67,,67.72,,11.27,,2022,1,1
382.47,,73.0,,8.48,,2024,1,0
416.77,,69.2,,84.05,,2019,1,1
418.32,,74.69,,11.69,,2024,1,1
391.3,,76.31,,79.08,,2020,5,1
377.81,,84.68,,15.05,,2019,1,1
356.11,,77.49,,8.0,,2021,0,0
337.93,,64.98,,23.02,,2022,3,0
374.67,,93.11,,8.0,,2021,1,1
309.35,,65.05,,9.79,,2020,3,0
347.34,,68.12,,27.41,,2022,0,0
440.88,,77.97,,8.0,,2018,2,0
385.42,,100.95,,8.0,,2018,1,0
429.1,,76.02,,8.0,,2024,0,1
460.83,,65.58,,26.09,,2022,1,0
370.26,,55.61,,153.31,,2021,2,1
391.4,,54.94,,8.0,,2022,0,1
363.4,,72.11,,40.86,,2022,2,0
335.31,,77.45,,28.87,,2020,5,1
327.59,,57.8,,8.0,,2023,1,1
426.37,,74.22,,8.0,,2021,0,0
391.47,,58.86,,10.53,,2022,0,0
481.56,,62.76,,48.48,,2020,0,0
433.46,,78.32,,137.78,,2018,0,0
339.78,,64.52,,34.11,,2020,1,1
426.22,,85.1,,8.0,,2021,2,1
363.22,,66.16,,12.53,,2020,1,0
446.93,,83.09,,119.82,,2023,1,0
353.25,,94.65,,8.0,,2020,1,0
322.12,,64.54,,38.72,,2024,1,0
336.23,,96.66,,8.28,,2023,1,1
339.04,,72.13,,8.0,,2021,0,0
333.79,,65.67,,12.33,,2022,0,0
348.51,,69.04,,116.11,,2023,0,0
427.12,,67.97,,60.25,,2022,1,1
478.78,,86.02,,8.0,,2019,2,0
306.84,,85.18,,8.0,,2021,4,0
449.49,,85.06,,28.54,,2022,3,1
353.73,,59.01,,8.0,,2024,1,1
399.13,,73.89,,21.74,,2019,1,1
289.02,,56.5,,67.65,,2020,0,0
408.82,,82.11,,29.17,,2024,1,0
269.71,,67.16,,95.4,,2021,0,0
397.27,,77.03,,65.8,,2021,4,0
394.15,,66.98,,34.03,,2023,0,0
390.51,,54.44,,65.63,,2021,0,1
339.58,,80.85,,8.0,,2020,1,1
410.22,,81.62,,9.44,,2024,2,1
401.51,,73.39,,50.63,,2022,2,1
368.45,,50.89,,8.0,,2021,1,1
416.95,,79.5,,8.0,,2023,0,1
374.74,,64.62,,20.1,,2019,1,1
409.08,,77.17,,84.76,,2024,1,0
373.08,,67.09,,166.13,,2024,2,0
391.92,,68.12,,44.07,,2021,0,1
411.61,,76.98,,126.05,,2020,0,1
358.11,,63.79,,79.03,,2024,0,0
312.14,,70.33,,9.45,,2024,2,0
395.18,,77.1,,21.73,,2018,0,0
445.42,,93.66,,41.06,,2024,1,1
396.45,,71.26,,8.0,,2021,0,0
397.5,,80.39,,15.77,,2024,1,0
377.68,,60.28,,59.31,,2022,0,1
420.65,,88.95,,17.75,,2022,1,0
369.77,,63.92,,109.32,,2022,0,1
355.04,,70.68,,21.93,,2024,5,1
440.79,,77.11,,10.42,,2023,1,1
350.82,,64.2,,9.91,,2021,1,1
428.92,,82.81,,48.81,,2023,0,0
440.83,,65.38,,19.28,,2019,2,1
411.17,,80.31,,11.37,,2021,2,1
311.29,,82.68,,49.72,,2020,0,1
381.49,,77.78,,22.98,,2023,0,0
368.89,,79.08,,78.57,,2022,0,0
352.72,,97.31,,33.44,,2023,1,0
387.85,,76.17,,150.44,,2021,1,0
422.31,,73.1,,19.7,,2024,1,1
354.78,,75.36,,13.92,,2021,1,1
370.57,,84.71,,43.44,,2019,2,0
366.74,,95.29,,51.75,,2021,1,0
444.01,,70.34,,8.0,,2023,2,0
365.86,,62.88,,46.49,,2023,1,0
312.11,,83.63,,8.39,,2020,1,1
293.46,,58.37,,134.02,,2023,1,0
399.95,,74.58,,36.04,,2021,2,0
338.16,,75.05,,8.0,,2020,1,0
416.78,,70.93,,8.0,,2020,1,0
306.78,,71.51,,88.91,,2024,0,0
350.36,,55.48,,79.85,,2020,1,1
306.82,,63.32,,23.91,,2020,1,0
403.9,,81.37,,8.0,,2024,1,0
415.69,,51.59,,20.76,,2021,1,0
398.62,,71.14,,60.03,,2024,1,0
320.27,,68.87,,45.49,,2021,2,1
338.98,,52.08,,84.16,,2023,2,1
392.89,,88.92,,58.43,,2020,1,1
287.17,,61.7,,16.83,,2020,3,0
366.74,,77.49,,17.52,,2024,2,0
463.43,,67.31,,43.82,,2024,2,0
370.1,,63.55,,15.6,,2024,0,0
298.13,,69.64,,84.94,,2024,2,0
346.59,,68.44,,16.68,,2022,0,1
345.31,,70.13,,28.19,,2019,1,0
497.72,,64.13,,8.0,,2021,1,0
471.61,,61.86,,8.0,,2021,1,1
420.2,,82.04,,8.0,,2021,0,0
361.13,,72.07,,17.72,,2024,3,1
446.03,,71.4,,8.0,,2020,1,0
317.66,,63.09,,25.66,,2022,2,1
439.21,,87.74,,13.17,,2024,1,0
431.04,,71.13,,13.36,,2019,1,0
371.68,,53.04,,24.77,,2023,1,0
442.66,,74.76,,80.77,,2023,1,1
355.4,,64.36,,60.24,,2021,1,0
310.42,,81.11,,90.38,,2024,1,0
433.79,,82.38,,194.16,,2021,0,1
375.31,,81.23,,8.0,,2020,3,0
413.1,,67.39,,49.53,,2023,1,1
480.15,,70.87,,8.0,,2021,0,1
340.28,,74.49,,116.0,,2021,0,0
372.11,,80.93,,10.81,,2024,2,0
466.33,,61.62,,18.09,,2021,1,0
416.78,,72.93,,162.36,,2022,0,1
341.51,,90.68,,84.79,,2023,3,1
327.47,,66.65,,8.0,,2022,0,0
350.96,,71.74,,8.0,,2021,2,0
339.39,,98.13,,71.75,,2022,1,0
393.05,,69.59,,8.0,,2021,1,0
384.31,,56.61,,80.17,,2018,3,1
395.36,,71.43,,108.58,,2021,0,1
333.76,,88.73,,8.0,,2022,4,1
376.1,,82.57,,10.44,,2018,2,0
266.94,,62.2,,8.0,,2023,0,0
387.98,,76.15,,8.0,,2018,0,0
444.65,,70.24,,32.08,,2022,0,1
301.64,,80.12,,55.02,,2019,0,0
406.59,,65.85,,27.42,,2024,1,0
346.39,,76.95,,20.48,,2024,0,0
424.14,,91.1,,9.73,,2023,3,0
388.73,,45.88,,11.34,,2019,3,1
402.26,,77.93,,36.68,,2024,2,0
383.57,,85.19,,81.32,,2023,3,0
453.06,,56.44,,21.78,,2024,0,0
399.11,,64.79,,117.9,,2022,3,0
341.2,,68.06,,8.0,,2022,1,0
385.43,,64.69,,74.23,,2022,2,1
359.71,,63.94,,17.37,,2022,0,1
388.93,,68.25,,85.29,,2020,0,0
356.91,,80.52,,105.78,,2024,0,0
342.78,,86.88,,50.62,,2020,4,0
390.96,,85.03,,18.42,,2023,0,1
383.07,,81.94,,25.64,,2024,2,0
438.52,,90.32,,33.7,,2022,2,1
357.18,,92.31,,26.04,,2021,0,1
271.05,,73.66,,65.78,,2018,1,0
359.99,,86.31,,62.01,,2023,0,0
290.55,,76.24,,8.0,,2022,1,0
402.86,,69.84,,8.0,,2023,2,0
287.94,,71.5,,18.98,,2024,3,1
325.64,,82.13,,46.87,,2022,1,0
360.07,,86.66,,10.96,,2023,1,0
464.92,,77.8,,16.37,,2020,2,1
320.99,,68.04,,26.04,,2020,1,1
380.68,,67.11,,37.4,,2022,1,0
411.9,,53.47,,97.47,,2022,0,0
461.62,,75.61,,68.58,,2024,1,1
422.78,,74.93,,18.69,,2022,1,0
440.16,,61.55,,61.36,,2024,2,0
427.54,,76.73,,75.08,,2023,1,0
313.5,,76.56,,31.03,,2024,1,1
399.78,,57.16,,14.74,,2024,2,0
426.68,,68.78,,120.37,,2022,0,1
327.39,,86.09,,137.63,,2018,1,0
348.11,,65.67,,10.68,,2022,2,1
335.82,,72.18,,64.57,,2020,2,0
422.49,,73.6,,8.0,,2023,1,0
376.19,,71.74,,8.0,,2020,0,0
362.35,,78.89,,18.19,,2022,2,1
309.51,,81.35,,26.08,,2018,1,1
376.29,,84.65,,33.2,,2019,2,1
348.78,,68.87,,19.96,,2021,2,1
393.38,,77.24,,8.0,,2023,2,0
317.14,,80.4,,17.76,,2023,2,0
389.78,,70.82,,72.45,,2022,2,0
355.86,,64.81,,17.18,,2020,2,0
311.29,,73.44,,37.68,,2021,1,1
307.0,,65.94,,47.97,,2022,0,1
315.26,,64.96,,55.37,,2024,3,1
368.65,,74.2,,28.12,,2023,1,1
386.65,,70.12,,8.0,,2019,0,0
394.84,,73.76,,96.92,,2024,1,1
396.92,,56.49,,12.66,,2023,1,1
338.28,,70.24,,17.39,,2024,2,1
438.21,,49.4,,62.42,,2023,0,1
355.68,,61.55,,60.56,,2021,0,0
404.76,,71.11,,95.22,,2024,1,0
370.97,,84.13,,8.0,,2022,1,1
400.66,,77.37,,87.17,,2023,1,1
368.21,,72.9,,65.99,,2022,5,1
401.65,,68.23,,31.27,,2024,2,0
379.59,,69.49,,8.0,,2023,1,1
424.76,,85.06,,33.07,,2024,2,0
334.97,,60.94,,9.06,,2021,0,0
282.66,,64.74,,140.75,,2024,2,1
326.47,,82.67,,51.82,,2023,1,0
438.79,,68.56,,38.09,,2021,1,0
371.5,,91.39,,70.5,,2024,1,0
385.06,,78.91,,31.93,,2022,0,0
322.05,,83.55,,8.0,,2021,3,0
383.61,,55.74,,12.59,,2021,1,1
323.75,,82.59,,168.01,,2019,0,0
331.83,,63.51,,79.91,,2019,2,1
357.86,,79.16,,110.18,,2023,2,0
404.48,,68.36,,8.0,,2021,0,0
410.35,,74.23,,11.97,,2022,1,0
411.85,,60.94,,8.0,,2024,1,0
292.66,,54.79,,72.53,,2023,2,0
379.63,,73.51,,8.02,,2024,0,1
369.18,,69.06,,22.16,,2022,1,0
295.73,,63.06,,13.19,,2019,0,0
380.88,,55.18,,111.9,,2021,0,0
366.23,,45.25,,39.37,,2020,3,0
408.13,,77.24,,67.49,,2023,0,0
384.47,,69.45,,38.71,,2022,0,1
349.79,,65.96,,39.82,,2019,1,1
430.92,,74.13,,20.28,,2018,1,0
257.83,,82.14,,11.47,,2019,1,0
376.47,,74.7,,17.99,,2023,1,1
283.02,,67.57,,14.67,,2020,1,0
329.83,,93.32,,49.36,,2023,2,1
408.86,,65.64,,23.06,,2022,1,0
309.92,,57.9,,33.55,,2022,0,0
301.7,,73.0,,61.9,,2020,3,0
511.01,,69.44,,13.02,,2024,1,0
305.24,,81.47,,23.14,,2022,1,0
470.78,,66.74,,30.78,,2022,1,0
370.53,,70.35,,8.0,,2023,1,0
351.13,,63.34,,8.0,,2018,3,1
411.17,,80.08,,8.0,,2022,0,0
453.51,,73.44,,58.61,,2023,0,0
316.97,,69.25,,14.97,,2023,1,0
351.94,,70.5,,23.07,,2020,1,1
426.58,,71.79,,46.86,,2021,1,0
395.84,,57.63,,142.6,,2021,2,1
440.61,,83.63,,69.98,,2024,1,1
408.33,,83.04,,8.0,,2023,3,1
479.45,,72.41,,15.33,,2022,2,0
389.82,,71.34,,8.0,,2020,0,0
392.2,,62.03,,8.0,,2020,1,0
397.69,,89.27,,8.0,,2024,1,1
372.16,,86.85,,16.26,,2022,2,1
426.64,,75.94,,11.06,,2023,0,0
393.04,,80.2,,18.23,,2020,2,0
423.35,,84.3,,72.49,,2023,0,1
431.95,,82.27,,67.11,,2020,3,0
403.57,,63.44,,18.14,,2023,1,1
407.59,,68.89,,45.29,,2024,1,0
324.43,,76.68,,19.58,,2021,1,1
349.73,,74.03,,20.48,,2024,1,0
426.39,,79.53,,47.3,,2022,0,1
458.3,,78.44,,20.37,,2024,1,0
273.28,,74.47,,33.47,,2022,1,0
348.77,,45.96,,8.0,,2020,1,0
381.3,,83.73,,32.51,,2023,3,0
331.64,,80.39,,56.9,,2021,4,1
334.76,,92.69,,92.09,,2019,2,0
406.12,,67.23,,8.0,,2023,2,1
466.98,,53.57,,22.21,,2022,0,0
268.25,,70.2,,27.97,,2024,2,1
370.62,,76.57,,98.78,,2019,1,0
405.48,,67.58,,12.5,,2022,0,0
422.91,,85.72,,8.0,,2020,0,0
397.55,,65.4,,8.0,,2022,0,1
476.88,,70.99,,8.0,,2024,1,1
381.59,,69.54,,85.54,,2024,1,1
452.16,,99.74,,40.62,,2021,1,1
344.45,,62.94,,22.93,,2023,3,0
383.19,,77.84,,84.65,,2020,1,1
313.3,,59.99,,14.86,,2023,1,0
429.55,,75.43,,110.42,,2024,1,1
373.38,,62.46,,59.74,,2022,0,0
399.68,,83.0,,8.0,,2024,3,0
362.76,,81.08,,26.09,,2024,1,1
412.25,,74.72,,77.62,,2023,0,0
401.86,,58.09,,21.19,,2022,2,1
325.29,,71.47,,182.86,,2021,0,0
328.48,,68.96,,78.73,,2023,1,1
378.47,,80.3,,58.74,,2024,3,1
416.28,,62.98,,8.0,,2018,0,1
482.46,,83.55,,8.0,,2021,1,1
396.66,,81.67,,43.05,,2018,1,0
435.41,,58.26,,45.49,,2023,0,0
291.29,,69.8,,8.0,,2020,3,1
490.71,,71.49,,80.8,,2019,0,0
413.31,,82.06,,86.91,,2023,1,0
377.27,,65.13,,22.63,,2022,1,0
370.94,,74.08,,39.3,,2020,1,0
319.1,,82.99,,30.02,,2024,1,0
334.83,,74.51,,8.0,,2022,0,1
485.07,,53.43,,8.0,,2021,4,0
325.6,,67.05,,63.55,,2023,1,0
324.55,,81.04,,28.14,,2018,3,0
341.38,,79.79,,39.64,,2021,1,0
314.1,,49.51,,39.86,,2019,0,0
380.84,,74.01,,20.05,,2023,2,0
439.89,,81.46,,8.0,,2021,1,0
346.42,,77.39,,64.93,,2024,2,0
304.47,,78.54,,26.54,,2022,0,0
396.05,,92.62,,8.0,,2024,0,1
376.93,,71.57,,8.0,,2020,1,0
435.15,,75.05,,8.0,,2023,2,1
355.0,,62.61,,8.0,,2024,2,1
365.69,,65.65,,8.0,,2021,2,0
371.78,,68.68,,11.06,,2020,0,0
384.9,,80.5,,11.92,,2022,0,0
358.41,,64.52,,42.0,,2022,2,0
349.49,,84.35,,11.61,,2022,0,0
278.23,,61.07,,47.07,,2022,0,0
348.9,,78.4,,72.81,,2021,1,0
419.34,,77.52,,20.4,,2022,1,0
426.76,,74.57,,53.22,,2020,0,0
354.09,,81.85,,8.0,,2022,2,0
451.47,,64.57,,16.69,,2022,1,0
378.42,,67.34,,48.2,,2024,0,1
306.42,,62.37,,112.77,,2019,1,1
289.12,,72.09,,40.15,,2023,1,1
447.0,,70.8,,19.0,,2021,2,1
359.48,,80.56,,15.81,,2023,1,0
313.23,,75.87,,20.87,,2024,0,0
255.74,,78.89,,44.44,,2024,0,0
358.24,,70.03,,16.63,,2019,0,1
402.26,,76.06,,26.66,,2024,0,0
341.63,,90.13,,59.76,,2021,0,1
322.07,,58.54,,11.4,,2019,1,0
349.78,,53.61,,52.94,,2020,1,1
448.38,,78.37,,60.19,,2018,0,1
303.39,,63.51,,83.69,,2020,0,0
344.71,,58.18,,8.0,,2022,0,0
446.59,,77.34,,8.0,,2024,3,0
407.18,,61.96,,130.09,,2024,2,1
389.85,,87.39,,8.0,,2022,1,0
344.34,,73.56,,28.11,,2021,2,1
381.68,,69.97,,8.0,,2018,4,1
350.42,,63.78,,70.17,,2019,2,0
332.73,,74.15,,8.0,,2023,1,1
320.6,,56.09,,8.0,,2022,0,0
423.13,,47.32,,29.51,,2019,3,1
376.68,,56.46,,11.43,,2024,5,0
397.3,,83.37,,45.5,,2022,1,1
388.34,,62.76,,48.49,,2024,0,1
404.25,,57.65,,37.04,,2023,1,0
365.99,,71.11,,75.58,,2021,0,0
353.51,,94.25,,50.2,,2023,1,0
335.16,,82.92,,8.72,,2024,3,1
302.23,,64.0,,8.0,,2023,0,0
318.29,,63.82,,57.85,,2021,1,1
359.9,,64.04,,56.58,,2022,1,0
291.83,,62.9,,79.77,,2022,1,1
303.97,,77.44,,9.5,,2021,1,1
437.32,,68.64,,10.61,,2021,0,0
392.33,,60.87,,36.1,,2022,1,1
355.15,,58.64,,8.0,,2021,0,0
504.94,,95.01,,14.76,,2020,1,0
289.35,,79.39,,70.29,,2023,0,1
433.66,,63.44,,17.08,,2021,1,0
373.87,,84.12,,8.0,,2021,2,1
423.18,,60.48,,44.19,,2024,0,1
385.99,,70.63,,8.36,,2023,0,0
277.03,,69.53,,9.15,,2024,1,1
385.25,,73.82,,8.0,,2023,0,0
398.46,,62.58,,36.24,,2021,2,0
259.44,,73.28,,34.66,,2020,2,0
486.92,,54.52,,8.0,,2024,0,0
397.12,,68.23,,8.0,,2022,0,1
416.96,,85.35,,28.35,,2023,3,0
315.9,,82.25,,63.84,,2023,1,1
417.98,,65.04,,129.09,,2020,1,0
439.92,,56.74,,8.0,,2024,1,0
393.95,,50.17,,51.73,,2020,3,0
379.48,,78.17,,8.93,,2023,0,0
330.85,,74.78,,8.0,,2020,0,0
368.11,,75.86,,17.12,,2024,0,1
351.84,,88.91,,35.83,,2021,1,1
411.46,,73.53,,38.63,,2022,1,0
333.26,,74.28,,8.0,,2021,2,0
411.06,,58.03,,110.39,,2024,1,1
333.86,,88.24,,8.0,,2022,0,0
365.57,,70.36,,10.28,,2023,1,1
413.88,,63.83,,23.79,,2020,1,0
341.29,,74.08,,122.32,,2024,0,0
415.78,,92.0,,198.94,,2021,1,0
410.41,,93.35,,8.0,,2019,3,1
365.1,,62.3,,10.68,,2020,1,0
443.9,,83.75,,29.23,,2020,1,0
384.28,,75.36,,49.79,,2019,1,0
440.63,,81.88,,44.91,,2022,1,0
478.64,,74.77,,12.17,,2021,2,0
366.73,,78.15,,9.24,,2022,1,0
415.47,,85.21,,8.0,,2019,0,0
344.93,,54.51,,77.73,,2022,4,0
323.2,,75.6,,20.0,,2023,1,1
369.25,,60.3,,83.9,,2021,0,0
305.06,,67.36,,16.43,,2022,1,1
328.43,,72.01,,59.25,,2021,1,0
412.53,,61.92,,8.0,,2020,3,1
351.75,,66.19,,70.07,,2023,0,1
419.08,,57.99,,93.09,,2024,1,1
396.47,,66.07,,12.92,,2020,0,0
481.81,,77.12,,8.0,,2024,0,0
408.84,,80.65,,9.17,,2022,1,1
441.28,,64.31,,84.98,,2023,3,1
402.1,,85.28,,14.16,,2023,2,0
397.13,,77.77,,11.05,,2024,1,0
444.06,,86.33,,162.02,,2019,1,1
416.78,,54.29,,46.57,,2024,3,1
391.55,,75.11,,74.98,,2024,3,1
391.31,,78.11,,57.73,,2018,1,0
409.6,,54.81,,19.67,,2021,0,0
343.07,,96.14,,83.41,,2022,1,0
340.74,,65.63,,37.26,,2024,3,1
458.4,,77.44,,44.99,,2021,0,1
482.54,,81.27,,16.57,,2018,0,1
328.91,,73.01,,166.82,,2023,2,0
343.21,,85.86,,80.99,,2022,1,0
442.84,,91.95,,8.0,,2023,4,0
409.34,,60.9,,9.58,,2021,6,1
417.2,,73.16,,57.99,,2024,1,0
429.31,,81.16,,8.0,,2021,0,0
366.76,,55.67,,17.16,,2022,2,1
398.15,,82.64,,31.94,,2024,3,1
393.87,,89.07,,9.63,,2020,7,0
332.78,,84.84,,86.72,,2022,1,0
397.33,,76.38,,92.43,,2024,2,0
448.07,,87.39,,132.01,,2023,0,0
361.62,,75.57,,8.0,,2022,0,0
388.39,,58.8,,8.0,,2024,1,1
391.37,,66.78,,34.11,,2022,0,1
364.34,,69.44,,66.04,,2023,1,0
417.23,,71.36,,14.45,,2021,1,0
342.6,,71.06,,11.58,,2019,0,1
453.3,,68.62,,30.63,,2020,2,1
414.44,,74.19,,27.63,,2022,1,0
328.48,,87.04,,27.43,,2024,4,0
473.39,,74.14,,21.83,,2020,1,0
389.25,,78.29,,54.54,,2021,1,0
340.24,,50.06,,40.06,,2021,0,0
440.75,,73.26,,28.1,,2023,0,0
407.21,,82.87,,53.57,,2022,1,0
282.54,,84.47,,12.74,,2022,0,0
351.09,,83.45,,93.41,,2019,0,0
395.35,,75.03,,20.36,,2024,2,0
261.22,,76.14,,16.67,,2024,0,0
384.68,,65.27,,32.82,,2019,2,0
388.69,,80.45,,13.24,,2018,1,0
314.91,,65.33,,13.15,,2021,2,0
394.89,,78.81,,8.0,,2019,0,0
380.41,,72.42,,44.33,,2023,1,0
314.48,,72.15,,102.43,,2020,1,0
430.58,,82.01,,48.55,,2024,0,0
426.08,,77.61,,35.23,,2023,1,0
364.06,,74.83,,52.25,,2022,2,0
369.08,,67.02,,142.58,,2019,0,1
419.94,,88.02,,17.23,,2020,1,0
368.96,,75.33,,23.66,,2019,0,1
273.8,,79.47,,14.16,,2020,2,1
406.78,,72.81,,8.0,,2019,0,0
335.27,,65.06,,17.93,,2021,3,0
358.56,,75.55,,8.0,,2024,2,1
460.18,,66.04,,82.1,,2020,0,1
372.63,,76.38,,52.81,,2021,1,1
380.1,,39.35,,15.22,,2022,2,1
408.03,,67.99,,16.69,,2023,2,0
407.79,,71.86,,35.41,,2020,0,1
329.44,,62.46,,67.19,,2023,2,1
376.68,,75.64,,53.27,,2020,2,0
381.99,,67.78,,8.0,,2023,2,0
394.96,,71.94,,64.62,,2023,5,0
395.91,,66.48,,89.52,,2018,2,1
522.31,,81.72,,8.0,,2024,0,1
315.33,,77.46,,61.74,,2023,0,1
433.91,,74.98,,12.18,,2024,0,0
445.09,,72.62,,8.01,,2021,0,1
407.1,,97.31,,32.97,,2024,1,0
344.23,,70.43,,33.79,,2022,2,0
471.56,,65.03,,26.73,,2020,1,1
259.44,,60.27,,97.47,,2023,3,0
342.42,,81.05,,11.62,,2023,2,0
444.44,,88.31,,38.75,,2024,1,0
359.64,,63.52,,22.15,,2021,2,0
467.81,,69.15,,86.93,,2023,4,1
296.85,,68.41,,8.0,,2024,2,1
318.83,,70.76,,8.0,,2024,0,0
350.76,,54.32,,206.98,,2024,1,0
402.96,,80.07,,36.16,,2024,1,0
367.79,,83.9,,102.05,,2024,1,0
353.03,,52.95,,22.03,,2021,0,1
458.12,,89.58,,38.94,,2018,0,0
463.24,,88.18,,49.75,,2024,0,1
357.21,,41.3,,179.63,,2023,0,0
285.96,,50.27,,8.0,,2020,0,0
261.34,,70.67,,8.0,,2023,2,1
393.16,,85.16,,31.11,,2021,1,0
416.08,,74.9,,8.0,,2020,0,0
383.46,,72.21,,54.6,,2022,0,1
376.1,,77.74,,196.72,,2018,1,1
335.75,,63.92,,70.07,,2024,1,0
416.02,,84.77,,12.98,,2024,4,0
472.3,,70.96,,67.5,,2023,0,1
258.07,,55.67,,41.52,,2019,1,0
375.74,,64.05,,8.0,,2019,1,0
326.63,,75.69,,35.05,,2023,0,1
298.02,,69.1,,95.38,,2023,2,0
317.85,,68.07,,14.38,,2019,0,0
400.88,,74.03,,45.2,,2022,2,1
402.27,,75.59,,8.0,,2023,0,0
460.32,,59.7,,75.48,,2020,2,1
380.48,,84.23,,9.68,,2020,1,1
283.3,,70.69,,39.4,,2024,1,0
366.9,,76.2,,31.2,,2022,0,1
303.75,,72.97,,33.36,,2021,1,1
313.63,,67.9,,12.29,,2018,1,0
411.93,,81.12,,34.4,,2018,0,0
390.68,,72.81,,38.77,,2021,2,0
412.32,,72.73,,23.28,,2023,1,0
360.34,,47.11,,42.13,,2023,0,0
423.48,,80.2,,8.93,,2020,2,0
357.26,,70.29,,30.18,,2023,1,1
441.42,,79.55,,52.99,,2022,0,1
398.96,,88.45,,19.27,,2023,4,0
368.62,,80.23,,22.24,,2024,0,0
391.67,,72.54,,8.0,,2020,0,0
379.02,,69.14,,40.25,,2022,0,0
467.79,,97.26,,8.0,,2019,1,0
393.5,,76.83,,29.18,,2023,2,0
379.91,,74.1,,9.92,,2021,3,0
366.88,,70.17,,9.06,,2023,2,1
426.38,,63.03,,8.0,,2021,2,1
418.94,,52.49,,18.57,,2020,2,0
364.94,,87.21,,84.86,,2018,0,0
316.44,,64.21,,39.0,,2023,1,0
330.39,,70.1,,63.42,,2024,1,0
369.87,,70.94,,8.0,,2024,0,1
454.19,,86.33,,15.79,,2024,2,0
366.24,,64.34,,20.67,,2023,1,0
347.32,,74.57,,82.58,,2022,1,0
283.16,,77.12,,45.86,,2022,1,0
463.24,,58.16,,28.32,,2023,2,0
411.3,,57.22,,15.01,,2021,2,0
423.78,,64.85,,59.93,,2020,1,0
432.89,,74.44,,92.07,,2019,0,0
370.94,,73.16,,32.32,,2022,1,0
384.65,,70.81,,8.0,,2019,1,0
461.87,,78.52,,13.32,,2022,0,0
389.88,,63.43,,57.53,,2024,0,1
412.31,,70.29,,20.6,,2020,0,1
427.88,,70.86,,41.3,,2019,0,0
415.36,,63.7,,31.22,,2020,3,0
372.95,,95.02,,100.08,,2019,0,0
378.14,,50.4,,15.4,,2021,1,0
422.77,,84.41,,24.81,,2023,1,1
422.68,,80.0,,8.0,,2022,2,1
444.25,,80.08,,68.65,,2023,3,0
410.31,,72.96,,16.56,,2019,0,0
412.81,,85.34,,53.76,,2021,2,1
355.46,,67.52,,8.0,,2022,0,0
348.04,,75.92,,84.87,,2022,3,0
422.93,,72.73,,150.11,,2019,0,0
348.42,,69.68,,26.66,,2019,0,0
378.86,,73.22,,27.68,,2019,0,0
455.85,,62.51,,40.24,,2020,2,1
447.13,,65.36,,155.12,,2018,0,0
396.6,,87.8,,34.35,,2021,1,1
363.71,,100.82,,8.0,,2022,2,1
373.21,,77.2,,34.98,,2022,0,0
427.72,,80.34,,22.81,,2018,2,0
377.99,,74.52,,60.09,,2022,2,0
349.29,,76.55,,15.18,,2024,1,0
446.87,,77.44,,108.49,,2023,2,0
389.99,,82.35,,67.61,,2021,1,0
348.25,,87.37,,16.61,,2022,2,1
406.34,,63.16,,18.22,,2023,2,0
433.42,,100.28,,30.64,,2020,2,0
324.58,,73.38,,8.0,,2019,0,1
368.98,,73.39,,49.21,,2023,1,0
366.43,,67.87,,39.46,,2023,0,0
404.88,,67.91,,16.12,,2022,3,1
414.76,,78.16,,42.68,,2023,0,1
349.67,,78.37,,8.0,,2023,2,1
297.9,,77.65,,127.58,,2023,0,1
436.75,,67.45,,8.0,,2024,3,0
318.4,,44.99,,16.75,,2022,0,1
394.92,,54.04,,148.03,,2019,0,1
372.74,,72.13,,21.34,,2022,2,0
388.93,,75.36,,91.06,,2023,2,0
470.82,,67.8,,8.0,,2021,3,1
547.11,,65.07,,8.0,,2022,1,0
290.16,,74.97,,8.0,,2023,0,0
434.11,,70.92,,150.25,,2023,2,0
371.41,,67.24,,8.0,,2020,4,1
437.63,,55.84,,44.3,,2020,0,0
432.65,,63.56,,24.4,,2022,1,0
457.54,,81.33,,82.82,,2021,0,0
395.67,,62.37,,14.64,,2023,1,0
331.07,,78.64,,8.0,,2019,1,0
431.02,,85.86,,57.99,,2021,2,0
386.49,,64.09,,37.32,,2021,0,1
367.14,,67.55,,23.94,,2022,4,1
353.81,,81.87,,16.38,,2023,3,0
435.35,,84.33,,96.47,,2018,1,0
468.19,,65.55,,8.0,,2020,2,0
314.26,,55.79,,8.0,,2022,2,0
414.21,,84.55,,8.0,,2022,1,0
359.52,,77.84,,8.0,,2024,1,1
299.3,,76.01,,81.77,,2019,2,1
388.12,,81.16,,66.28,,2021,2,0
334.18,,60.15,,8.0,,2023,1,0
293.22,,75.91,,63.56,,2024,1,1
337.0,,69.15,,43.03,,2024,0,1
323.47,,78.03,,20.59,,2021,1,0
344.43,,79.99,,8.0,,2022,0,1
307.08,,81.77,,38.73,,2024,1,0
358.27,,77.99,,76.88,,2024,0,0
340.77,,74.51,,22.93,,2019,0,0
400.66,,74.84,,23.2,,2021,1,0
412.64,,75.67,,73.61,,2023,1,1
394.31,,65.76,,9.93,,2022,1,0
367.05,,68.3,,8.0,,2022,2,1
365.57,,76.02,,49.95,,2022,1,0
333.96,,78.5,,44.88,,2024,1,0
335.29,,65.49,,102.14,,2019,1,1
418.7,,61.23,,17.09,,2020,0,0
283.22,,55.25,,9.48,,2023,3,1
375.56,,59.39,,23.52,,2024,1,1
362.21,,66.6,,20.34,,2024,2,0
412.95,,67.53,,116.85,,2021,2,0
301.62,,69.17,,104.84,,2020,0,0
380.69,,59.95,,23.47,,2021,3,1
398.86,,53.87,,22.34,,2020,0,0
275.24,,73.27,,24.73,,2022,1,1
320.91,,73.27,,55.13,,2021,3,0
374.95,,78.21,,33.54,,2020,4,0
408.28,,80.15,,14.26,,2019,0,0
390.04,,75.92,,61.5,,2021,1,1
410.82,,73.15,,98.35,,2024,1,0
320.63,,80.76,,53.13,,2024,2,0
292.62,,86.24,,9.09,,2022,1,0
384.65,,65.23,,65.9,,2021,1,0
312.39,,79.7,,189.23,,2021,2,0
332.41,,65.76,,48.54,,2018,1,0
431.28,,74.19,,11.74,,2024,1,1
390.4,,82.7,,8.0,,2021,1,0
348.75,,69.26,,20.45,,2021,1,0
341.61,,62.48,,26.68,,2021,0,0
414.15,,67.41,,100.97,,2023,0,1
391.66,,62.47,,40.6,,2023,1,0
313.2,,61.26,,13.89,,2024,1,0
272.87,,84.07,,49.42,,2019,0,0
483.5,,77.32,,8.0,,2024,0,1
312.76,,64.8,,10.08,,2022,1,0
409.02,,62.16,,57.31,,2024,1,1
463.09,,62.85,,14.81,,2023,1,1
388.12,,64.8,,8.0,,2024,0,1
346.98,,83.53,,28.84,,2020,2,0
301.57,,70.9,,45.07,,2022,1,0
300.8,,93.32,,65.35,,2024,3,0
400.72,,71.6,,15.34,,2020,1,1
459.8,,66.24,,23.21,,2023,1,0
358.25,,81.28,,34.15,,2024,2,0
349.44,,55.3,,8.0,,2021,1,0
418.36,,73.88,,9.25,,2022,3,0
342.27,,59.88,,19.36,,2024,1,1
395.1,,50.18,,13.06,,2022,1,0
382.3,,70.82,,26.34,,2022,0,1
357.48,,80.35,,44.18,,2021,2,1
379.15,,74.14,,32.59,,2022,4,0
476.97,,72.94,,62.5,,2021,3,0
413.25,,46.01,,41.35,,2022,0,0
440.09,,70.45,,14.5,,2024,0,0
329.47,,70.55,,8.0,,2024,1,0
440.28,,78.21,,42.87,,2018,1,0
415.15,,61.42,,10.0,,2022,2,1
297.52,,80.3,,16.12,,2024,2,0
409.69,,66.91,,66.6,,2022,4,1
351.77,,69.01,,10.43,,2019,1,1
294.98,,77.28,,32.42,,2018,0,0
387.14,,60.11,,8.0,,2022,0,0
409.65,,80.24,,22.63,,2024,1,0
388.34,,58.45,,164.89,,2024,1,0
374.0,,78.55,,129.67,,2023,1,0
361.82,,69.65,,123.05,,2024,3,0
515.66,,70.46,,37.98,,2019,1,0
314.96,,41.35,,14.66,,2021,0,1
428.01,,66.09,,18.41,,2023,2,0
380.85,,69.9,,9.69,,2024,0,0
333.0,,87.49,,8.0,,2019,1,0
377.34,,71.64,,8.0,,2022,1,1
303.39,,65.47,,26.45,,2023,0,0
347.25,,80.34,,8.0,,2020,3,1
377.42,,66.95,,117.6,,2018,2,1
294.69,,82.32,,34.64,,2018,1,0
407.85,,74.61,,8.0,,2021,1,0
326.99,,63.0,,22.61,,2019,1,0
300.16,,81.38,,19.83,,2022,0,1
320.58,,78.01,,75.77,,2020,0,0
499.68,,80.96,,8.0,,2021,2,0
271.21,,70.18,,23.6,,2021,0,0
403.99,,78.01,,52.18,,2024,1,0
338.66,,91.2,,19.62,,2024,0,1
360.74,,73.71,,18.59,,2023,1,0
413.22,,68.01,,17.48,,2020,4,1
410.52,,87.44,,60.29,,2019,0,0
342.56,,78.67,,8.0,,2021,1,0
305.32,,67.5,,81.6,,2022,0,1
414.22,,89.35,,8.0,,2023,1,1
410.38,,59.97,,16.14,,2018,0,0
364.33,,77.29,,20.69,,2020,0,0
404.31,,83.46,,21.01,,2022,1,1
355.48,,82.72,,8.73,,2021,5,0
334.51,,63.0,,38.82,,2022,1,0
380.22,,59.59,,25.38,,2021,4,0
408.55,,74.3,,35.21,,2022,1,1
397.01,,79.05,,40.08,,2024,0,0
408.0,,61.22,,8.92,,2019,2,0
338.17,,75.02,,106.23,,2021,1,1
467.0,,57.43,,74.45,,2021,2,0
361.17,,82.61,,74.03,,2022,4,0
373.46,,66.29,,31.86,,2024,2,0
307.47,,70.36,,72.03,,2024,2,1
369.34,,80.64,,41.47,,2024,2,0
409.27,,79.71,,25.15,,2020,1,1
421.94,,76.74,,58.64,,2021,0,0
465.91,,82.29,,38.48,,2021,1,0
408.61,,76.09,,8.0,,2022,0,0
395.23,,86.48,,240.0,,2023,1,1
355.45,,54.89,,23.6,,2022,1,1
343.6,,,71404.33,35.62,,2021,0,0
433.36,,70.98,,21.87,,2023,0,0
432.31,,69.81,,8.0,,2022,0,1
320.76,,76.97,,75.42,,2024,0,1
419.77,,74.14,,48.19,,2019,1,1
415.77,,80.25,,74.06,,2023,0,0
318.74,,60.16,,27.78,,2023,2,1
409.73,,94.92,,65.89,,2024,2,0
322.27,,68.09,,67.12,,2024,0,0
246.39,,74.87,,17.22,,2020,0,1
371.19,,69.94,,8.0,,2023,1,0
394.18,,72.81,,82.51,,2023,1,1
373.67,,66.65,,8.57,,2023,0,0
537.69,,74.06,,85.28,,2024,2,1
400.84,,77.8,,40.45,,2019,1,1
388.09,,47.98,,42.3,,2023,3,0
403.63,,68.71,,11.93,,2022,2,1
355.73,,68.33,,21.64,,2018,1,0
431.12,,95.21,,15.71,,2023,0,0
399.86,,80.6,,8.87,,2022,1,1
397.33,,87.0,,54.15,,2023,1,1
345.67,,77.58,,8.0,,2023,3,1
293.96,,72.82,,30.13,,2018,1,0
352.42,,75.64,,32.25,,2023,1,1
395.54,,83.23,,130.61,,2024,1,1
355.54,,89.5,,85.49,,2023,0,0
396.04,,75.02,,28.42,,2024,1,0
367.22,,65.77,,78.08,,2020,0,0
403.68,,81.25,,65.66,,2024,0,0
326.27,,63.47,,8.0,,2024,1,0
390.61,,75.9,,107.22,,2021,1,1
344.75,,78.81,,48.91,,2021,0,0
295.39,,70.92,,46.81,,2023,1,0
370.92,,62.95,,52.5,,2021,3,0
464.5,,67.45,,10.69,,2024,0,1
299.78,,68.84,,8.0,,2021,2,1
386.57,,61.46,,11.08,,2018,2,0
423.87,,68.14,,66.47,,2024,0,1
506.5,,57.48,,38.2,,2018,1,0
352.89,,77.91,,18.83,,2024,0,0
345.24,,75.33,,11.61,,2022,2,0
315.83,,74.66,,67.56,,2022,1,1
442.73,,68.14,,25.71,,2023,1,1
332.29,,69.48,,39.74,,2023,0,0
359.62,,63.71,,8.0,,2021,0,0
278.31,,77.05,,23.6,,2020,0,0
428.62,,58.42,,8.0,,2024,4,1
443.7,,72.84,,65.04,,2024,2,0
426.52,,65.66,,12.04,,2024,0,1
291.71,,89.57,,8.0,,2021,2,0
413.39,,77.27,,109.58,,2022,0,1
288.0,,72.0,,8.0,,2024,1,0
383.19,,60.94,,9.26,,2022,0,0
391.28,,58.36,,11.55,,2023,1,0
397.06,,76.96,,72.68,,2024,2,1
409.41,,89.99,,52.0,,2020,1,0
379.56,,76.09,,143.8,,2023,2,1
272.07,,73.75,,49.85,,2023,2,1
409.43,,73.9,,11.32,,2021,2,0
385.37,,73.03,,8.0,,2024,0,0
330.36,,74.03,,59.14,,2024,0,1
293.68,,65.15,,97.09,,2024,1,1
464.7,,62.26,,101.92,,2022,1,1
447.72,,73.09,,61.93,,2020,0,0
418.83,,86.93,,66.43,,2021,4,0
342.8,,79.77,,45.6,,2023,2,0
241.57,,59.67,,55.91,,2021,3,1
422.06,,69.45,,8.0,,2020,1,0
400.17,,79.29,,16.77,,2024,0,0
359.39,,87.17,,25.73,,2021,0,0
441.86,,89.91,,45.85,,2019,0,0
426.64,,69.89,,22.71,,2022,2,0
389.69,,80.24,,19.74,,2022,3,1
381.93,,74.49,,34.83,,2022,1,1
382.8,,70.8,,21.07,,2022,1,0
417.4,,72.62,,8.0,,2020,1,0
332.84,,72.75,,146.47,,2021,0,1
403.43,,83.75,,109.45,,2022,1,0
329.37,,57.96,,8.0,,2024,0,1
453.51,,76.68,,31.64,,2024,2,0
409.27,,87.39,,52.39,,2019,2,0
342.15,,86.32,,39.53,,2024,0,0
384.43,,77.69,,18.31,,2022,1,0
333.04,,64.43,,68.29,,2022,0,0
462.73,,79.77,,40.06,,2021,1,0
469.26,,85.25,,11.47,,2024,0,0
418.29,,66.85,,39.68,,2022,2,0
465.62,,75.58,,13.49,,2018,2,1
388.35,,69.95,,38.05,,2024,0,0
421.99,,65.86,,60.7,,2024,1,1
447.36,,68.85,,15.13,,2022,1,0
379.68,,73.29,,13.94,,2022,0,0
383.91,,62.82,,54.48,,2018,1,1
431.35,,61.18,,29.82,,2020,3,0
415.56,,63.1,,8.0,,2019,0,0
338.45,,75.28,,33.14,,2023,1,1
259.72,,57.34,,45.71,,2022,1,0
370.35,,49.83,,28.39,,2021,0,0
264.67,,85.73,,41.1,,2024,0,0
325.49,,61.87,,19.06,,2023,0,0
331.91,,70.06,,88.29,,2024,4,0
348.72,,81.22,,11.52,,2021,1,0
425.12,,57.62,,13.88,,2024,1,0
437.07,,57.61,,62.4,,2024,3,0
407.98,,65.67,,8.0,,2024,0,0
414.79,,81.61,,183.64,,2024,1,0
416.09,,71.78,,41.65,,2024,3,0
242.67,,71.92,,69.19,,2024,3,1
380.56,,69.05,,36.83,,2024,0,1
281.19,,77.62,,64.82,,2022,2,0
408.0,,86.32,,23.92,,2020,1,0
264.88,,101.84,,36.11,,2019,1,1
370.08,,70.52,,45.55,,2021,2,1
410.13,,87.26,,97.53,,2024,3,1
318.52,,81.99,,8.0,,2024,3,1
432.89,,74.67,,8.0,,2022,3,0
407.86,,49.9,,49.28,,2022,1,0
400.95,,68.22,,17.73,,2021,0,1
418.39,,68.62,,47.56,,2022,0,0
360.24,,75.59,,10.85,,2022,1,0
388.36,,70.03,,41.56,,2023,0,0
380.55,,66.37,,27.31,,2021,1,0
379.31,,92.3,,8.0,,2022,1,1
343.04,,85.08,,111.35,,2022,0,0
311.66,,51.77,,65.99,,2021,1,1
361.47,,69.19,,63.8,,2023,3,1
358.44,,78.31,,50.14,,2022,1,0
339.48,,85.31,,8.0,,2022,1,0
426.86,,67.8,,29.5,,2020,2,0
315.53,,69.85,,58.39,,2022,1,0
370.57,,72.95,,10.26,,2021,0,0
444.15,,78.62,,40.12,,2024,2,0
430.0,,56.64,,111.38,,2018,0,0
446.9,,51.85,,58.72,,2020,0,0
347.51,,84.55,,33.32,,2023,1,0
423.14,,62.1,,15.58,,2023,1,0
321.54,,93.23,,42.51,,2023,2,0
364.83,,63.36,,52.63,,2018,1,1
370.0,,70.15,,42.65,,2024,0,0
348.33,,75.69,,59.14,,2024,0,1
360.1,,50.68,,13.75,,2023,0,0
352.86,,100.64,,29.77,,2020,1,0
325.97,,68.05,,33.41,,2023,1,1
427.1,,63.61,,8.0,,2021,1,1
369.97,,60.34,,8.16,,2020,1,1
391.08,,75.62,,15.38,,2019,0,1
389.01,,74.91,,8.0,,2018,2,0
383.01,,60.67,,11.17,,2024,0,1
385.1,,58.28,,31.02,,2024,2,0
363.2,,82.55,,32.77,,2018,1,0
458.01,,65.44,,12.05,,2023,1,0
421.84,,54.79,,122.97,,2021,2,0
381.01,,70.52,,26.44,,2020,2,0
355.41,,67.98,,42.59,,2022,2,1
373.46,,91.5,,8.0,,2022,4,1
402.97,,66.78,,21.4,,2020,1,0
462.5,,68.92,,32.81,,2018,0,0
304.48,,74.19,,15.72,,2021,0,0
416.29,,66.29,,8.0,,2022,2,0
441.97,,76.41,,9.43,,2022,0,0
298.23,,61.83,,26.39,,2022,3,0
370.04,,69.61,,8.0,,2021,1,0
321.45,,76.07,,11.22,,2024,1,0
403.68,,83.38,,53.4,,2024,3,0
360.29,,66.14,,10.15,,2021,1,0
372.84,,66.02,,8.0,,2024,4,0
357.39,,87.41,,8.0,,2019,1,0
419.61,,66.48,,188.39,,2018,3,0
392.6,,71.43,,8.0,,2021,0,0
392.7,,89.13,,23.87,,2020,2,1
388.83,,72.67,,30.05,,2023,1,0
411.49,,69.52,,140.3,,2023,3,0
365.59,,70.27,,93.13,,2024,2,0
473.54,,64.6,,11.4,,2023,2,0
312.09,,76.51,,8.0,,2021,2,0
285.07,,62.76,,24.2,,2021,0,0
280.52,,79.79,,8.0,,2019,1,0
265.62,,72.15,,86.05,,2021,1,0
417.02,,74.35,,51.1,,2020,1,0
410.33,,89.3,,120.9,,2024,2,0
446.43,,57.51,,35.39,,2021,0,1
321.88,,72.24,,19.04,,2023,1,0
421.0,,78.38,,29.17,,2023,0,0
383.13,,65.84,,8.0,,2019,0,0
389.16,,81.51,,26.12,,2018,0,0
414.41,,66.55,,240.0,,2022,0,0
338.4,,74.92,,49.26,,2024,1,1
522.3,,70.77,,8.0,,2023,2,0
453.25,,73.62,,54.32,,2024,1,1
350.76,,72.74,,8.0,,2018,0,1
320.01,,71.68,,20.8,,2021,2,0
375.17,,67.27,,64.8,,2019,4,1
390.02,,65.35,,8.0,,2021,3,0
438.61,,75.16,,14.55,,2021,1,0
315.72,,72.53,,9.12,,2024,1,0
395.7,,65.08,,85.72,,2024,2,0
295.9,,75.43,,8.0,,2024,1,0
404.0,,67.37,,32.23,,2018,2,0
374.09,,87.55,,13.52,,2022,1,0
486.52,,96.89,,29.73,,2019,0,0
294.97,,85.89,,8.0,,2024,1,0
455.38,,85.33,,59.52,,2022,1,0
286.29,,80.14,,43.27,,2019,0,1
307.0,,69.9,,8.0,,2024,0,0
287.76,,53.01,,123.82,,2021,2,1
393.77,,61.75,,93.86,,2020,2,0
315.45,,65.23,,14.85,,2022,2,1
305.84,,84.08,,14.5,,2022,1,0
391.15,,74.56,,29.04,,2021,1,1
404.85,,65.4,,40.54,,2023,2,1
382.19,,53.55,,14.45,,2021,1,0
371.08,,95.18,,66.63,,2021,1,0
480.59,,77.33,,8.0,,2023,2,0
388.02,,81.09,,21.3,,2022,0,1
424.31,,66.64,,34.08,,2021,1,1
387.86,,70.61,,67.53,,2024,1,0
319.62,,68.56,,86.28,,2023,2,0
410.24,,72.64,,11.77,,2021,3,0
343.93,,90.46,,11.59,,2024,1,0
375.0,,59.96,,19.29,,2021,1,0
396.8,,71.59,,23.43,,2024,1,1
273.22,,75.61,,79.23,,2024,2,0
291.48,,70.83,,8.0,,2022,3,0
430.02,,81.95,,48.51,,2023,1,1
343.49,,54.64,,10.44,,2022,3,0
346.1,,90.84,,89.9,,2024,3,0
389.15,,58.29,,16.03,,2024,0,0
358.79,,60.7,,32.39,,2023,1,0
402.97,,67.51,,16.76,,2022,0,0
377.19,,65.52,,23.26,,2021,2,0
390.92,,76.25,,31.02,,2024,0,0
341.4,,75.09,,57.81,,2023,1,0
390.65,,73.14,,8.0,,2019,0,0
440.78,,57.82,,18.24,,2023,1,0
348.77,,70.61,,42.87,,2020,2,1
430.34,,72.2,,37.32,,2020,0,0
377.16,,84.32,,63.75,,2024,2,0
420.4,,73.99,,92.35,,2024,0,0
387.08,,75.83,,8.0,,2023,2,1
378.16,,91.62,,52.55,,2022,2,0
399.24,,60.4,,14.03,,2021,0,0
446.75,,68.12,,27.58,,2021,0,1
392.99,,60.64,,41.51,,2021,1,0
406.32,,88.07,,8.0,,2022,0,1
359.73,,88.75,,17.87,,2021,0,0
466.4,,87.29,,156.79,,2020,1,0
415.22,,77.47,,8.0,,2024,3,0
384.27,,75.81,,8.0,,2023,2,0
373.25,,67.42,,76.14,,2023,1,0
433.78,,79.69,,23.66,,2022,0,1
346.66,,59.19,,47.18,,2024,1,0
281.94,,59.15,,15.33,,2020,1,1
383.98,,67.8,,9.29,,2020,2,0
445.45,,90.87,,10.03,,2024,0,0
467.52,,66.87,,9.14,,2024,1,0
374.1,,68.22,,11.91,,2023,2,1
382.4,,74.88,,10.5,,2022,2,0
408.57,,80.99,,70.58,,2024,1,0
365.46,,84.52,,32.01,,2023,1,0
408.4,,60.8,,14.77,,2023,3,0
375.3,,71.03,,17.77,,2023,1,0
435.63,,74.25,,132.94,,2024,1,0
419.76,,75.25,,8.53,,2021,1,1
424.56,,80.66,,91.48,,2021,0,1
368.71,,80.2,,56.06,,2022,0,0
485.93,,72.25,,39.92,,2021,6,1
406.62,,83.52,,41.09,,2019,2,0
393.6,,81.69,,23.09,,2024,2,1
338.15,,80.88,,24.27,,2024,1,0
374.66,,66.71,,66.78,,2018,1,1
386.29,,79.13,,69.94,,2024,0,0
336.68,,84.04,,35.56,,2022,1,1
363.92,,66.86,,61.47,,2022,0,0
370.88,,73.32,,69.76,,2020,1,1
383.08,,87.65,,16.95,,2020,2,0
283.05,,75.96,,41.01,,2021,1,0
372.56,,71.12,,24.04,,2022,0,1
359.25,,86.62,,8.0,,2022,0,0
378.85,,67.3,,43.91,,2021,0,1
436.94,,55.04,,37.19,,2024,1,1
492.88,,64.21,,8.0,,2021,4,0
417.31,,83.36,,8.0,,2020,1,1
312.11,,77.21,,12.06,,2022,0,1
361.0,,72.68,,75.27,,2023,3,1
412.78,,82.61,,8.0,,2021,3,1
406.58,,73.67,,25.91,,2021,3,1
434.3,,69.78,,8.29,,2019,0,0
374.65,,80.35,,12.28,,2019,0,1
360.01,,68.18,,61.71,,2021,0,0
476.38,,76.9,,79.85,,2023,1,0
383.23,,64.05,,36.46,,2022,0,0
324.08,,61.45,,83.56,,2024,5,0
461.13,,63.34,,81.65,,2023,0,1
297.71,,71.74,,10.52,,2023,2,0
187.77,,65.52,,43.5,,2020,1,1
422.32,,65.8,,63.28,,2024,1,1
430.09,,70.47,,34.58,,2018,0,0
402.77,,71.28,,68.83,,2024,0,1
308.36,,56.49,,41.63,,2024,1,0
376.76,,46.78,,14.06,,2021,2,1
364.7,,76.0,,48.6,,2024,0,1
350.45,,73.39,,37.24,,2022,0,1
457.66,,58.3,,41.19,,2024,1,0
322.43,,76.36,,8.0,,2024,0,0
397.39,,76.34,,8.0,,2022,0,1
445.67,,68.98,,70.79,,2023,2,0
400.98,,91.59,,23.7,,2023,0,0
448.26,,84.69,,10.18,,2022,2,0
411.0,,68.01,,8.0,,2020,0,0
403.61,,68.2,,12.81,,2021,1,0
400.18,,57.42,,14.69,,2019,1,1
413.74,,84.25,,171.04,,2022,3,0
358.8,,74.47,,75.55,,2020,4,0
308.4,,80.23,,8.0,,2020,0,1
432.47,,50.66,,57.96,,2019,1,1
443.9,,79.78,,34.86,,2022,1,1
393.86,,66.9,,10.89,,2019,4,0
349.84,,77.84,,57.65,,2023,1,0
294.33,,77.21,,8.0,,2024,1,0
384.72,,71.79,,55.23,,2021,0,0
305.81,,65.03,,94.77,,2024,3,0
298.11,,75.99,,89.98,,2022,1,1
378.86,,63.64,,62.16,,2022,0,0
337.99,,82.51,,114.63,,2024,1,0
398.99,,64.78,,51.61,,2023,2,0
371.24,,72.23,,48.75,,2024,1,0
346.64,,64.54,,8.0,,2024,0,0
286.23,,73.59,,8.04,,2023,1,0
333.09,,61.68,,63.87,,2024,1,1
335.11,,63.91,,240.0,,2019,0,0
312.61,,94.95,,53.45,,2020,2,0
361.9,,80.44,,36.42,,2021,0,0
316.9,,75.69,,8.51,,2023,0,0
370.99,,77.14,,124.1,,2018,2,1
393.22,,75.06,,44.06,,2023,0,1
334.56,,71.11,,28.2,,2023,1,1
403.4,,79.57,,82.99,,2024,1,0
305.13,,63.73,,128.67,,2018,2,1
318.83,,87.96,,19.48,,2023,1,1
373.77,,73.2,,30.46,,2019,0,0
417.79,,80.02,,8.0,,2019,1,1
427.71,,87.73,,135.04,,2024,1,1
468.68,,76.91,,8.0,,2020,2,0
359.29,,63.9,,111.11,,2020,1,1
372.99,,84.2,,8.9,,2024,1,1
323.2,,88.96,,100.57,,2021,1,0
311.04,,52.53,,25.29,,2024,1,0
392.57,,70.98,,37.66,,2023,3,0
337.33,,74.91,,8.0,,2020,1,0
447.78,,69.36,,21.06,,2022,2,1
299.57,,59.54,,28.56,,2023,0,0
406.75,,63.17,,8.0,,2023,0,1
324.68,,53.51,,45.42,,2022,1,1
334.88,,81.55,,76.68,,2021,2,0
409.65,,85.74,,8.0,,2024,1,0
342.83,,85.6,,28.49,,2022,3,0
351.63,,71.7,,8.0,,2023,1,1
335.33,,74.72,,86.77,,2024,1,0
478.18,,82.7,,8.0,,2020,1,0
346.04,,69.67,,8.0,,2022,1,0
382.84,,62.51,,81.89,,2022,1,0
368.89,,66.29,,24.69,,2022,1,0
392.18,,73.76,,8.0,,2020,1,0
346.19,,64.86,,43.84,,2018,1,1
368.96,,76.73,,51.36,,2023,1,0
401.67,,58.45,,35.28,,2023,1,0
332.53,,69.57,,16.95,,2023,3,0
439.91,,76.06,,23.2,,2020,0,0
445.2,,73.33,,130.1,,2021,2,0
413.36,,64.65,,32.1,,2022,1,0
383.84,,79.35,,21.25,,2019,1,1
215.52,,74.62,,51.73,,2020,1,0
403.34,,51.11,,8.0,,2024,0,0
358.48,,76.55,,14.4,,2020,3,1
366.45,,67.78,,10.79,,2020,0,1
275.64,,66.75,,47.87,,2023,3,1
407.15,,63.7,,38.9,,2024,2,1
300.33,,61.97,,59.84,,2024,2,1
386.51,,74.07,,23.37,,2024,2,0
429.76,,77.46,,8.03,,2023,0,0
354.19,,73.53,,8.48,,2024,0,0
446.88,,81.49,,93.58,,2022,5,1
338.92,,77.81,,8.0,,2021,1,0
413.02,,51.93,,37.87,,2023,3,1
308.24,,62.83,,11.07,,2022,0,1
436.71,,83.88,,10.13,,2021,6,1
428.18,,59.31,,8.0,,2022,2,0
405.76,,44.65,,162.82,,2023,1,1
358.37,,90.31,,8.0,,2024,1,1
302.89,,74.97,,8.0,,2024,4,0
358.51,,65.17,,19.08,,2023,1,0
441.07,,63.52,,25.55,,2018,2,0
387.15,,78.29,,126.5,,2022,1,0
294.58,,76.78,,11.63,,2019,1,1
318.14,,75.27,,53.61,,2022,2,0
448.92,,70.11,,44.87,,2021,2,1
406.84,,59.19,,30.61,,2023,1,0
312.13,,71.64,,12.99,,2023,1,0
282.88,,82.65,,8.0,,2020,0,0
345.62,,66.58,,8.16,,2020,2,1
278.18,,78.01,,17.83,,2019,1,0
371.43,,67.95,,8.0,,2023,2,0
514.84,,80.01,,240.0,,2021,1,0
292.17,,62.2,,24.79,,2022,1,1
369.77,,72.14,,32.52,,2022,1,0
452.16,,76.56,,40.25,,2023,1,0
421.2,,65.25,,9.15,,2018,1,0
371.82,,75.63,,27.61,,2021,2,1
371.95,,71.7,,8.0,,2019,0,0
316.42,,71.56,,146.13,,2018,1,0
365.28,,65.22,,26.89,,2019,1,1
393.39,,81.97,,8.0,,2022,2,0
440.78,,62.55,,38.39,,2023,3,0
345.89,,74.8,,8.0,,2022,2,1
369.56,,63.51,,65.54,,2020,2,0
327.79,,71.34,,128.74,,2023,0,1
392.39,,78.43,,104.31,,2020,1,0
423.11,,69.11,,23.45,,2021,0,1
414.63,,41.24,,52.37,,2024,1,1
315.64,,58.55,,8.0,,2024,0,0
388.08,,50.42,,8.0,,2024,1,1
342.75,,72.68,,72.27,,2020,0,0
435.61,,71.95,,49.9,,2023,1,0
371.13,,68.49,,99.78,,2021,1,0
296.43,,65.74,,103.33,,2024,1,0
367.91,,74.21,,17.92,,2022,2,0
405.22,,57.53,,16.11,,2023,1,0
393.42,,81.56,,24.5,,2021,0,0
351.85,,72.75,,46.02,,2019,1,0
347.81,,62.55,,8.0,,2023,1,0
325.69,,67.82,,32.13,,2023,0,0
358.29,,70.69,,8.0,,2024,2,1
332.94,,58.19,,25.16,,2019,0,1
433.35,,78.71,,8.0,,2024,0,1
330.44,,81.65,,34.69,,2024,0,0
386.73,,73.17,,15.85,,2023,0,1
382.99,,81.41,,27.38,,2022,1,0
432.01,,98.5,,132.84,,2021,1,1
439.92,,53.22,,17.51,,2019,1,0
418.28,,72.52,,53.36,,2024,2,0
399.41,,58.57,,48.29,,2020,1,1
322.32,,87.61,,85.34,,2021,4,1
321.21,,74.46,,17.1,,2020,1,0
333.49,,65.02,,8.0,,2021,2,0
421.36,,69.4,,148.17,,2021,2,1
384.03,,85.36,,18.9,,2023,0,0
427.78,,76.52,,9.04,,2024,1,1
435.15,,77.79,,103.09,,2019,1,0
340.07,,86.88,,8.88,,2024,1,1
381.76,,81.54,,31.6,,2023,1,1
379.29,,83.24,,59.16,,2020,1,0
361.97,,70.74,,55.15,,2021,2,1
350.58,,49.46,,8.0,,2019,1,0
445.16,,73.04,,9.5,,2022,1,1
382.86,,65.36,,92.13,,2024,2,0
380.72,,79.89,,33.84,,2024,0,0
335.85,,54.3,,48.81,,2024,0,0
417.14,,80.28,,21.62,,2019,0,0
324.72,,73.89,,57.43,,2024,1,1
405.02,,75.54,,14.33,,2018,0,1
406.52,,78.19,,11.09,,2023,2,0
357.31,,71.72,,240.0,,2021,0,0
397.47,,68.67,,8.0,,2022,0,0
390.21,,83.35,,167.26,,2023,0,1
377.84,,77.93,,109.65,,2023,1,0
380.71,,78.89,,52.67,,2021,2,0
383.4,,71.17,,36.63,,2024,1,0
387.15,,73.1,,8.0,,2023,0,0
383.31,,71.87,,42.36,,2024,1,1
319.29,,54.56,,62.17,,2021,0,0
371.63,,58.19,,55.44,,2019,2,1
394.57,,70.77,,8.0,,2021,0,1
385.35,,53.23,,33.03,,2022,0,0
432.46,,70.9,,33.56,,2020,1,1
414.1,,63.06,,44.44,,2022,2,0
332.13,,71.24,,74.66,,2023,0,1
370.84,,73.7,,50.32,,2018,3,1
362.88,,53.42,,8.0,,2022,3,1
379.76,,75.25,,8.0,,2019,0,1
379.84,,67.5,,8.0,,2020,0,0
413.63,,48.77,,8.0,,2021,0,1
389.75,,67.39,,24.11,,2019,2,0
447.68,,75.8,,14.02,,2022,1,0
393.26,,67.94,,8.0,,2023,0,0
334.32,,67.33,,8.0,,2021,2,0
354.3,,73.54,,21.28,,2024,2,1
413.21,,67.21,,118.0,,2023,1,1
291.22,,69.33,,220.87,,2024,1,0
305.98,,58.74,,8.0,,2023,1,0
380.59,,66.82,,74.57,,2022,2,1
432.3,,90.84,,27.49,,2023,3,0
451.89,,73.78,,40.75,,2021,1,0
368.06,,74.69,,29.62,,2018,1,0
438.35,,65.57,,108.52,,2020,2,0
383.97,,68.05,,27.34,,2020,2,0
295.77,,69.72,,8.0,,2022,1,0
379.56,,80.74,,63.57,,2023,1,0
345.96,,83.99,,30.29,,2022,1,0
430.5,,67.46,,8.0,,2019,0,0
378.59,,71.77,,26.0,,2021,5,1
309.71,,69.65,,48.84,,2020,2,0
297.52,,79.62,,14.73,,2019,1,0
378.85,,76.69,,102.06,,2020,1,0
246.89,,71.1,,79.67,,2022,2,1
351.5,,82.1,,35.24,,2023,1,0
392.71,,77.18,,8.0,,2021,0,0
321.86,,64.29,,36.76,,2020,1,0
434.67,,72.08,,22.56,,2022,0,0
445.51,,70.23,,54.08,,2021,1,1
324.08,,62.12,,13.05,,2018,3,1
363.61,,69.75,,39.09,,2024,2,0
434.71,,83.39,,33.95,,2018,1,1
379.93,,82.95,,31.43,,2018,0,0
303.3,,81.13,,8.0,,2021,2,0
372.12,,79.79,,28.27,,2023,1,0
333.09,,74.08,,33.6,,2022,2,0
440.95,,65.99,,110.31,,2022,2,0
413.33,,77.64,,25.95,,2023,0,1
362.74,,55.54,,42.89,,2018,1,0
387.82,,65.28,,35.37,,2024,0,1
308.05,,83.05,,9.12,,2022,0,0
338.54,,67.08,,8.56,,2024,1,0
465.43,,78.4,,56.48,,2022,2,0
382.94,,68.37,,31.1,,2022,2,0
431.15,,77.5,,95.07,,2020,0,0
392.76,,56.6,,100.28,,2021,0,0
452.29,,84.72,,14.81,,2020,0,0
270.06,,60.84,,8.0,,2024,0,0
369.65,,58.38,,17.71,,2021,0,1
470.46,,84.18,,8.0,,2021,2,0
432.59,,71.97,,63.83,,2020,4,0
452.9,,68.94,,8.0,,2024,1,1
379.63,,87.68,,84.53,,2022,2,1
350.46,,79.31,,22.54,,2022,0,0
323.51,,67.5,,13.72,,2020,0,0
319.67,,70.66,,29.24,,2023,0,1
424.39,,82.74,,39.06,,2023,0,0
408.23,,62.36,,50.78,,2024,1,0
376.34,,86.43,,17.34,,2021,1,0
407.95,,67.57,,171.06,,2024,3,1
387.83,,63.29,,23.04,,2022,0,1
432.92,,82.87,,75.54,,2020,1,1
432.4,,79.35,,8.0,,2023,1,1
321.38,,54.23,,63.21,,2018,3,0
395.05,,70.93,,33.66,,2024,1,0
288.21,,60.95,,42.87,,2019,0,0
387.32,,79.98,,19.6,,2021,0,1
413.24,,89.2,,33.06,,2020,3,1
307.75,,77.38,,113.04,,2022,3,0
357.09,,64.4,,20.49,,2024,3,0
380.52,,80.9,,8.0,,2020,1,0
392.87,,71.5,,53.54,,2019,1,0
364.68,,71.26,,29.55,,2020,2,0
315.52,,67.15,,23.24,,2024,1,0
377.03,,73.05,,63.18,,2021,0,1
289.13,,71.29,,34.69,,2023,1,0
367.2,,47.96,,41.92,,2021,1,0
355.72,,72.26,,109.4,,2023,3,1
372.62,,70.62,,8.0,,2023,3,0
349.24,,75.47,,12.78,,2024,0,0
297.08,,51.93,,95.97,,2021,1,0
359.85,,77.12,,66.1,,2021,0,1
431.2,,72.29,,8.78,,2023,1,1
449.38,,76.95,,8.0,,2020,1,1
514.16,,55.71,,73.24,,2023,0,0
473.04,,59.65,,33.81,,2023,4,1
314.17,,53.25,,82.68,,2024,2,0
357.54,,73.46,,104.88,,2023,0,0
378.75,,68.55,,8.0,,2020,3,0
375.29,,70.56,,146.97,,2021,3,1
383.82,,58.08,,52.94,,2019,2,0
512.42,,59.9,,75.54,,2023,1,0
320.49,,47.04,,41.8,,2023,1,0
340.76,,58.54,,15.29,,2022,1,1
470.41,,65.5,,38.42,,2024,0,1
346.12,,66.02,,30.47,,2021,1,0
401.65,,71.32,,112.95,,2024,0,0
436.91,,79.62,,34.01,,2020,0,1
406.76,,65.11,,8.0,,2024,1,0
390.55,,76.89,,48.66,,2021,3,1
431.62,,79.78,,8.0,,2024,0,1
330.88,,83.5,,121.06,,2019,1,0
352.7,,76.9,,28.0,,2022,0,0
409.46,,72.73,,144.57,,2024,1,0
266.18,,61.2,,8.0,,2021,0,0
457.91,,74.73,,31.97,,2023,2,0
396.69,,68.24,,10.77,,2022,0,0
388.42,,85.76,,43.0,,2023,4,0
290.32,,72.91,,28.96,,2022,3,0
309.24,,70.4,,35.07,,2022,1,1
358.08,,86.16,,18.72,,2022,0,0
424.41,,67.18,,8.0,,2020,2,0
265.79,,71.97,,8.0,,2018,2,0
423.36,,92.09,,82.15,,2023,1,0
360.2,,74.66,,50.96,,2023,1,0
367.71,,83.25,,61.62,,2023,0,1
393.95,,87.04,,8.0,,2024,3,1
394.81,,66.48,,8.0,,2020,0,0
340.82,,81.09,,8.0,,2024,2,0
414.37,,68.67,,30.99,,2020,2,1
252.43,,92.4,,29.19,,2022,1,0
355.23,,86.44,,8.0,,2021,1,0
388.45,,79.43,,17.88,,2020,1,0
361.03,,82.45,,31.73,,2019,0,0
279.52,,65.04,,47.31,,2021,1,1
421.69,,89.18,,69.75,,2024,2,0
311.34,,62.96,,43.07,,2022,1,0
376.29,,76.07,,8.0,,2018,2,1
388.42,,64.86,,37.05,,2023,1,0
381.09,,80.6,,8.0,,2020,0,0
444.3,,89.45,,34.95,,2019,1,0
377.07,,76.52,,19.81,,2023,2,1
403.51,,75.15,,14.17,,2022,1,1
376.93,,70.86,,27.6,,2024,1,0
413.71,,73.0,,20.18,,2023,2,0
456.64,,68.64,,74.49,,2021,4,1
387.56,,88.33,,10.79,,2024,0,0
423.0,,79.94,,8.0,,2024,1,0
460.04,,68.53,,76.18,,2021,4,1
454.65,,72.6,,11.72,,2021,0,0
358.81,,101.16,,8.0,,2022,2,0
437.0,,74.72,,20.55,,2022,4,0
393.68,,86.53,,71.8,,2022,2,0
441.45,,66.23,,23.75,,2020,2,1
411.27,,76.74,,26.67,,2019,0,0
395.16,,65.76,,8.0,,2022,0,0
403.87,,66.65,,52.14,,2023,0,1
394.04,,79.94,,17.69,,2024,2,0
396.19,,63.04,,54.78,,2022,1,0
371.26,,60.08,,22.23,,2020,0,1
366.16,,78.85,,31.43,,2021,2,1
476.97,,67.12,,37.39,,2019,1,0
406.26,,69.2,,9.21,,2018,1,1
348.47,,53.99,,14.62,,2022,0,0
364.74,,59.31,,37.0,,2023,3,0
438.09,,74.21,,72.71,,2024,2,0
339.51,,69.66,,136.74,,2023,1,0
298.49,,81.09,,31.19,,2020,0,0
302.54,,63.0,,8.0,,2024,0,0
284.91,,70.34,,131.2,,2024,0,0
308.57,,72.46,,22.93,,2022,0,1
315.05,,69.96,,8.0,,2022,3,0
456.19,,77.98,,150.48,,2022,0,1
377.46,,61.14,,13.83,,2022,2,1
360.02,,77.12,,44.92,,2021,3,1
300.61,,83.39,,8.0,,2024,0,0
372.13,,63.77,,53.4,,2024,1,0
284.45,,76.01,,157.2,,2021,0,1
359.68,,75.57,,176.55,,2023,2,0
493.55,,77.89,,8.0,,2019,0,0
416.51,,72.01,,61.49,,2023,2,0
368.46,,86.18,,45.84,,2024,1,0
418.4,,93.1,,67.91,,2022,2,1
351.32,,78.25,,17.02,,2019,1,0
335.96,,75.14,,21.58,,2022,1,1
473.73,,72.14,,17.57,,2019,1,1
317.17,,58.86,,61.1,,2024,2,0
360.52,,57.73,,69.55,,2022,2,1
396.83,,60.46,,12.04,,2024,1,0
328.51,,74.66,,35.72,,2021,2,1
415.78,,70.07,,8.0,,2021,0,1
363.14,,87.27,,8.0,,2024,0,0
416.52,,46.95,,39.56,,2024,2,0
412.23,,72.41,,77.02,,2019,0,0
366.63,,76.33,,99.56,,2024,0,0
474.09,,80.98,,40.68,,2024,2,1
343.41,,73.43,,69.46,,2022,1,0
454.19,,75.65,,21.75,,2024,0,0
444.62,,73.76,,87.45,,2022,0,0
477.4,,76.4,,62.6,,2019,0,1
389.57,,71.81,,15.5,,2022,0,0
336.63,,93.16,,38.19,,2024,0,1
494.22,,77.78,,8.0,,2022,0,0
361.59,,73.97,,8.0,,2020,0,0
335.26,,64.62,,123.1,,2022,1,1
369.56,,68.58,,8.0,,2019,1,0
326.01,,87.1,,9.54,,2022,1,0
408.94,,47.15,,8.0,,2023,0,1
346.69,,72.57,,50.39,,2023,4,1
364.19,,71.75,,8.0,,2019,1,0
433.23,,77.0,,8.0,,2024,0,0
414.3,,74.65,,111.98,,2024,2,1
380.86,,87.16,,86.59,,2021,1,0
